id,date,latitude,longitude,city,state,address,number_injured,number_killed,child_involved,officer_involved,mass_shooting,accidental,domestic_violence,drive_by,link
3386881,2025-12-31,39.1838,-84.5659,Cincinnati,Ohio,5116 Hawaiian Terrace,1,0,false,false,false,false,false,false,https://www.gunviolencearchive.org/incident/3386881
3384741,2025-12-28,39.1232,-84.4945,Cincinnati,Ohio,Kenton St,1,0,false,false,false,false,false,false,https://www.gunviolencearchive.org/incident/3384741
3382977,2025-12-25,39.1216,-84.5317,Cincinnati,Ohio,Kindel Ave and Central Ave,3,0,true,false,false,false,true,false,https://www.gunviolencearchive.org/incident/3382977
3382120,2025-12-23,39.1277,-84.4857,Cincinnati,Ohio,2610 Park Ave,0,1,false,false,false,false,false,false,https://www.gunviolencearchive.org/incident/3382120
3379459,2025-12-19,39.1272,-84.5991,Cincinnati,Ohio,2300 block of Ferguson Rd,0,1,false,false,false,false,false,false,https://www.gunviolencearchive.org/incident/3379459
3379464,2025-12-18,39.12774052941765,-84.48575898951024,Cincinnati,Ohio,2610 Park Ave,1,0,false,false,false,false,false,false,https://www.gunviolencearchive.org/incident/3379464
3376910,2025-12-16,39.1752,-84.5079,Cincinnati,Ohio,4700 block of Este Ave,1,0,false,false,false,false,false,false,https://www.gunviolencearchive.org/incident/3376910
3376272,2025-12-15,39.1557,-84.5506,Cincinnati,Ohio,1905 Elmore St,1,0,false,false,false,false,false,false,https://www.gunviolencearchive.org/incident/3376272
3372974,2025-12-09,39.1086,-84.5991,Cincinnati,Ohio,4505 1/2 W 8th St,0,1,false,false,false,false,false,false,https://www.gunviolencearchive.org/incident/3372974
3370738,2025-12-07,39.1461,-84.4853,Cincinnati,Ohio,923 Lexington Ave,2,0,true,false,false,false,false,false,https://www.gunviolencearchive.org/incident/3370738
3370247,2025-12-06,39.1955,-84.4902,Cincinnati,Ohio,7455 Este Ave,1,0,false,false,false,false,false,false,https://www.gunviolencearchive.org/incident/3370247
3370182,2025-12-06,39.1456,-84.5774,Cincinnati,Ohio,2459 Westwood Northern Blvd,0,1,false,false,false,false,false,false,https://www.gunviolencearchive.org/incident/3370182
3369643,2025-12-05,39.189,-84.3972,Silverton,Ohio,6700 block of Stoll Ln,1,0,false,false,false,false,true,false,https://www.gunviolencearchive.org/incident/3369643
3370178,2025-12-05,39.2139,-84.4708,Cincinnati,Ohio,70 block of Ferndale Ave,0,1,false,false,false,false,false,false,https://www.gunviolencearchive.org/incident/3370178
3368638,2025-12-03,39.1104,-84.5878,Cincinnati,Ohio,1000 block of Rutledge Ave,2,0,false,false,false,false,false,false,https://www.gunviolencearchive.org/incident/3368638
3367934,2025-12-01,39.235,-84.5354,Cincinnati,Ohio,7800 block of Clovernook Ave,1,0,false,false,false,false,false,false,https://www.gunviolencearchive.org/incident/3367934
3391698,2025-12-01,39.2184,-84.7049,Cincinnati,Ohio,Hamilton Cleves Rd,0,1,false,false,false,false,false,false,https://www.gunviolencearchive.org/incident/3391698
3365573,2025-11-29,39.1412,-84.493,Cincinnati,Ohio,800 block of Blair Ave,1,0,false,false,false,false,false,false,https://www.gunviolencearchive.org/incident/3365573
3361100,2025-11-23,39.1165,-84.52,Cincinnati,Ohio,1905 Elm St,3,0,false,false,false,false,false,false,https://www.gunviolencearchive.org/incident/3361100
3360520,2025-11-21,39.1401,-84.6096,Cincinnati,Ohio,3300 block of Queen City Ave,1,0,false,false,false,false,false,false,https://www.gunviolencearchive.org/incident/3360520
3358841,2025-11-19,39.2149,-84.5915,Cincinnati,Ohio,3300 block of Alexis Rd,1,0,false,false,false,false,false,false,https://www.gunviolencearchive.org/incident/3358841
3356444,2025-11-16,39.216,-84.5302,Cincinnati,Ohio,2475 W Galbraith Rd,1,0,false,false,false,false,false,false,https://www.gunviolencearchive.org/incident/3356444
3354450,2025-11-12,39.264,-84.2772,Loveland,Ohio,Iroquois Dr,1,0,false,false,false,false,true,false,https://www.gunviolencearchive.org/incident/3354450
3350039,2025-11-07,39.1146,-84.5229,Cincinnati,Ohio,Poplar St and Central Ave,0,1,false,false,false,false,false,true,https://www.gunviolencearchive.org/incident/3350039
3350059,2025-11-06,39.185,-84.4106,Cincinnati,Ohio,3700 block of Standish Ave,1,0,false,false,false,false,false,false,https://www.gunviolencearchive.org/incident/3350059
3349363,2025-11-05,39.1312,-84.5686,Cincinnati,Ohio,2500 block of Hansford Pl,0,1,false,false,false,false,false,false,https://www.gunviolencearchive.org/incident/3349363
3346637,2025-11-02,39.1917,-84.4827,Cincinnati,Ohio,6800 block of Vine St,3,0,false,false,false,false,false,false,https://www.gunviolencearchive.org/incident/3346637
3346630,2025-11-02,39.1165,-84.5205,Cincinnati,Ohio,1905 Elm St,4,0,false,false,true,false,false,false,https://www.gunviolencearchive.org/incident/3346630
3347416,2025-10-31,39.1148,-84.5249,Cincinnati,Ohio,500 block of Poplar St,1,0,false,false,false,false,false,false,https://www.gunviolencearchive.org/incident/3347416
3344952,2025-10-31,39.1179,-84.5018,Cincinnati,Ohio,2000 block of Ryan Ave,1,0,false,false,false,false,false,false,https://www.gunviolencearchive.org/incident/3344952
3342913,2025-10-28,39.1503,-84.3851,Cincinnati,Ohio,6000 block of Haley Ave,1,0,false,true,false,false,false,false,https://www.gunviolencearchive.org/incident/3342913
3342915,2025-10-28,39.2183,-84.4802,Cincinnati,Ohio,6600 Leeds Ln E,0,2,false,false,false,false,true,false,https://www.gunviolencearchive.org/incident/3342915
3354430,2025-10-25,39.2497,-84.466,Cincinnati,Ohio,10100 block of Grandview Ave,0,1,false,false,false,false,false,false,https://www.gunviolencearchive.org/incident/3354430
3334197,2025-10-17,39.0996,-84.5078,Cincinnati,Ohio,307 Sycamore St,0,1,false,false,false,false,false,true,https://www.gunviolencearchive.org/incident/3334197
3334735,2025-10-16,39.1558,-84.5483,Cincinnati,Ohio,Borden St and Elmore St,1,0,false,false,false,false,false,false,https://www.gunviolencearchive.org/incident/3334735
3331133,2025-10-14,39.1161,-84.594,Cincinnati,Ohio,Glenway Ave,1,0,false,false,false,false,false,false,https://www.gunviolencearchive.org/incident/3331133
3331131,2025-10-13,39.11494052941765,-84.52735898951025,Cincinnati,Ohio,Poplar St,1,0,false,false,false,false,false,false,https://www.gunviolencearchive.org/incident/3331131
3330420,2025-10-13,39.1399,-84.5756,Cincinnati,Ohio,2800 block of Westknolls Ln,0,1,false,false,false,false,false,false,https://www.gunviolencearchive.org/incident/3330420
3330915,2025-10-13,39.1019,-84.5123,Cincinnati,Ohio,5 Fountain Sq Plz,2,0,false,false,false,false,false,false,https://www.gunviolencearchive.org/incident/3330915
3329718,2025-10-12,39.18474052941765,-84.56355898951026,Cincinnati,Ohio,5000 block of Hawaiian Terrace,0,1,false,false,false,false,false,false,https://www.gunviolencearchive.org/incident/3329718
3344672,2025-10-11,39.147,-84.5413,Cincinnati,Ohio,Spring Grove Ave,1,0,false,false,false,false,false,false,https://www.gunviolencearchive.org/incident/3344672
3329252,2025-10-09,39.1125,-84.5846,Cincinnati,Ohio,Westhaven Ave,1,0,false,false,false,false,false,false,https://www.gunviolencearchive.org/incident/3329252
3325376,2025-10-07,39.1027,-84.5117,Cincinnati,Ohio,E 6th St and Walnut St,1,0,false,false,false,false,false,false,https://www.gunviolencearchive.org/incident/3325376
3324525,2025-10-06,39.1374,-84.49,Cincinnati,Ohio,800 block of Ridgeway Ave,0,1,false,false,false,false,false,false,https://www.gunviolencearchive.org/incident/3324525
3324531,2025-10-04,39.1777,-84.5096,Cincinnati,Ohio,Kings Run Ct,0,1,false,false,false,false,true,false,https://www.gunviolencearchive.org/incident/3324531
3322858,2025-10-04,39.2027,-84.4582,Cincinnati,Ohio,1636 Summit Rd,0,1,false,false,false,false,false,false,https://www.gunviolencearchive.org/incident/3322858
3321918,2025-10-02,39.1406,-84.4981,Cincinnati,Ohio,500 block of Hale Ave,1,0,false,false,false,false,false,false,https://www.gunviolencearchive.org/incident/3321918
3322620,2025-10-02,39.1158,-84.5157,Cincinnati,Ohio,Elder St and E McMicken Ave,2,0,false,false,false,false,false,false,https://www.gunviolencearchive.org/incident/3322620
3321440,2025-10-01,39.1931,-84.3981,Silverton,Ohio,6600 block of S Elwynne Dr,1,0,true,false,false,true,false,false,https://www.gunviolencearchive.org/incident/3321440
3321907,2025-10-01,39.2141,-84.5864,Cincinnati,Ohio,7451 Colerain Ave,0,2,false,false,false,false,false,false,https://www.gunviolencearchive.org/incident/3321907
3317784,2025-09-28,39.0984,-84.514,Cincinnati,Ohio,W 3rd St and Race St,1,0,false,false,false,false,false,false,https://www.gunviolencearchive.org/incident/3317784
3316429,2025-09-26,39.1741,-84.4438,Cincinnati,Ohio,Montgomery Rd and Brewster Ave,0,1,false,false,false,false,false,false,https://www.gunviolencearchive.org/incident/3316429
3312321,2025-09-21,39.1095,-84.4972,Cincinnati,Ohio,1200 block of Louden St,1,0,false,false,false,false,false,false,https://www.gunviolencearchive.org/incident/3312321
3311657,2025-09-20,39.1129,-84.5167,Cincinnati,Ohio,Republic St and Green St,1,0,false,false,false,false,false,false,https://www.gunviolencearchive.org/incident/3311657
3311271,2025-09-19,39.1329,-84.4878,Cincinnati,Ohio,900 block of Foraker Ave,1,0,false,false,false,false,false,false,https://www.gunviolencearchive.org/incident/3311271
3309189,2025-09-16,39.2048,-84.4602,Cincinnati,Ohio,7800 block of Greenland Pl,1,0,false,false,false,false,false,false,https://www.gunviolencearchive.org/incident/3309189
3309182,2025-09-16,39.1148,-84.5143,Cincinnati,Ohio,100 block of E McMicken St,1,1,false,false,false,false,false,true,https://www.gunviolencearchive.org/incident/3309182
3307381,2025-09-13,39.2347,-84.5349,Mount Healthy,Ohio,7800 block of Clovernook Ave,2,0,false,false,false,false,false,false,https://www.gunviolencearchive.org/incident/3307381
3306802,2025-09-13,39.1516,-84.4857,Cincinnati,Ohio,Greenwood Ave and Reading Rd,2,0,false,false,false,false,false,false,https://www.gunviolencearchive.org/incident/3306802
3307389,2025-09-13,39.1531,-84.4899,Cincinnati,Ohio,Greenwood Ave,2,0,false,false,false,false,false,false,https://www.gunviolencearchive.org/incident/3307389
3305031,2025-09-09,39.2178,-84.5495,Cincinnati,Ohio,Hamilton Ave and Lakenoll Dr,0,1,false,false,false,false,false,false,https://www.gunviolencearchive.org/incident/3305031
3303058,2025-09-07,39.1442,-84.559,Cincinnati,Ohio,2000 Westwood Northern Blvd,1,0,false,false,false,false,false,false,https://www.gunviolencearchive.org/incident/3303058
3301898,2025-09-04,39.1039,-84.5648,Cincinnati,Ohio,700 block of Purcell Ave,1,0,false,false,false,false,false,false,https://www.gunviolencearchive.org/incident/3301898
3300961,2025-09-03,39.1789,-84.5105,Cincinnati,Ohio,Craft St and Winneste Ave,0,1,false,false,false,false,false,false,https://www.gunviolencearchive.org/incident/3300961
3298182,2025-08-31,39.0802,-84.3823,Cincinnati,Ohio,1500 block of Beacon St,0,4,false,false,false,false,false,false,https://www.gunviolencearchive.org/incident/3298182
3298441,2025-08-31,39.1496,-84.553,Cincinnati,Ohio,2000 block of Millvale Ct,0,1,false,false,false,false,true,false,https://www.gunviolencearchive.org/incident/3298441
3296947,2025-08-29,39.1064,-84.534,Cincinnati,Ohio,1003 Gest St,0,1,false,false,false,false,false,false,https://www.gunviolencearchive.org/incident/3296947
3295823,2025-08-26,39.1078,-84.5279,Cincinnati,Ohio,Clark St and Linn St,1,0,false,false,false,false,false,false,https://www.gunviolencearchive.org/incident/3295823
3294687,2025-08-24,39.1087,-84.5951,Cincinnati,Ohio,Hermosa Ave and W 8th St,1,0,false,false,false,false,false,false,https://www.gunviolencearchive.org/incident/3294687
3293261,2025-08-24,39.2051,-84.4536,Cincinnati,Ohio,7825 Reading Rd,1,0,false,false,false,false,false,false,https://www.gunviolencearchive.org/incident/3293261
3292443,2025-08-23,39.1983,-84.4578,Cincinnati,Ohio,7532 Reading Rd,2,0,false,false,false,false,false,false,https://www.gunviolencearchive.org/incident/3292443
3292272,2025-08-21,39.2483,-84.4516,Cincinnati,Ohio,1400 block of Chicago Ave,1,0,false,false,false,false,false,false,https://www.gunviolencearchive.org/incident/3292272
3290666,2025-08-19,39.1976,-84.5443,Cincinnati,Ohio,5800 block of Salvia Ave,1,0,false,false,false,false,false,false,https://www.gunviolencearchive.org/incident/3290666
3289460,2025-08-18,39.1123,-84.524,Cincinnati,Ohio,Wade St and John St,1,0,false,false,false,false,false,false,https://www.gunviolencearchive.org/incident/3289460
3288455,2025-08-16,39.2076,-84.5806,Cincinnati,Ohio,2800 block of Geraldine Dr,0,1,false,false,false,false,false,false,https://www.gunviolencearchive.org/incident/3288455
3287246,2025-08-14,39.2106,-84.4665,Cincinnati,Ohio,Kearney St,1,0,false,false,false,false,true,false,https://www.gunviolencearchive.org/incident/3287246
3286342,2025-08-13,39.0992,-84.526,Cincinnati,Ohio,600 block of W Fifth St,1,0,false,false,false,false,false,false,https://www.gunviolencearchive.org/incident/3286342
3285880,2025-08-12,39.103,-84.581,Cincinnati,Ohio,4000 block of Palos St,1,0,false,false,false,true,false,false,https://www.gunviolencearchive.org/incident/3285880
3286365,2025-08-11,39.1588,-84.5678,Cincinnati,Ohio,2600 block of Montana Ave,1,0,false,false,false,false,false,false,https://www.gunviolencearchive.org/incident/3286365
3281239,2025-08-06,39.1144,-84.5162,Cincinnati,Ohio,Vine St and Green St,0,1,false,false,false,false,false,true,https://www.gunviolencearchive.org/incident/3281239
3279854,2025-08-05,39.2042,-84.4548,Cincinnati,Ohio,7751 Reading Rd,1,0,false,false,false,false,false,false,https://www.gunviolencearchive.org/incident/3279854
3280407,2025-08-05,39.12,-84.525,Cincinnati,Ohio,2000 block of Mohawk Pl,0,1,false,false,false,false,false,false,https://www.gunviolencearchive.org/incident/3280407
3279845,2025-08-04,39.1146,-84.5161,Cincinnati,Ohio,1700 block of Vine St,1,0,false,false,false,false,false,false,https://www.gunviolencearchive.org/incident/3279845
3279843,2025-08-04,39.113,-84.5165,Cincinnati,Ohio,1600 block of Republic St,1,0,false,false,false,false,false,false,https://www.gunviolencearchive.org/incident/3279843
3278945,2025-08-04,39.1843,-84.5442,Mount Healthy,Ohio,Ronald Reagan Cross County Hwy and Hamilton Ave,1,0,false,false,false,false,false,true,https://www.gunviolencearchive.org/incident/3278945
3278940,2025-08-02,39.2981,-84.5168,Forest Park,Ohio,Smiley Ave and Hitchcock Dr,0,1,false,false,false,false,false,false,https://www.gunviolencearchive.org/incident/3278940
3277099,2025-08-01,39.1858,-84.5117,Cincinnati,Ohio,Vivian Pl,1,0,false,false,false,false,false,false,https://www.gunviolencearchive.org/incident/3277099
3277663,2025-08-01,39.1779,-84.5459,Cincinnati,Ohio,4700 block of Ashtree Dr,1,0,false,false,false,false,false,false,https://www.gunviolencearchive.org/incident/3277663
3277248,2025-07-31,39.1464,-84.5769,Cincinnati,Ohio,Westwood Northern Blvd,1,0,false,false,false,false,false,false,https://www.gunviolencearchive.org/incident/3277248
3276462,2025-07-31,39.0957,-84.5282,Cincinnati,Ohio,W Mehring Way,1,0,false,false,false,false,true,false,https://www.gunviolencearchive.org/incident/3276462
3275506,2025-07-30,39.1186,-84.5217,Cincinnati,Ohio,Stark St and Dunlap St,1,0,false,false,false,false,false,false,https://www.gunviolencearchive.org/incident/3275506
3275513,2025-07-29,39.2009,-84.4617,Cincinnati,Ohio,1600 block of Summit Rd,1,0,false,false,false,false,false,false,https://www.gunviolencearchive.org/incident/3275513
3271858,2025-07-24,39.1937,-84.5359,Cincinnati,Ohio,1100 block of Groesbeck Rd,1,0,false,false,false,false,false,false,https://www.gunviolencearchive.org/incident/3271858
3271204,2025-07-23,39.12761547208421,-84.48569010890834,Cincinnati,Ohio,2610 Park Ave,1,0,false,false,false,false,false,false,https://www.gunviolencearchive.org/incident/3271204
3270177,2025-07-23,39.1501,-84.4888,Cincinnati,Ohio,Chelfonte Pl,1,0,false,false,false,false,false,false,https://www.gunviolencearchive.org/incident/3270177
3267365,2025-07-21,39.1186,-84.5861,Cincinnati,Ohio,4500 block of Rapid Run Pike,0,1,false,false,false,false,false,false,https://www.gunviolencearchive.org/incident/3267365
3262403,2025-07-13,39.1782,-84.5077,Cincinnati,Ohio,4800 block of Este Ave,1,1,false,false,false,false,false,true,https://www.gunviolencearchive.org/incident/3262403
3261623,2025-07-13,39.1218,-84.5195,Cincinnati,Ohio,2191 Ohio Ave,1,0,false,false,false,false,false,false,https://www.gunviolencearchive.org/incident/3261623
3259150,2025-07-09,39.231,-84.468,Wyoming,Ohio,Burns Ave and Washington Ave,0,1,false,false,false,false,false,false,https://www.gunviolencearchive.org/incident/3259150
3256167,2025-07-08,39.1314,-84.4878,Cincinnati,Ohio,2900 block of Gilbert Ave,2,0,false,false,false,false,false,false,https://www.gunviolencearchive.org/incident/3256167
3256099,2025-07-08,39.114640529417656,-84.51615898951025,Cincinnati,Ohio,1700 block of Vine St,2,0,false,false,false,false,false,false,https://www.gunviolencearchive.org/incident/3256099
3255180,2025-07-07,39.14514052941765,-84.49055898951025,Cincinnati,Ohio,600 block of Hutchins Ave,0,1,false,false,false,false,false,false,https://www.gunviolencearchive.org/incident/3255180
3254189,2025-07-06,39.1072,-84.5283,Cincinnati,Ohio,1027 Linn St,2,0,false,false,false,false,false,false,https://www.gunviolencearchive.org/incident/3254189
3253969,2025-07-05,39.1899,-84.5133,Cincinnati,Ohio,600 block of Dutch Colony Dr,3,0,false,false,false,false,false,false,https://www.gunviolencearchive.org/incident/3253969
3253979,2025-07-05,39.095,-84.5131,Cincinnati,Ohio,166 W Mehring Way,3,0,false,false,false,false,false,false,https://www.gunviolencearchive.org/incident/3253979
3252768,2025-07-04,39.1146,-84.5285,Cincinnati,Ohio,835 Poplar St,1,0,false,false,false,false,false,false,https://www.gunviolencearchive.org/incident/3252768
3252532,2025-07-03,39.1132,-84.6087,Cincinnati,Ohio,Woodbriar Ln,1,0,true,false,false,true,false,false,https://www.gunviolencearchive.org/incident/3252532
3250920,2025-07-01,39.1233,-84.501,Cincinnati,Ohio,2330 Reading Rd,1,1,false,false,false,false,false,false,https://www.gunviolencearchive.org/incident/3250920
3250927,2025-07-01,39.14424052941765,-84.55905898951025,Cincinnati,Ohio,2000 Westwood Northern Blvd,1,0,false,false,false,false,false,false,https://www.gunviolencearchive.org/incident/3250927
3250929,2025-06-30,39.1192,-84.5233,Cincinnati,Ohio,226 Stark St,2,0,false,false,false,false,false,true,https://www.gunviolencearchive.org/incident/3250929
3250933,2025-06-30,39.1845,-84.5137,Cincinnati,Ohio,Vivian Pl and Winneste Ave,1,0,false,false,false,false,false,false,https://www.gunviolencearchive.org/incident/3250933
3249089,2025-06-29,39.1036,-84.5105,Cincinnati,Ohio,625 Main St,1,0,false,false,false,false,false,true,https://www.gunviolencearchive.org/incident/3249089
3249066,2025-06-28,39.1345,-84.4861,Cincinnati,Ohio,3000 block of Gilbert Ave,0,1,false,false,false,true,false,false,https://www.gunviolencearchive.org/incident/3249066
3247926,2025-06-28,39.162,-84.5072,Cincinnati,Ohio,110 W Mitchell Ave,2,0,false,false,false,false,false,false,https://www.gunviolencearchive.org/incident/3247926
3244760,2025-06-24,39.23504052941765,-84.53545898951025,Cincinnati,Ohio,7800 block of Clovernook Ave,1,0,false,false,false,false,false,false,https://www.gunviolencearchive.org/incident/3244760
3243550,2025-06-23,39.1029,-84.5114,Cincinnati,Ohio,637 Walnut St,1,0,false,false,false,false,false,false,https://www.gunviolencearchive.org/incident/3243550
3243545,2025-06-22,39.1048,-84.5121,Cincinnati,Ohio,800 block of Walnut St,1,0,false,false,false,false,false,false,https://www.gunviolencearchive.org/incident/3243545
3242541,2025-06-22,39.2115,-84.447,Reading,Ohio,2000 block of E Galbraith Rd,1,0,false,false,false,false,true,false,https://www.gunviolencearchive.org/incident/3242541
3243554,2025-06-22,39.2916,-84.5231,Cincinnati,Ohio,1185 Kemper Meadow Dr,1,0,false,false,false,false,false,false,https://www.gunviolencearchive.org/incident/3243554
3242519,2025-06-22,39.0997,-84.5058,Cincinnati,Ohio,Walnut St and E 3rd St,1,0,false,false,false,false,false,false,https://www.gunviolencearchive.org/incident/3242519
3242324,2025-06-21,39.13,-84.4975,Cincinnati,Ohio,800 block of Oak St,1,0,false,false,false,false,false,false,https://www.gunviolencearchive.org/incident/3242324
3241603,2025-06-19,39.1097,-84.5149,Cincinnati,Ohio,1300 block of Vine St,0,1,false,false,false,false,false,false,https://www.gunviolencearchive.org/incident/3241603
3239368,2025-06-17,39.150140529417655,-84.48885898951025,Cincinnati,Ohio,Chalfonte Pl,1,0,false,false,false,false,false,false,https://www.gunviolencearchive.org/incident/3239368
3239047,2025-06-15,39.244,-84.5472,Cincinnati,Ohio,Meredith Dr and Hamilton Ave,1,0,false,false,false,false,false,false,https://www.gunviolencearchive.org/incident/3239047
3234058,2025-06-15,39.1856,-84.4562,Cincinnati,Ohio,2026 Seymour Ave,1,0,false,false,false,false,false,false,https://www.gunviolencearchive.org/incident/3234058
3234052,2025-06-14,39.1326,-84.4916,Cincinnati,Ohio,800 block of Lincoln Ave,1,1,false,false,false,false,false,false,https://www.gunviolencearchive.org/incident/3234052
3233285,2025-06-13,39.1383,-84.4967,Cincinnati,Ohio,Alameda Pl and Ridgeway Ave,1,0,false,false,false,false,false,false,https://www.gunviolencearchive.org/incident/3233285
3233281,2025-06-13,39.1558,-84.543,Cincinnati,Ohio,1700 block of Elmore St,0,1,false,false,false,false,false,false,https://www.gunviolencearchive.org/incident/3233281
3231920,2025-06-11,39.1095,-84.4265,Cincinnati,Ohio,4300 block of Eastern Avenue,1,0,false,false,false,false,false,false,https://www.gunviolencearchive.org/incident/3231920
3231912,2025-06-11,39.1129,-84.514,Cincinnati,Ohio,1600 block of Walnut St,1,1,false,false,false,false,false,false,https://www.gunviolencearchive.org/incident/3231912
3231087,2025-06-11,39.1283,-84.5174,Cincinnati,Ohio,249 Calhoun St,0,1,false,false,false,false,false,false,https://www.gunviolencearchive.org/incident/3231087
3229995,2025-06-10,39.2991,-84.5591,Cincinnati,Ohio,11000 block of Brookway Dr,0,1,false,false,false,false,false,false,https://www.gunviolencearchive.org/incident/3229995
3228898,2025-06-09,39.1916,-84.5125,Cincinnati,Ohio,Gardenhill Ln,2,0,false,false,false,false,false,false,https://www.gunviolencearchive.org/incident/3228898
3228819,2025-06-09,39.14411547208421,-84.55899010890835,Cincinnati,Ohio,2000 block of Westwood Northern Blvd,2,1,false,false,false,false,false,false,https://www.gunviolencearchive.org/incident/3228819
3227954,2025-06-07,39.1433,-84.4794,Cincinnati,Ohio,1500 block of Jonathan Ave,0,1,false,false,false,false,false,false,https://www.gunviolencearchive.org/incident/3227954
3227959,2025-06-06,39.11044052941765,-84.58785898951025,Cincinnati,Ohio,1000 block of Rutledge Ave,1,0,false,false,false,true,false,false,https://www.gunviolencearchive.org/incident/3227959
3227513,2025-06-06,39.107,-84.5261,Cincinnati,Ohio,700 block of Chestnut St,1,0,false,false,false,false,false,false,https://www.gunviolencearchive.org/incident/3227513
3226310,2025-06-05,39.2405,-84.4593,Cincinnati,Ohio,900 block of Byrd Ave,0,1,false,false,false,false,true,false,https://www.gunviolencearchive.org/incident/3226310
3226305,2025-06-05,39.113,-84.5147,Cincinnati,Ohio,30 E Liberty St,0,1,false,false,false,false,false,false,https://www.gunviolencearchive.org/incident/3226305
3225050,2025-06-03,39.2279,-84.5369,Mount Healthy,Ohio,Angela Ave and Clovernook Ave,1,0,false,false,false,false,false,false,https://www.gunviolencearchive.org/incident/3225050
3224940,2025-06-03,39.1424,-84.5819,Cincinnati,Ohio,3000 block of Percy Ave,0,1,false,false,false,false,false,true,https://www.gunviolencearchive.org/incident/3224940
3225014,2025-06-03,39.1537,-84.4859,Cincinnati,Ohio,800 block of N Fred Shuttlesworth Cir,1,0,false,false,false,false,false,false,https://www.gunviolencearchive.org/incident/3225014
3223640,2025-06-01,39.1989,-84.4575,Cincinnati,Ohio,7604 Reading Rd,2,0,false,false,false,false,false,false,https://www.gunviolencearchive.org/incident/3223640
3222504,2025-05-31,39.177,-84.4586,Norwood,Ohio,5700 block of Section Ave,2,0,false,false,false,false,false,false,https://www.gunviolencearchive.org/incident/3222504
3222574,2025-05-31,39.1437,-84.4701,Cincinnati,Ohio,Montgomery Rd and Brewster Ave,1,0,false,false,false,false,false,true,https://www.gunviolencearchive.org/incident/3222574
3222512,2025-05-30,39.1576,-84.5617,Cincinnati,Ohio,2500 block of Nottingham Rd,1,0,true,false,false,true,false,false,https://www.gunviolencearchive.org/incident/3222512
3221628,2025-05-30,39.1559,-84.5493,Cincinnati,Ohio,3800 block of Llewellyn Ave,0,1,false,false,false,false,false,false,https://www.gunviolencearchive.org/incident/3221628
3221601,2025-05-30,39.1893,-84.567,Cincinnati,Ohio,5400 block of Bahama Terrace,1,0,false,false,false,false,false,false,https://www.gunviolencearchive.org/incident/3221601
3221591,2025-05-30,39.1782,-84.5105,Cincinnati,Ohio,4800 block of Winneste Ave,1,0,false,false,false,false,false,false,https://www.gunviolencearchive.org/incident/3221591
3221583,2025-05-30,39.1101,-84.5274,Cincinnati,Ohio,1400 block of Linn St,1,0,false,false,false,false,false,false,https://www.gunviolencearchive.org/incident/3221583
3221578,2025-05-30,39.112940529417656,-84.51405898951025,Cincinnati,Ohio,1600 block of Walnut St,1,0,false,false,false,false,false,false,https://www.gunviolencearchive.org/incident/3221578
3221079,2025-05-29,39.1129,-84.5165,Cincinnati,Ohio,Republic St and W Liberty St,2,0,false,false,false,false,false,false,https://www.gunviolencearchive.org/incident/3221079
3221570,2025-05-29,39.14501547208421,-84.49049010890835,Cincinnati,Ohio,800 block of Hutchins Ave,1,0,false,false,false,false,false,false,https://www.gunviolencearchive.org/incident/3221570
3218562,2025-05-26,39.112815472084215,-84.51399010890835,Cincinnati,Ohio,1630 Walnut St,1,0,false,false,false,false,false,true,https://www.gunviolencearchive.org/incident/3218562
3219112,2025-05-26,39.191640529417654,-84.51255898951025,Cincinnati,Ohio,5600 block of Gardenhill Ln,1,0,false,false,false,false,false,false,https://www.gunviolencearchive.org/incident/3219112
3217329,2025-05-24,39.178,-84.511,Cincinnati,Ohio,Kings Run Dr and Winneste Ave,1,0,false,false,false,false,false,false,https://www.gunviolencearchive.org/incident/3217329
3214899,2025-05-21,39.2778,-84.5632,Cincinnati,Ohio,10972 Hamilton Ave,2,0,false,false,false,false,false,true,https://www.gunviolencearchive.org/incident/3214899
3211918,2025-05-17,39.1824,-84.4599,Cincinnati,Ohio,1900 block of Langdon Farm Dr,1,0,false,false,false,false,false,false,https://www.gunviolencearchive.org/incident/3211918
3212420,2025-05-17,39.1141,-84.5105,Cincinnati,Ohio,1700 block of Sycamore St,1,0,false,false,false,false,false,false,https://www.gunviolencearchive.org/incident/3212420
3212335,2025-05-17,39.1883,-84.5693,Cincinnati,Ohio,Colerain Ave,1,0,false,false,false,false,false,false,https://www.gunviolencearchive.org/incident/3212335
3211257,2025-05-16,39.2167,-84.5346,Cincinnati,Ohio,1260 W Galbraith Rd,1,0,false,false,false,false,false,true,https://www.gunviolencearchive.org/incident/3211257
3208884,2025-05-13,39.1891,-84.468,Cincinnati,Ohio,Glenmeadow Ln,1,0,false,false,false,false,false,false,https://www.gunviolencearchive.org/incident/3208884
3204627,2025-05-07,39.1289,-84.4859,Cincinnati,Ohio,1100 block of Yale Ave,1,0,false,false,false,false,false,false,https://www.gunviolencearchive.org/incident/3204627
3202702,2025-05-05,39.1924,-84.4839,Cincinnati,Ohio,120 W 68th St,0,1,false,false,false,false,false,false,https://www.gunviolencearchive.org/incident/3202702
3202722,2025-05-05,39.2797,-84.5055,Cincinnati,Ohio,740 Northland Blvd,0,1,false,false,false,false,false,false,https://www.gunviolencearchive.org/incident/3202722
3201631,2025-05-04,39.2152,-84.4666,Cincinnati,Ohio,8400 block of Woodbine Ave,0,1,false,false,false,false,false,false,https://www.gunviolencearchive.org/incident/3201631
3199690,2025-05-01,39.1096,-84.5553,Cincinnati,Ohio,2500 Warsaw Ave,0,1,false,true,false,false,false,false,https://www.gunviolencearchive.org/incident/3199690
3195840,2025-04-27,39.1306,-84.5102,Cincinnati,Ohio,2700 block of Glendora Ave,1,0,false,false,false,false,false,false,https://www.gunviolencearchive.org/incident/3195840
3195867,2025-04-27,39.1496,-84.3893,Cincinnati,Ohio,4100 block of Homer Ave,0,1,false,false,false,false,false,false,https://www.gunviolencearchive.org/incident/3195867
3195872,2025-04-26,39.1323,-84.4886,Cincinnati,Ohio,Lincoln Ave and Gilbert Ave,2,0,false,false,false,false,false,false,https://www.gunviolencearchive.org/incident/3195872
3192174,2025-04-23,39.0944,-84.5681,Cincinnati,Ohio,251 Mt Echo Park Dr,3,0,false,false,false,false,false,false,https://www.gunviolencearchive.org/incident/3192174
3189496,2025-04-19,39.097,-84.5119,Cincinnati,Ohio,E Freedom Way,1,0,false,false,false,false,false,false,https://www.gunviolencearchive.org/incident/3189496
3189481,2025-04-19,39.1246,-84.5782,Cincinnati,Ohio,1876 Sunset Ave,1,0,true,false,false,true,false,false,https://www.gunviolencearchive.org/incident/3189481
3188445,2025-04-18,39.156,-84.5591,Cincinnati,Ohio,3963 President Dr,1,0,false,false,false,false,false,false,https://www.gunviolencearchive.org/incident/3188445
3188447,2025-04-18,39.1857,-84.4919,Elmwood Place,Ohio,5800 block of Highland Ave,1,0,false,false,false,false,false,false,https://www.gunviolencearchive.org/incident/3188447
3186525,2025-04-16,39.2026,-84.4583,Cincinnati,Ohio,1634 Summit Rd,0,1,false,false,false,false,false,false,https://www.gunviolencearchive.org/incident/3186525
3186533,2025-04-16,39.1487,-84.5969,Cincinnati,Ohio,3400 block of Hazelwood Ave,1,0,false,false,false,false,false,false,https://www.gunviolencearchive.org/incident/3186533
3183813,2025-04-13,39.19,-84.5462,Cincinnati,Ohio,Hamilton Ave,1,0,false,false,false,false,false,false,https://www.gunviolencearchive.org/incident/3183813
3183785,2025-04-12,39.133,-84.5089,Cincinnati,Ohio,2902 Short Vine St,1,1,false,false,false,false,false,false,https://www.gunviolencearchive.org/incident/3183785
3183811,2025-04-12,39.1798,-84.4633,Cincinnati,Ohio,Newfield Ave,1,0,false,false,false,false,false,false,https://www.gunviolencearchive.org/incident/3183811
3182837,2025-04-10,39.1733,-84.5079,Cincinnati,Ohio,4600 block of Kings Run Dr,0,1,false,false,false,false,false,false,https://www.gunviolencearchive.org/incident/3182837
3181051,2025-04-09,39.2278,-84.3831,Blue Ash,Ohio,Edwards Ave and Floral Ave,1,0,false,false,false,false,false,false,https://www.gunviolencearchive.org/incident/3181051
3181035,2025-04-08,39.1496,-84.5926,Cincinnati,Ohio,2872 Montana Ave,1,0,false,false,false,false,false,false,https://www.gunviolencearchive.org/incident/3181035
3177414,2025-04-04,39.107,-84.5633,Cincinnati,Ohio,Considine Ave,1,0,false,false,false,false,false,false,https://www.gunviolencearchive.org/incident/3177414
3175777,2025-04-02,39.1356,-84.4322,Cincinnati,Ohio,Grace Ave,1,0,false,false,false,false,false,false,https://www.gunviolencearchive.org/incident/3175777
3172900,2025-03-29,39.1695,-84.5194,Cincinnati,Ohio,4452 Winton Rd,1,0,false,false,false,false,false,true,https://www.gunviolencearchive.org/incident/3172900
3170753,2025-03-26,39.1858,-84.5114,Cincinnati,Ohio,5000 block of Vivian Pl,1,1,false,false,false,false,false,false,https://www.gunviolencearchive.org/incident/3170753
3170760,2025-03-26,39.1899,-84.5728,Cincinnati,Ohio,2660 W North Bend Rd,1,0,false,false,false,false,false,false,https://www.gunviolencearchive.org/incident/3170760
3167092,2025-03-22,39.1598,-84.4684,Norwood,Ohio,Mills Ave and Lincoln Ave,1,0,false,false,false,false,false,false,https://www.gunviolencearchive.org/incident/3167092
3165521,2025-03-21,39.127782473409326,-84.48561569223835,Cincinnati,Ohio,2610 Park Ave,0,1,false,false,false,false,false,false,https://www.gunviolencearchive.org/incident/3165521
3165538,2025-03-21,39.1881,-84.512,Cincinnati,Ohio,Holland Dr and Strand Ln,1,0,false,false,false,false,false,false,https://www.gunviolencearchive.org/incident/3165538
3164123,2025-03-19,39.2273,-84.4496,Cincinnati,Ohio,I-75 and Shepherd Ln,0,1,false,true,false,false,false,false,https://www.gunviolencearchive.org/incident/3164123
3161345,2025-03-14,39.09504052941765,-84.51315898951025,Cincinnati,Ohio,166 W Mehring Way,1,0,false,false,false,false,false,false,https://www.gunviolencearchive.org/incident/3161345
3159520,2025-03-12,39.1888,-84.4866,Cincinnati,Ohio,400 block of Beech St,1,0,false,false,false,false,false,false,https://www.gunviolencearchive.org/incident/3159520
3159023,2025-03-11,39.2304,-84.4355,Reading,Ohio,S Terrace Dr,2,0,false,false,false,false,false,false,https://www.gunviolencearchive.org/incident/3159023
3156275,2025-03-09,39.10784052941765,-84.52795898951025,Cincinnati,Ohio,Linn St and Clark St,2,0,false,false,false,false,false,false,https://www.gunviolencearchive.org/incident/3156275
3156271,2025-03-09,39.1408,-84.5809,Cincinnati,Ohio,Harrison Ave,1,0,false,false,false,false,false,false,https://www.gunviolencearchive.org/incident/3156271
3155813,2025-03-08,39.1372,-84.5288,Cincinnati,Ohio,688 Riddle Rd,0,1,false,false,false,false,false,false,https://www.gunviolencearchive.org/incident/3155813
3151295,2025-03-02,39.134540529417656,-84.48615898951024,Cincinnati,Ohio,3000 block of Gilbert Ave,1,0,false,true,false,false,false,false,https://www.gunviolencearchive.org/incident/3151295
3150286,2025-02-28,39.1494,-84.3824,Cincinnati,Ohio,6634 Cambridge Ave,1,0,false,true,false,false,false,false,https://www.gunviolencearchive.org/incident/3150286
3149649,2025-02-28,39.13724052941765,-84.52885898951025,Cincinnati,Ohio,688 Riddle Rd,0,1,false,false,false,false,false,false,https://www.gunviolencearchive.org/incident/3149649
3145932,2025-02-24,39.1298,-84.4885,Cincinnati,Ohio,2663 Gilbert Ave,1,0,false,false,false,false,false,false,https://www.gunviolencearchive.org/incident/3145932
3145948,2025-02-23,39.125,-84.5696,Cincinnati,Ohio,3726 Westmont Dr,1,0,false,false,false,false,false,false,https://www.gunviolencearchive.org/incident/3145948
3144446,2025-02-22,39.188,-84.5123,Cincinnati,Ohio,620 Strand Ln,1,0,false,false,false,false,false,false,https://www.gunviolencearchive.org/incident/3144446
3143590,2025-02-20,39.1903,-84.5149,Cincinnati,Ohio,700 block of Dutch Colony Dr,0,1,false,false,false,false,false,false,https://www.gunviolencearchive.org/incident/3143590
3143174,2025-02-20,39.1922,-84.546,Cincinnati,Ohio,1600 block of Pasadena Ave,0,1,false,false,false,false,true,false,https://www.gunviolencearchive.org/incident/3143174
3143449,2025-02-20,39.1443,-84.6122,Cincinnati,Ohio,3319 Renfro Ave,1,0,false,false,false,false,false,false,https://www.gunviolencearchive.org/incident/3143449
3139155,2025-02-13,39.11481547208421,-84.52729010890835,Cincinnati,Ohio,Poplar St,1,0,false,false,false,false,false,false,https://www.gunviolencearchive.org/incident/3139155
3137849,2025-02-11,39.1669,-84.602,Cincinnati,Ohio,3311 Boudinot Ave,0,1,false,false,false,false,false,false,https://www.gunviolencearchive.org/incident/3137849
3136430,2025-02-09,39.2949,-84.4661,Springdale,Ohio,I-275 and OH-747,1,0,false,false,false,false,false,false,https://www.gunviolencearchive.org/incident/3136430
3135457,2025-02-09,39.1239,-84.5045,Cincinnati,Ohio,2400 block of Maplewood Ave,0,1,false,false,false,false,false,false,https://www.gunviolencearchive.org/incident/3135457
3134949,2025-02-08,39.1372,-84.5383,Cincinnati,Ohio,1326 Hopple St,1,0,false,false,false,false,false,false,https://www.gunviolencearchive.org/incident/3134949
3134945,2025-02-08,39.1897,-84.5118,Cincinnati,Ohio,Bettman Dr and Dutch Colony Dr,1,0,false,false,false,false,false,false,https://www.gunviolencearchive.org/incident/3134945
3133655,2025-02-06,39.1218,-84.5291,Cincinnati,Ohio,500 block of W McMicken Ave,0,1,false,false,false,false,false,false,https://www.gunviolencearchive.org/incident/3133655
3131105,2025-02-03,39.1463,-84.4998,Cincinnati,Ohio,3505 Burnet Ave,2,0,false,false,false,false,false,false,https://www.gunviolencearchive.org/incident/3131105
3130073,2025-01-31,39.1389,-84.579,Cincinnati,Ohio,Harrison Ave and Dautel Ave,1,0,false,false,false,false,false,false,https://www.gunviolencearchive.org/incident/3130073
3128451,2025-01-29,39.1141,-84.5202,Cincinnati,Ohio,20 block of Green St,0,1,false,false,false,false,false,false,https://www.gunviolencearchive.org/incident/3128451
3126193,2025-01-27,39.2876,-84.3482,Cincinnati,Ohio,12000 block of 6th Ave,0,1,false,false,false,false,true,false,https://www.gunviolencearchive.org/incident/3126193
3125430,2025-01-26,39.1142,-84.583,Deer Park,Ohio,4163 Glenway Ave,2,0,false,false,false,false,true,false,https://www.gunviolencearchive.org/incident/3125430
3123746,2025-01-25,39.144,-84.5574,Cincinnati,Ohio,1990 Westwood Northern Blvd,1,0,false,false,false,false,false,false,https://www.gunviolencearchive.org/incident/3123746
3122684,2025-01-23,39.1426,-84.572,Cincinnati,Ohio,3242 Cavanaugh Ave,0,1,false,false,false,false,false,false,https://www.gunviolencearchive.org/incident/3122684
3121845,2025-01-21,39.1113,-84.6078,Cincinnati,Ohio,973 Seibel Ln,1,1,false,false,false,false,false,true,https://www.gunviolencearchive.org/incident/3121845
3116423,2025-01-16,39.2494,-84.5962,Cincinnati,Ohio,9760 Colerain Ave,1,2,false,false,false,false,false,false,https://www.gunviolencearchive.org/incident/3116423
3116496,2025-01-16,39.1094,-84.601,Cincinnati,Ohio,4544 W 8th St,1,0,false,false,false,false,false,false,https://www.gunviolencearchive.org/incident/3116496
3113525,2025-01-12,39.1985,-84.5445,Cincinnati,Ohio,Cedar Ave,1,0,false,false,false,false,false,false,https://www.gunviolencearchive.org/incident/3113525
3112859,2025-01-09,39.1573,-84.5473,Cincinnati,Ohio,Powers St,1,0,false,false,false,false,true,false,https://www.gunviolencearchive.org/incident/3112859
3109919,2025-01-05,39.1462,-84.488,Cincinnati,Ohio,836 Lexington Ave,0,1,false,false,false,false,false,false,https://www.gunviolencearchive.org/incident/3109919
3109917,2025-01-04,39.1162,-84.5613,Cincinnati,Ohio,3100 block of West Liberty St,0,1,false,false,false,false,false,false,https://www.gunviolencearchive.org/incident/3109917
3108768,2025-01-03,39.1041,-84.5736,Cincinnati,Ohio,931 Enright Ave,1,0,false,false,false,false,false,false,https://www.gunviolencearchive.org/incident/3108768
3108750,2025-01-03,39.2478,-84.5844,Cincinnati,Ohio,Deshler Dr,1,0,false,false,false,false,false,false,https://www.gunviolencearchive.org/incident/3108750
3108733,2025-01-02,39.1227,-84.584,Cincinnati,Ohio,4400 block of Guerley Rd,0,1,false,false,false,false,false,false,https://www.gunviolencearchive.org/incident/3108733
3106734,2025-01-01,39.2452,-84.5947,Cincinnati,Ohio,9540 Colerain Ave,1,0,false,false,false,false,false,false,https://www.gunviolencearchive.org/incident/3106734
3104345,2024-12-28,39.09444052941765,-84.56815898951025,Cincinnati,Ohio,251 Mt Echo Park Dr,0,1,false,false,false,false,false,false,https://www.gunviolencearchive.org/incident/3104345
3103180,2024-12-27,39.114,-84.5763,Cincinnati,Ohio,3749 Glenway Ave,2,0,false,false,false,false,false,false,https://www.gunviolencearchive.org/incident/3103180
3100577,2024-12-22,39.2852,-84.4806,Springdale,Ohio,200 block of Bedford Glen Ln,1,0,false,false,false,false,false,true,https://www.gunviolencearchive.org/incident/3100577
3094296,2024-12-14,39.2056,-84.4588,Cincinnati,Ohio,7800 block of Glen Orchard Dr,1,0,false,false,false,false,false,false,https://www.gunviolencearchive.org/incident/3094296
3093384,2024-12-13,39.1058,-84.5812,Cincinnati,Ohio,3951 W 8th St,1,0,false,false,false,false,false,false,https://www.gunviolencearchive.org/incident/3093384
3091749,2024-12-11,39.1434,-84.4649,Cincinnati,Ohio,3548 Bevis Ave,1,0,false,false,false,false,false,false,https://www.gunviolencearchive.org/incident/3091749
3089941,2024-12-08,39.1071,-84.528,Cincinnati,Ohio,1100 block of Linn St,1,0,false,false,false,false,false,false,https://www.gunviolencearchive.org/incident/3089941
3089924,2024-12-08,39.1495,-84.4987,Cincinnati,Ohio,3600 block of Alaska Ave,0,1,false,false,false,false,false,false,https://www.gunviolencearchive.org/incident/3089924
3089254,2024-12-07,39.1723,-84.5681,Cincinnati,Ohio,4900 block of Trail Ridge Rd,0,1,false,false,false,false,false,false,https://www.gunviolencearchive.org/incident/3089254
3089257,2024-12-06,39.1309,-84.5029,Elmwood Place,Ohio,Highland Ave and Oak St,0,1,false,false,false,false,false,false,https://www.gunviolencearchive.org/incident/3089257
3086481,2024-12-02,39.1586,-84.5675,Cincinnati,Ohio,2110 Montana Ave,1,0,false,false,false,false,false,false,https://www.gunviolencearchive.org/incident/3086481
3083546,2024-11-29,39.2035,-84.5611,Cincinnati,Ohio,2100 block of West North Bend Rd,0,1,false,false,false,false,false,false,https://www.gunviolencearchive.org/incident/3083546
3083205,2024-11-27,39.201,-84.5781,Cincinnati,Ohio,5800 block of Shadymist Ln,1,0,false,false,false,false,false,false,https://www.gunviolencearchive.org/incident/3083205
3081366,2024-11-25,39.1598,-84.6016,Cincinnati,Ohio,3800 block of Boudinot Ave,1,0,false,false,false,false,false,false,https://www.gunviolencearchive.org/incident/3081366
3080062,2024-11-24,39.1785,-84.4775,Cincinnati,Ohio,Paddock Rd and Ryland Ave,1,0,false,false,false,false,false,false,https://www.gunviolencearchive.org/incident/3080062
3079329,2024-11-23,39.1592,-84.5394,Cincinnati,Ohio,Hamilton Ave and Cosby Ave,1,0,false,false,false,false,false,false,https://www.gunviolencearchive.org/incident/3079329
3077959,2024-11-21,39.1804,-84.5566,Northside,Ohio,Kirby Ave,1,0,false,false,false,false,false,false,https://www.gunviolencearchive.org/incident/3077959
3075062,2024-11-18,39.1328,-84.496,Cincinnati,Ohio,2179 Lincoln Ave,0,2,false,true,false,false,true,false,https://www.gunviolencearchive.org/incident/3075062
3076248,2024-11-17,39.1111,-84.5606,Cincinnati,Ohio,Grand Ave,1,0,false,false,false,false,false,false,https://www.gunviolencearchive.org/incident/3076248
3074437,2024-11-16,39.1236,-84.4639,Cincinnati,Ohio,2400 block of Callahan St,0,1,false,false,false,false,false,false,https://www.gunviolencearchive.org/incident/3074437
3074440,2024-11-16,39.1243,-84.4657,Cincinnati,Ohio,2400 block of Riverside Dr,1,0,false,false,false,false,false,false,https://www.gunviolencearchive.org/incident/3074440
3073101,2024-11-15,39.1121,-84.5861,Cincinnati,Ohio,4317 Westhaven Ave,1,0,false,false,false,false,false,false,https://www.gunviolencearchive.org/incident/3073101
3073580,2024-11-15,39.2085,-84.4504,Cincinnati,Ohio,7979 Reading Rd,0,1,false,false,false,false,false,false,https://www.gunviolencearchive.org/incident/3073580
3071556,2024-11-13,39.1095,-84.5835,Cincinnati,Ohio,1000 block of Rosemont Ave,1,0,false,false,false,false,false,false,https://www.gunviolencearchive.org/incident/3071556
3068937,2024-11-10,39.1014,-84.5029,Cincinnati,Ohio,6300 block of Hamilton Cleves Pike Rd,1,0,false,false,false,false,false,false,https://www.gunviolencearchive.org/incident/3068937
3065978,2024-11-06,39.1185,-84.5913,Cincinnati,Ohio,4700 Guerley Rd,1,0,false,false,false,false,false,false,https://www.gunviolencearchive.org/incident/3065978
3064942,2024-11-05,39.1987,-84.5923,Cincinnati,Ohio,3300 block of Jessup Rd,1,0,false,false,false,false,false,false,https://www.gunviolencearchive.org/incident/3064942
3064166,2024-11-03,39.2387,-84.4605,Cincinnati,Ohio,9600 block of Wayne Ave,1,0,false,false,false,false,false,false,https://www.gunviolencearchive.org/incident/3064166
3063228,2024-11-03,39.1906,-84.5639,Cincinnati,Ohio,5469 Kirby Ave,2,0,false,false,false,false,false,false,https://www.gunviolencearchive.org/incident/3063228
3059491,2024-10-29,39.1869,-84.408,Cincinnati,Ohio,3800 block of Kirkup Ave,2,0,false,false,false,false,false,true,https://www.gunviolencearchive.org/incident/3059491
3057722,2024-10-27,39.1286,-84.5311,Cincinnati,Ohio,W McMicken Ave,1,0,false,false,false,false,false,false,https://www.gunviolencearchive.org/incident/3057722
3057725,2024-10-26,39.1121,-84.5156,Cincinnati,Ohio,1500 block of Vine St,1,0,false,false,false,false,false,false,https://www.gunviolencearchive.org/incident/3057725
3057727,2024-10-26,39.1411,-84.6159,Cincinnati,Ohio,Werk Rd and Belden Cir,1,0,false,false,false,false,false,false,https://www.gunviolencearchive.org/incident/3057727
3056014,2024-10-24,39.1112,-84.526,Cincinnati,Ohio,Derrick Turnbow Ave,1,0,false,false,false,false,false,false,https://www.gunviolencearchive.org/incident/3056014
3055733,2024-10-24,39.1861,-84.51,Cincinnati,Ohio,5200 block of Holland Dr,0,1,true,false,false,false,false,true,https://www.gunviolencearchive.org/incident/3055733
3052924,2024-10-21,39.155,-84.3837,Cincinnati,Ohio,6600 block of Roe St,1,0,false,false,false,false,false,false,https://www.gunviolencearchive.org/incident/3052924
3052144,2024-10-20,39.1567,-84.4786,Cincinnati,Ohio,4040 Reading Rd,2,0,false,false,false,false,false,false,https://www.gunviolencearchive.org/incident/3052144
3052834,2024-10-20,39.1314,-84.5938,Cincinnati,Ohio,2700 block of E Tower Dr,0,1,false,false,false,true,false,false,https://www.gunviolencearchive.org/incident/3052834
3052136,2024-10-20,39.1403,-84.4795,Cincinnati,Ohio,3250 Victory Pkwy,2,0,false,false,false,false,false,false,https://www.gunviolencearchive.org/incident/3052136
3052148,2024-10-19,39.1102,-84.5092,Cincinnati,Ohio,E 13th St,1,0,false,false,false,false,false,false,https://www.gunviolencearchive.org/incident/3052148
3048575,2024-10-15,39.126,-84.4904,Cincinnati,Ohio,E McMillan St and Gilbert Ave,1,0,false,false,false,false,false,false,https://www.gunviolencearchive.org/incident/3048575
3047264,2024-10-14,39.1973,-84.5494,Cincinnati,Ohio,1700 block of Llanfair Ave,0,1,false,false,false,false,false,false,https://www.gunviolencearchive.org/incident/3047264
3047257,2024-10-13,39.1469,-84.617,Cincinnati,Ohio,3300 block of Lakeview Ave,0,1,false,false,false,false,false,false,https://www.gunviolencearchive.org/incident/3047257
3046881,2024-10-12,39.1103,-84.5672,Cincinnati,Ohio,1000 block of Woodlawn Ave,1,0,false,false,false,false,false,false,https://www.gunviolencearchive.org/incident/3046881
3046153,2024-10-12,39.2026,-84.5793,Cincinnati,Ohio,5863 Shadymist Ln,3,0,false,false,false,false,false,false,https://www.gunviolencearchive.org/incident/3046153
3046757,2024-10-12,39.1526,-84.4844,Cincinnati,Ohio,Reading Rd and Dana Ave,1,0,false,false,false,false,false,false,https://www.gunviolencearchive.org/incident/3046757
3046229,2024-10-11,39.14518247340933,-84.49041569223836,Cincinnati,Ohio,800 block of Hutchins Ave,0,1,false,false,false,false,false,false,https://www.gunviolencearchive.org/incident/3046229
3044939,2024-10-10,39.1056,-84.559,Cincinnati,Ohio,2800 block of W 8th St,0,1,false,false,false,false,false,false,https://www.gunviolencearchive.org/incident/3044939
3042642,2024-10-07,39.1892,-84.4681,Cincinnati,Ohio,7078 Glenmeadow Ln,1,0,false,false,false,false,false,false,https://www.gunviolencearchive.org/incident/3042642
3042657,2024-10-06,39.1072,-84.5657,Cincinnati,Ohio,Elberon Ave,1,0,false,false,false,false,false,false,https://www.gunviolencearchive.org/incident/3042657
3040780,2024-10-04,39.14,-84.4747,Cincinnati,Ohio,1622 Blair Ave,2,0,false,false,false,false,false,false,https://www.gunviolencearchive.org/incident/3040780
3038328,2024-10-01,39.1549,-84.5025,Cincinnati,Ohio,100 block of Glendridge Pl,0,1,false,false,false,false,false,false,https://www.gunviolencearchive.org/incident/3038328
3038337,2024-09-29,39.14084052941765,-84.58095898951025,Cincinnati,Ohio,Harrison Ave,1,0,false,false,false,false,false,false,https://www.gunviolencearchive.org/incident/3038337
3037215,2024-09-29,39.1985,-84.5222,Cincinnati,Ohio,6000 block of Winton Rd,0,1,false,false,false,false,false,false,https://www.gunviolencearchive.org/incident/3037215
3036219,2024-09-28,39.2278,-84.5481,Cincinnati,Ohio,7300 block of Hamilton Ave,0,1,false,false,false,false,false,false,https://www.gunviolencearchive.org/incident/3036219
3034108,2024-09-25,39.161,-84.4048,Cincinnati,Ohio,5215 Madison Rd,1,0,false,false,false,false,false,false,https://www.gunviolencearchive.org/incident/3034108
3031225,2024-09-22,39.1279,-84.5149,Cincinnati,Ohio,205 Calhoun St,2,0,false,false,false,false,false,false,https://www.gunviolencearchive.org/incident/3031225
3030631,2024-09-21,39.17894052941765,-84.51055898951024,Cincinnati,Ohio,100 block of Craft St,1,1,false,false,false,false,false,false,https://www.gunviolencearchive.org/incident/3030631
3030636,2024-09-21,39.1987,-84.4573,Cincinnati,Ohio,7600 block of Reading Rd,1,0,false,false,false,false,false,false,https://www.gunviolencearchive.org/incident/3030636
3035245,2024-09-20,39.2196,-84.5506,Cincinnati,Ohio,1620 W Galbraith Rd,1,0,false,false,false,false,false,false,https://www.gunviolencearchive.org/incident/3035245
3028736,2024-09-19,39.1559,-84.5503,Cincinnati,Ohio,Beekman St and Elmore St,1,0,false,false,false,false,false,false,https://www.gunviolencearchive.org/incident/3028736
3028741,2024-09-19,39.177740529417655,-84.50965898951026,Cincinnati,Ohio,40 block of Kings Run Ct,0,1,false,false,false,false,false,false,https://www.gunviolencearchive.org/incident/3028741
3027591,2024-09-18,39.2955,-84.5476,Forest Park,Ohio,1800 block of Lincrest Dr,0,1,false,false,false,false,false,false,https://www.gunviolencearchive.org/incident/3027591
3027032,2024-09-17,39.3008,-84.4838,Springdale,Ohio,12150 Springfield Pike,0,1,false,false,false,false,false,false,https://www.gunviolencearchive.org/incident/3027032
3025631,2024-09-16,39.1557,-84.5991,Cincinnati,Ohio,Epworth Ave and Hull Ave,1,0,false,false,false,true,false,false,https://www.gunviolencearchive.org/incident/3025631
3025625,2024-09-16,39.1344,-84.487,Cincinnati,Ohio,3000 Block of Walter Ave,1,0,false,false,false,false,false,false,https://www.gunviolencearchive.org/incident/3025625
3027067,2024-09-16,39.1774,-84.4777,Cincinnati,Ohio,Paddock Rd,1,0,false,false,false,false,false,false,https://www.gunviolencearchive.org/incident/3027067
3027061,2024-09-16,39.1354,-84.5047,Corryville,Ohio,Martin Luther King Dr and Gerald St,1,0,false,false,false,false,false,false,https://www.gunviolencearchive.org/incident/3027061
3025075,2024-09-15,39.2039,-84.6985,Cleves,Ohio,5900 block of E Miami River Rd,0,1,false,false,false,false,false,false,https://www.gunviolencearchive.org/incident/3025075
3024168,2024-09-14,39.1304,-84.4841,Cincinnati,Ohio,Alms Pl,1,0,false,false,false,false,false,false,https://www.gunviolencearchive.org/incident/3024168
3024148,2024-09-14,39.1246,-84.4908,Cincinnati,Ohio,2400 block of Gilbert Ave,1,0,false,false,false,false,false,false,https://www.gunviolencearchive.org/incident/3024148
3022590,2024-09-12,39.1099,-84.5234,Cincinnati,Ohio,1400 block of John St,1,0,false,false,false,false,false,false,https://www.gunviolencearchive.org/incident/3022590
3021403,2024-09-11,39.1571,-84.4452,Norwood,Ohio,Robertson Ave and Linden Ave,1,0,false,false,false,false,false,false,https://www.gunviolencearchive.org/incident/3021403
3020456,2024-09-09,39.1815,-84.5114,Cincinnati,Ohio,5000 block of Winneste Ave,1,0,true,false,false,false,false,false,https://www.gunviolencearchive.org/incident/3020456
3018831,2024-09-07,39.184,-84.5641,Cincinnati,Ohio,Hawaiian Terrace,1,0,false,false,false,false,false,false,https://www.gunviolencearchive.org/incident/3018831
3018817,2024-09-06,39.17744052941765,-84.47775898951025,Cincinnati,Ohio,Paddock Rd,1,0,false,false,false,false,false,false,https://www.gunviolencearchive.org/incident/3018817
3017641,2024-09-06,39.1449,-84.5001,Cincinnati,Ohio,3495 Burnet Ave,3,0,false,false,false,false,false,false,https://www.gunviolencearchive.org/incident/3017641
3021321,2024-09-06,39.1161,-84.5272,Cincinnati,Ohio,Findlay St and Linn St,1,0,false,false,false,false,false,false,https://www.gunviolencearchive.org/incident/3021321
3012971,2024-09-01,39.0964,-84.508,Cincinnati,Ohio,100 block of Joe Nuxhall Wy,1,0,false,false,false,false,false,false,https://www.gunviolencearchive.org/incident/3012971
3012510,2024-09-01,39.11664052941765,-84.57175898951026,Cincinnati,Ohio,1st Ave and W Liberty St,1,0,false,false,false,false,false,false,https://www.gunviolencearchive.org/incident/3012510
3010224,2024-08-30,39.1505,-84.4863,Cincinnati,Ohio,3700 block of Reading Rd,0,1,false,false,false,false,false,false,https://www.gunviolencearchive.org/incident/3010224
3009599,2024-08-29,39.2803,-84.5004,Cincinnati,Ohio,695 Northland Blvd,0,1,false,false,false,false,false,false,https://www.gunviolencearchive.org/incident/3009599
3009591,2024-08-29,39.150540529417654,-84.48635898951025,Avondale,Ohio,3700 block of Reading Rd,1,0,false,false,false,false,false,false,https://www.gunviolencearchive.org/incident/3009591
3007933,2024-08-27,39.1755,-84.4653,Cincinnati,Ohio,1700 block of Garden Ln,0,1,false,false,false,false,false,false,https://www.gunviolencearchive.org/incident/3007933
3007954,2024-08-27,39.1171,-84.5271,Cincinnati,Ohio,York St and Linn St,1,0,false,false,false,false,false,false,https://www.gunviolencearchive.org/incident/3007954
3006232,2024-08-26,39.1676,-84.4705,Cincinnati,Ohio,4545 Reading Rd,0,1,false,false,false,false,false,false,https://www.gunviolencearchive.org/incident/3006232
3003248,2024-08-22,39.2565,-84.5825,Colerain Township,Ohio,3100 Springdale Rd,2,1,false,false,false,false,false,false,https://www.gunviolencearchive.org/incident/3003248
3001705,2024-08-20,39.1167,-84.5151,Cincinnati,Ohio,100 block of E Clifton Ave,0,1,false,false,false,false,false,false,https://www.gunviolencearchive.org/incident/3001705
3001114,2024-08-19,39.1129,-84.5159,Cincinnati,Ohio,Vine St and Liberty St,1,0,false,false,false,false,false,false,https://www.gunviolencearchive.org/incident/3001114
3001126,2024-08-19,39.2036,-84.5329,Cincinnati,Ohio,6315 Daly Rd,1,0,false,false,false,false,false,false,https://www.gunviolencearchive.org/incident/3001126
2998676,2024-08-18,39.1266,-84.7048,Sayler Park,Ohio,7200 block of River Rd,0,1,false,false,false,false,false,false,https://www.gunviolencearchive.org/incident/2998676
2998830,2024-08-18,39.1158,-84.5268,Cincinnati,Ohio,549 Findlay St,2,0,false,false,false,false,false,false,https://www.gunviolencearchive.org/incident/2998830
2997866,2024-08-17,39.1464,-84.5667,Cincinnati,Ohio,2230 Westwood Northern Blvd,1,0,false,false,false,false,false,false,https://www.gunviolencearchive.org/incident/2997866
2997858,2024-08-16,39.095,-84.5146,Cincinnati,Ohio,100 block of Elm St,0,1,false,false,false,false,false,false,https://www.gunviolencearchive.org/incident/2997858
2996487,2024-08-15,39.1545,-84.6177,Cheviot,Ohio,4100 block of Harding Ave,1,0,false,false,false,false,true,false,https://www.gunviolencearchive.org/incident/2996487
2992661,2024-08-11,39.2425,-84.576,Cincinnati,Ohio,9406 Pippin Rd,2,0,false,false,false,false,false,false,https://www.gunviolencearchive.org/incident/2992661
2990686,2024-08-08,39.1877,-84.5105,Cincinnati,Ohio,5300 block of Bettman Dr,0,1,false,false,false,false,false,false,https://www.gunviolencearchive.org/incident/2990686
2989721,2024-08-07,39.2027,-84.5783,Cincinnati,Ohio,2600 block of Richwill Ct,1,0,false,false,false,false,false,false,https://www.gunviolencearchive.org/incident/2989721
2987913,2024-08-05,39.1381,-84.5136,Cincinnati,Ohio,3239 Bishop St,1,1,false,false,false,false,false,false,https://www.gunviolencearchive.org/incident/2987913
2988469,2024-08-05,39.1144,-84.5143,Cincinnati,Ohio,73 E McMicken Ave,1,0,false,false,false,false,false,false,https://www.gunviolencearchive.org/incident/2988469
2987126,2024-08-04,39.116740529417655,-84.51515898951025,Cincinnati,Ohio,150 E Clifton Ave,0,1,false,false,false,false,false,false,https://www.gunviolencearchive.org/incident/2987126
2987920,2024-08-03,39.2446,-84.5806,Cincinnati,Ohio,3000 block of Laverne Dr,0,1,false,false,false,true,false,false,https://www.gunviolencearchive.org/incident/2987920
2986193,2024-08-03,39.1153,-84.5137,Cincinnati,Ohio,E Clifton Ave and Lang St,1,0,false,false,false,false,false,false,https://www.gunviolencearchive.org/incident/2986193
2986283,2024-08-02,39.1715,-84.5179,Cincinnati,Ohio,734 Derby Ave,1,0,false,false,false,false,false,false,https://www.gunviolencearchive.org/incident/2986283
2985621,2024-08-02,39.1171,-84.5789,Cincinnati,Ohio,1600 block of 1st Ave,1,0,false,false,false,false,false,false,https://www.gunviolencearchive.org/incident/2985621
2984908,2024-08-01,39.1316,-84.5093,Cincinnati,Ohio,2800 block of Short Vine St,2,0,false,false,false,false,false,false,https://www.gunviolencearchive.org/incident/2984908
2983151,2024-07-29,39.114840529417656,-84.51435898951026,Cincinnati,Ohio,100 block of E McMicken Ave,1,0,false,false,false,false,false,false,https://www.gunviolencearchive.org/incident/2983151
2980975,2024-07-28,39.114,-84.5143,Cincinnati,Ohio,1630 Walnut St,3,0,true,false,false,false,false,false,https://www.gunviolencearchive.org/incident/2980975
2981269,2024-07-27,39.1124,-84.5097,Cincinnati,Ohio,Walnut st and E Liberty St,3,0,false,false,false,false,false,false,https://www.gunviolencearchive.org/incident/2981269
2982021,2024-07-25,39.1142,-84.5179,Cincinnati,Ohio,1700 block of Race St,1,0,false,false,false,false,false,false,https://www.gunviolencearchive.org/incident/2982021
2977737,2024-07-22,39.1235,-84.6087,Cincinnati,Ohio,5145 Sidney Rd,1,0,false,false,false,false,false,false,https://www.gunviolencearchive.org/incident/2977737
2975300,2024-07-22,39.1073,-84.5675,Cincinnati,Ohio,Woodlawn Ave,1,0,false,false,false,false,false,false,https://www.gunviolencearchive.org/incident/2975300
2975320,2024-07-20,39.163,-84.4729,Cincinnati,Ohio,Reading Rd,2,0,false,false,false,false,false,false,https://www.gunviolencearchive.org/incident/2975320
2974932,2024-07-20,39.2096,-84.4744,Cincinnati,Ohio,8275 Vine St,0,1,false,false,false,false,false,false,https://www.gunviolencearchive.org/incident/2974932
2971882,2024-07-17,39.14507909816595,-84.49065755415765,Cincinnati,Ohio,Reading Rd and Hutchins Ave,3,0,false,false,false,false,false,false,https://www.gunviolencearchive.org/incident/2971882
2969795,2024-07-16,39.2449,-84.5428,Cincinnati,Ohio,9700 block of Arvin Ave,0,1,true,false,false,true,false,false,https://www.gunviolencearchive.org/incident/2969795
2969202,2024-07-15,39.1206,-84.5151,Cincinnati,Ohio,St Joe St,1,0,false,false,false,false,false,false,https://www.gunviolencearchive.org/incident/2969202
2969797,2024-07-15,39.18814052941765,-84.51205898951025,Cincinnati,Ohio,600 block of Strand Ln,1,0,false,false,false,false,false,false,https://www.gunviolencearchive.org/incident/2969797
2968395,2024-07-13,39.1726,-84.4566,Norwood,Ohio,Hunter Ave,1,0,true,false,false,false,false,false,https://www.gunviolencearchive.org/incident/2968395
2967825,2024-07-13,39.114515472084214,-84.51609010890834,Cincinnati,Ohio,1700 block of Vine St,1,1,false,false,false,false,false,false,https://www.gunviolencearchive.org/incident/2967825
2967143,2024-07-12,39.1447,-84.4898,Cincinnati,Ohio,3500 block of Reading Rd,1,1,false,false,false,false,false,false,https://www.gunviolencearchive.org/incident/2967143
2961373,2024-07-06,39.128,-84.5212,Cincinnati,Ohio,W McMillan St and Rohs St,1,0,false,false,false,false,false,false,https://www.gunviolencearchive.org/incident/2961373
2960401,2024-07-05,39.1568,-84.5587,Cincinnati,Ohio,2300 block of Nottingham Dr,1,0,false,false,false,false,false,false,https://www.gunviolencearchive.org/incident/2960401
2960407,2024-07-05,39.1175,-84.5313,Cincinnati,Ohio,York St and Freeman Ave,2,0,false,false,false,false,false,false,https://www.gunviolencearchive.org/incident/2960407
2960397,2024-07-05,39.1409,-84.5386,Cincinnati,Ohio,Colerain Ave and Bates Ave,2,0,false,false,false,false,false,false,https://www.gunviolencearchive.org/incident/2960397
2959214,2024-07-04,39.1097,-84.5135,Cincinnati,Ohio,1300 block of Walnut St,0,1,false,false,false,false,false,false,https://www.gunviolencearchive.org/incident/2959214
2956430,2024-07-02,39.112940529417656,-84.51675898951025,Cincinnati,Ohio,1631 Republic St,1,0,false,false,false,false,false,false,https://www.gunviolencearchive.org/incident/2956430
2955521,2024-07-01,39.1066,-84.5087,Cincinnati,Ohio,1000 Sycamore St,1,0,false,false,false,false,false,false,https://www.gunviolencearchive.org/incident/2955521
2955139,2024-07-01,39.1326,-84.5024,Cincinnati,Ohio,306 E University Ave,1,3,false,false,false,false,false,false,https://www.gunviolencearchive.org/incident/2955139
2955510,2024-06-30,39.20094052941765,-84.46175898951024,Cincinnati,Ohio,1600 block of Summit Rd,0,1,false,false,false,false,false,false,https://www.gunviolencearchive.org/incident/2955510
2954531,2024-06-30,39.1435,-84.5843,Cincinnati,Ohio,3100 block of Bracken Woods Ct,2,0,false,false,false,false,false,false,https://www.gunviolencearchive.org/incident/2954531
2952245,2024-06-27,39.1078,-84.518,Cincinnati,Ohio,Elm St and 12th St,0,1,false,true,false,false,false,false,https://www.gunviolencearchive.org/incident/2952245
2952242,2024-06-27,39.15494052941765,-84.50255898951025,Cincinnati,Ohio,100 block of Glenridge Pl,1,0,false,false,false,false,false,false,https://www.gunviolencearchive.org/incident/2952242
2951277,2024-06-26,39.1844,-84.5618,Cincinnati,Ohio,4900 block of Hawaiian Terrace,1,1,false,false,false,false,false,false,https://www.gunviolencearchive.org/incident/2951277
2948330,2024-06-23,39.2138,-84.4829,Cincinnati,Ohio,1385 W Galbraith Rd,1,0,false,false,false,false,false,false,https://www.gunviolencearchive.org/incident/2948330
2947259,2024-06-22,39.0974,-84.5101,Cincinnati,Ohio,160 Marian Spencer Way,0,1,false,false,false,false,false,false,https://www.gunviolencearchive.org/incident/2947259
2944247,2024-06-19,39.1413,-84.5384,Cincinnati,Ohio,3200 Colerain Ave,1,1,false,false,false,false,false,false,https://www.gunviolencearchive.org/incident/2944247
2948333,2024-06-18,39.1083,-84.5695,Cincinnati,Ohio,Wells St,1,0,false,false,false,false,false,false,https://www.gunviolencearchive.org/incident/2948333
2943474,2024-06-18,39.1516,-84.486,Cincinnati,Ohio,3735 Reading Rd,1,0,false,false,false,false,false,false,https://www.gunviolencearchive.org/incident/2943474
2943466,2024-06-18,39.1247,-84.5022,Cincinnati,Ohio,2350 Reading Rd,1,0,false,false,false,false,false,false,https://www.gunviolencearchive.org/incident/2943466
2944255,2024-06-18,39.153340529417655,-84.48925898951025,Cincinnati,Ohio,700 block of Greenwood Ave,1,0,false,false,false,false,false,false,https://www.gunviolencearchive.org/incident/2944255
2940418,2024-06-15,39.1515,-84.3882,Cincinnati,Ohio,6300 Bramble Ave,5,0,false,false,true,false,false,false,https://www.gunviolencearchive.org/incident/2940418
2942126,2024-06-15,39.1077,-84.5254,Cincinnati,Ohio,Clark St and Cutter St,1,0,false,false,false,false,false,false,https://www.gunviolencearchive.org/incident/2942126
2940499,2024-06-15,39.1087,-84.5124,Cincinnati,Ohio,1233 Clay St,3,0,false,false,false,false,false,false,https://www.gunviolencearchive.org/incident/2940499
2940492,2024-06-14,39.2016,-84.5366,Cincinnati,Ohio,1130 Wilmont Ct,0,1,false,false,false,false,false,false,https://www.gunviolencearchive.org/incident/2940492
2938201,2024-06-12,39.1255,-84.5246,Cincinnati,Ohio,Vine St and Flora St,1,0,false,false,false,false,false,true,https://www.gunviolencearchive.org/incident/2938201
2938194,2024-06-12,39.1056,-84.5593,Cincinnati,Ohio,809 Wells St,1,0,false,false,false,false,false,true,https://www.gunviolencearchive.org/incident/2938194
2937380,2024-06-11,39.1439,-84.4926,Cincinnati,Ohio,600 block of Prospect Pl,1,0,false,false,false,false,false,true,https://www.gunviolencearchive.org/incident/2937380
2935340,2024-06-09,39.1342,-84.4754,Evanston,Ohio,1614 Dexter Ave,3,0,false,false,false,false,false,false,https://www.gunviolencearchive.org/incident/2935340
2935350,2024-06-09,39.10974052941765,-84.51355898951024,Cincinnati,Ohio,1300 block of Walnut St,1,0,false,false,false,false,false,false,https://www.gunviolencearchive.org/incident/2935350
2935695,2024-06-09,39.1141,-84.5173,Cincinnati,Ohio,23 Green St,1,0,false,false,false,false,false,false,https://www.gunviolencearchive.org/incident/2935695
2934687,2024-06-08,39.1738,-84.469,Cincinnati,Ohio,4830 Yarmouth Ave,2,0,false,false,false,false,false,false,https://www.gunviolencearchive.org/incident/2934687
2932173,2024-06-05,39.2316,-84.548,Cincinnati,Ohio,7500 block of Hamilton Ave,1,0,false,false,false,false,false,false,https://www.gunviolencearchive.org/incident/2932173
2932187,2024-06-05,39.11534052941765,-84.51375898951025,Cincinnati,Ohio,E Clifton Ave and Lang St,1,0,false,false,false,false,false,false,https://www.gunviolencearchive.org/incident/2932187
2932182,2024-06-04,39.1127,-84.5305,Cincinnati,Ohio,1540 Dudley Walk,1,0,false,false,false,false,false,false,https://www.gunviolencearchive.org/incident/2932182
2930286,2024-06-03,39.1105,-84.5683,Cincinnati,Ohio,3500 block of Warsaw Ave,1,0,false,false,false,false,false,false,https://www.gunviolencearchive.org/incident/2930286
2930220,2024-06-02,39.1154,-84.5198,Cincinnati,Ohio,1800 block of Elm St,1,0,false,false,false,false,false,false,https://www.gunviolencearchive.org/incident/2930220
2930542,2024-06-02,39.1446,-84.552,Cincinnati,Ohio,3335 Moosewood Ave,1,0,false,false,false,false,false,false,https://www.gunviolencearchive.org/incident/2930542
2928193,2024-06-01,39.186140529417656,-84.51005898951026,Cincinnati,Ohio,5200 block of Holland Dr,1,2,false,false,false,false,false,false,https://www.gunviolencearchive.org/incident/2928193
2927505,2024-05-31,39.1484,-84.5079,Cincinnati,Ohio,Forest Ave and Irving St,1,0,false,false,false,false,false,false,https://www.gunviolencearchive.org/incident/2927505
2927250,2024-05-30,39.13844052941765,-84.49525898951025,Cincinnati,Ohio,3300 block of Reading Rd,0,1,false,false,false,false,false,false,https://www.gunviolencearchive.org/incident/2927250
2924588,2024-05-29,39.2487,-84.5999,Cincinnati,Ohio,3636 Springdale Rd,2,0,false,true,false,false,false,false,https://www.gunviolencearchive.org/incident/2924588
2923127,2024-05-28,39.15481547208421,-84.50249010890835,Cincinnati,Ohio,133 Glenridge Pl,1,0,false,false,false,false,false,false,https://www.gunviolencearchive.org/incident/2923127
2922260,2024-05-26,39.2022,-84.4558,Cincinnati,Ohio,Summit Rd and Reading Rd,1,0,false,false,false,false,false,false,https://www.gunviolencearchive.org/incident/2922260
2919705,2024-05-24,39.16,-84.3842,Cincinnati,Ohio,4936 Roanoke St,1,0,false,false,false,false,false,false,https://www.gunviolencearchive.org/incident/2919705
2916155,2024-05-21,39.1414,-84.5825,Cincinnati,Ohio,3000 block of Bracken Woods Ln,1,0,false,false,false,false,false,false,https://www.gunviolencearchive.org/incident/2916155
2916173,2024-05-21,39.1596,-84.7513,Cleves,Ohio,101 Bassett St,1,0,false,false,false,false,false,false,https://www.gunviolencearchive.org/incident/2916173
2914442,2024-05-18,39.0965,-84.5651,Cincinnati,Ohio,381 Elberon Ave,1,0,false,false,false,false,false,false,https://www.gunviolencearchive.org/incident/2914442
2913222,2024-05-18,39.1422,-84.4544,Cincinnati,Ohio,2350 Dana Ave,0,1,false,false,false,false,false,false,https://www.gunviolencearchive.org/incident/2913222
2912288,2024-05-17,39.14474052941765,-84.48985898951025,Cincinnati,Ohio,3458 Reading Rd,1,0,false,false,false,false,false,false,https://www.gunviolencearchive.org/incident/2912288
2911095,2024-05-14,39.1649,-84.5129,Cincinnati,Ohio,255 W Mitchell Ave,1,0,false,false,false,false,false,false,https://www.gunviolencearchive.org/incident/2911095
2907754,2024-05-13,39.112940529417656,-84.51595898951025,Cincinnati,Ohio,E Liberty St and Vine St,1,0,false,false,false,false,false,false,https://www.gunviolencearchive.org/incident/2907754
2909041,2024-05-13,39.2152,-84.5602,Cincinnati,Ohio,Simpson Ave and Dallas Ave,0,1,false,false,false,false,false,false,https://www.gunviolencearchive.org/incident/2909041
2907408,2024-05-12,39.1482,-84.5036,Cincinnati,Ohio,Eden Ave and Irwin Pl,2,0,false,false,false,false,false,false,https://www.gunviolencearchive.org/incident/2907408
2907428,2024-05-12,39.1013,-84.5107,Cincinnati,Ohio,113 E 5th St,1,0,false,false,false,false,false,false,https://www.gunviolencearchive.org/incident/2907428
2907751,2024-05-12,39.1867,-84.511,Cincinnati,Ohio,5250 Holland Dr,1,0,false,false,false,false,false,false,https://www.gunviolencearchive.org/incident/2907751
2906989,2024-05-11,39.2119,-84.5605,North College Hill,Ohio,2000 block of Emerson Ave,1,0,false,false,false,false,false,false,https://www.gunviolencearchive.org/incident/2906989
2905003,2024-05-09,39.1419,-84.591,Cincinnati,Ohio,2736 Harrison Ave,1,0,false,false,false,false,false,false,https://www.gunviolencearchive.org/incident/2905003
2904914,2024-05-09,39.2177,-84.4829,Cincinnati,Ohio,10000 block of Constitution Dr,1,0,false,false,false,false,false,false,https://www.gunviolencearchive.org/incident/2904914
2905011,2024-05-09,39.10974052941765,-84.51495898951025,Cincinnati,Ohio,30 E Liberty St,1,0,false,false,false,false,false,false,https://www.gunviolencearchive.org/incident/2905011
2904453,2024-05-07,39.1153,-84.5125,Cincinnati,Ohio,217 Mulberry St,1,0,false,false,false,false,false,false,https://www.gunviolencearchive.org/incident/2904453
2901836,2024-05-05,39.1416,-84.5901,Cincinnati,Ohio,2700 block of Harrison Ave,1,0,false,false,false,false,false,false,https://www.gunviolencearchive.org/incident/2901836
2901207,2024-05-05,39.1987,-84.4578,Cincinnati,Ohio,7600 block of Reading Rd,0,1,false,false,false,false,false,false,https://www.gunviolencearchive.org/incident/2901207
2901198,2024-05-05,39.1136,-84.5275,Cincinnati,Ohio,1521 Linn St,3,0,false,false,false,false,false,false,https://www.gunviolencearchive.org/incident/2901198
2899946,2024-05-04,39.2469,-84.5747,Cincinnati,Ohio,2700 block of Niagara St,0,1,false,false,false,false,false,false,https://www.gunviolencearchive.org/incident/2899946
2899960,2024-05-04,39.192,-84.456,Cincinnati,Ohio,Losantiville Ave and Eastlawn Dr,1,0,false,false,false,false,false,false,https://www.gunviolencearchive.org/incident/2899960
2899951,2024-05-04,39.2699,-84.4342,Cincinnati,Ohio,2486 E Sharon Rd,2,0,false,false,false,false,false,false,https://www.gunviolencearchive.org/incident/2899951
2897702,2024-05-02,39.2217,-84.5493,Cincinnati,Ohio,Hamilton Ave and Springdale Rd,0,1,false,false,false,false,false,false,https://www.gunviolencearchive.org/incident/2897702
2897231,2024-05-01,39.1914,-84.4549,Cincinnati,Ohio,1925 Losantiville Ave,2,0,false,false,false,false,false,false,https://www.gunviolencearchive.org/incident/2897231
2894277,2024-04-29,39.1138,-84.5159,Cincinnati,Ohio,1622 Vine St,1,0,false,false,false,false,false,false,https://www.gunviolencearchive.org/incident/2894277
2894138,2024-04-29,39.1593,-84.4201,Cincinnati,Ohio,3600 block of Madison Rd,1,0,false,false,false,false,false,false,https://www.gunviolencearchive.org/incident/2894138
2893294,2024-04-28,39.1333,-84.5203,Cincinnati,Ohio,2700 block of Clifton Ave,1,0,false,false,false,false,false,false,https://www.gunviolencearchive.org/incident/2893294
2892152,2024-04-27,39.2014,-84.5152,Cincinnati,Ohio,6340 Center Hill Ave,1,1,false,false,false,false,false,false,https://www.gunviolencearchive.org/incident/2892152
2889177,2024-04-24,39.2021,-84.4577,Cincinnati,Ohio,1639 Summit Rd,0,1,false,false,false,false,false,false,https://www.gunviolencearchive.org/incident/2889177
2889292,2024-04-24,39.2541,-84.4564,Cincinnati,Ohio,1200 block of Hillsmith Dr,1,0,false,false,false,false,false,false,https://www.gunviolencearchive.org/incident/2889292
2888832,2024-04-23,39.13,-84.526,Cincinnati,Ohio,600 block of Straight St,1,0,true,false,false,true,false,false,https://www.gunviolencearchive.org/incident/2888832
2887518,2024-04-22,39.19204052941765,-84.45605898951025,Cincinnati,Ohio,Losantiville Ave and Eastlawn Dr,1,0,false,false,false,false,false,false,https://www.gunviolencearchive.org/incident/2887518
2887433,2024-04-21,39.1495,-84.612,Cincinnati,Ohio,Glenmore Ave and Montana Ave,0,1,false,false,false,false,false,false,https://www.gunviolencearchive.org/incident/2887433
2886580,2024-04-21,39.125,-84.5534,Cincinnati,Ohio,1700 block of Westwood Ave,1,0,false,false,false,false,false,false,https://www.gunviolencearchive.org/incident/2886580
2885849,2024-04-20,39.1185,-84.5088,Cincinnati,Ohio,Estelle St and Auburn Ave,2,0,false,false,false,false,false,false,https://www.gunviolencearchive.org/incident/2885849
2885811,2024-04-20,39.2145,-84.4476,Cincinnati,Ohio,200 block of Clark Rd,1,0,false,false,false,false,false,false,https://www.gunviolencearchive.org/incident/2885811
2885144,2024-04-18,39.1173,-84.5249,Cincinnati,Ohio,500 block of York St,1,1,false,false,false,false,false,false,https://www.gunviolencearchive.org/incident/2885144
2881860,2024-04-16,39.2174,-84.4253,Reading,Ohio,1000 block of Thurnridge Dr,1,0,false,false,false,false,true,false,https://www.gunviolencearchive.org/incident/2881860
2881858,2024-04-16,39.1891,-84.779,Harrison,Ohio,5031 Kilby Rd,0,1,false,false,false,false,false,false,https://www.gunviolencearchive.org/incident/2881858
2881872,2024-04-16,39.2025,-84.5399,Cincinnati,Ohio,2600 block of W North Bend Rd,1,0,false,false,false,false,false,false,https://www.gunviolencearchive.org/incident/2881872
2880327,2024-04-14,39.11498247340933,-84.52721569223836,Cincinnati,Ohio,800 block of Poplar St,1,0,false,false,false,false,false,false,https://www.gunviolencearchive.org/incident/2880327
2877905,2024-04-12,39.2329,-84.5361,Mount Healthy,Ohio,7724 Clovernook Ave,0,1,false,false,false,false,false,false,https://www.gunviolencearchive.org/incident/2877905
2879858,2024-04-10,39.14764052941765,-84.48905898951026,Cincinnati,Ohio,800 block of Glenwood Ave,1,0,false,false,false,false,false,false,https://www.gunviolencearchive.org/incident/2879858
2874098,2024-04-08,39.128,-84.4997,Cincinnati,Ohio,2650 Reading Rd,0,1,false,false,false,false,false,false,https://www.gunviolencearchive.org/incident/2874098
2872795,2024-04-06,39.139,-84.4951,Cincinnati,Ohio,3315 Reading Rd,1,0,false,false,false,false,false,false,https://www.gunviolencearchive.org/incident/2872795
2870690,2024-04-03,39.14751547208421,-84.48899010890835,Cincinnati,Ohio,800 block of Glenwood Ave,1,0,false,false,false,false,false,false,https://www.gunviolencearchive.org/incident/2870690
2866737,2024-03-30,39.1948,-84.4867,Cincinnati,Ohio,333 W Seymour Ave,0,1,false,false,false,false,false,false,https://www.gunviolencearchive.org/incident/2866737
2866740,2024-03-30,39.1178,-84.5039,Cincinnati,Ohio,2000 block of Highland Ave,0,1,false,false,false,false,false,false,https://www.gunviolencearchive.org/incident/2866740
2866759,2024-03-28,39.256,-84.5833,Northgate,Ohio,Springdale Rd and Season Dr,1,0,false,false,false,false,false,false,https://www.gunviolencearchive.org/incident/2866759
2865076,2024-03-28,39.1321,-84.5059,Cincinnati,Ohio,200 block of Fosdick St,1,1,false,false,false,false,false,false,https://www.gunviolencearchive.org/incident/2865076
2862793,2024-03-26,39.1455,-84.5028,Cincinnati,Ohio,3500 block of Wilson Ave,1,0,false,false,false,false,false,false,https://www.gunviolencearchive.org/incident/2862793
2861288,2024-03-24,39.1097,-84.5117,Cincinnati,Ohio,Main St and 13th St,1,0,false,false,false,false,false,false,https://www.gunviolencearchive.org/incident/2861288
2861298,2024-03-23,39.1105,-84.5893,Cincinnati,Ohio,4200 block of St Lawrence Ave,1,0,false,false,false,false,false,true,https://www.gunviolencearchive.org/incident/2861298
2860493,2024-03-22,39.1917,-84.4042,Cincinnati,Ohio,3900 block of St James Ave,1,0,false,false,false,false,false,false,https://www.gunviolencearchive.org/incident/2860493
2857093,2024-03-18,39.0856,-84.609,Cincinnati,Ohio,200 block of Greenwell Ave,1,0,false,false,false,false,false,false,https://www.gunviolencearchive.org/incident/2857093
2852930,2024-03-13,39.1898,-84.5119,Cincinnati,Ohio,600 block of Dutch Colony Dr,2,0,true,false,false,false,false,false,https://www.gunviolencearchive.org/incident/2852930
2852729,2024-03-13,39.1497,-84.5618,Cincinnati,Ohio,Baltimore Ave and McHenry Ave,1,0,false,false,false,false,false,false,https://www.gunviolencearchive.org/incident/2852729
2850834,2024-03-11,39.1894,-84.4569,Cincinnati,Ohio,7100 block of Eastlawn Dr,0,1,false,false,false,false,false,false,https://www.gunviolencearchive.org/incident/2850834
2849825,2024-03-09,39.1898,-84.4643,Cincinnati,Ohio,Seymour Ave,1,0,false,false,false,false,false,false,https://www.gunviolencearchive.org/incident/2849825
2848005,2024-03-07,39.1517,-84.4855,Cincinnati,Ohio,900 block of Burton Ave,1,1,false,false,false,false,false,false,https://www.gunviolencearchive.org/incident/2848005
2846066,2024-03-05,39.11444052941766,-84.51625898951025,Cincinnati,Ohio,Vine St and Green St,1,0,false,false,false,false,false,false,https://www.gunviolencearchive.org/incident/2846066
2843675,2024-03-02,39.1485,-84.5118,Cincinnati,Ohio,3600 block of Vine St,1,0,false,false,false,false,false,false,https://www.gunviolencearchive.org/incident/2843675
2842287,2024-02-29,39.1036,-84.5699,Cincinnati,Ohio,732 Wells St,0,3,false,false,false,false,true,false,https://www.gunviolencearchive.org/incident/2842287
2840122,2024-02-27,39.1197,-84.5135,Cincinnati,Ohio,100 block of Winkler St,1,0,false,false,false,false,false,false,https://www.gunviolencearchive.org/incident/2840122
2838978,2024-02-26,39.18044052941765,-84.55665898951025,Cincinnati,Ohio,5400 block of Kirby Ave,0,1,false,false,false,false,false,false,https://www.gunviolencearchive.org/incident/2838978
2838966,2024-02-26,39.1389,-84.4966,Cincinnati,Ohio,500 block of Carplin Pl,0,1,false,false,false,false,false,false,https://www.gunviolencearchive.org/incident/2838966
2838125,2024-02-25,39.11124052941765,-84.52605898951025,Cincinnati,Ohio,Derrick Turnbow Ave,1,0,false,false,false,false,false,false,https://www.gunviolencearchive.org/incident/2838125
2838970,2024-02-25,39.2165,-84.584,Cincinnati,Ohio,7764 Colerain Ave,1,0,false,false,false,false,false,false,https://www.gunviolencearchive.org/incident/2838970
2837222,2024-02-24,39.1557,-84.5413,Cincinnati,Ohio,Elmore St and Spring Grove Ct,1,0,false,false,false,false,false,false,https://www.gunviolencearchive.org/incident/2837222
2837183,2024-02-24,39.1875,-84.4827,Elmwood Place,Ohio,6500 block of Hasler Ln,1,0,false,false,false,false,false,false,https://www.gunviolencearchive.org/incident/2837183
2838123,2024-02-20,39.1072,-84.5858,Cincinnati,Ohio,W 8th St and Sunset Ave,1,0,false,false,false,false,false,false,https://www.gunviolencearchive.org/incident/2838123
2832610,2024-02-18,39.2847,-84.4336,Cincinnati,Ohio,Kemper Rd,1,0,false,false,false,false,false,false,https://www.gunviolencearchive.org/incident/2832610
2830266,2024-02-15,39.104,-84.5663,Cincinnati,Ohio,700 block of Elberon Ave,0,1,false,false,false,false,false,false,https://www.gunviolencearchive.org/incident/2830266
2828192,2024-02-13,39.144,-84.4729,Cincinnati,Ohio,3500 block of Idlewild Ave,1,1,false,false,false,false,false,false,https://www.gunviolencearchive.org/incident/2828192
2825997,2024-02-11,39.1218,-84.4883,Cincinnati,Ohio,Kemper Ln,1,0,false,false,false,false,false,false,https://www.gunviolencearchive.org/incident/2825997
2826019,2024-02-11,39.1058,-84.5155,Cincinnati,Ohio,920 Race St,1,1,false,false,false,false,false,false,https://www.gunviolencearchive.org/incident/2826019
2822599,2024-02-06,39.1152,-84.5376,Cincinnati,Ohio,800 block of Findlay St,1,1,false,false,false,false,false,false,https://www.gunviolencearchive.org/incident/2822599
2829849,2024-02-04,39.2005,-84.5359,Cincinnati,Ohio,1100 block of Toluca Ct,1,0,false,false,false,false,false,false,https://www.gunviolencearchive.org/incident/2829849
2819659,2024-02-04,39.114,-84.5579,Cincinnati,Ohio,Claypole Ave and Wing St,1,0,false,false,false,false,false,false,https://www.gunviolencearchive.org/incident/2819659
2815541,2024-01-30,39.1267,-84.485,Cincinnati,Ohio,2525 Victory Pkwy,1,0,false,false,false,false,false,false,https://www.gunviolencearchive.org/incident/2815541
2814127,2024-01-29,39.1174,-84.5846,Cincinnati,Ohio,Sunset Ave,1,0,false,false,false,false,false,false,https://www.gunviolencearchive.org/incident/2814127
2813459,2024-01-28,39.2042,-84.4549,Cincinnati,Ohio,7751 Reading Rd,1,0,false,false,false,false,false,false,https://www.gunviolencearchive.org/incident/2813459
2811540,2024-01-25,39.18774052941765,-84.51055898951024,Cincinnati,Ohio,5300 block of Bettman Dr,1,0,false,false,false,false,false,false,https://www.gunviolencearchive.org/incident/2811540
2811538,2024-01-24,39.1441,-84.5694,Cincinnati,Ohio,Saffer St,1,0,false,false,false,true,false,false,https://www.gunviolencearchive.org/incident/2811538
2803134,2024-01-16,39.205,-84.5587,Cincinnati,Ohio,Witherby Ave and 2nd Ave,1,0,false,false,false,false,false,false,https://www.gunviolencearchive.org/incident/2803134
2803131,2024-01-16,39.2787,-84.4468,Sharonville,Ohio,11365 Lippelman Rd,1,0,false,false,false,false,false,false,https://www.gunviolencearchive.org/incident/2803131
2800601,2024-01-13,39.1447,-84.4687,Evanston,Ohio,1800 block of Clarion Ave,1,0,false,false,false,false,false,true,https://www.gunviolencearchive.org/incident/2800601
2800624,2024-01-12,39.1393,-84.4944,Avondale,Ohio,3300 block of Reading Rd,0,1,false,false,false,false,false,false,https://www.gunviolencearchive.org/incident/2800624
2798242,2024-01-09,39.1409,-84.5015,Cincinnati,Ohio,3300 block of Statham Ave,1,0,false,false,false,false,false,false,https://www.gunviolencearchive.org/incident/2798242
2792193,2024-01-01,39.1051,-84.5101,Cincinnati,Ohio,210 E 8th St,1,0,false,false,false,true,false,false,https://www.gunviolencearchive.org/incident/2792193
2792185,2024-01-01,39.2326,-84.5481,Cincinnati,Ohio,7600 block of Hamilton Ave,0,1,false,false,false,false,false,false,https://www.gunviolencearchive.org/incident/2792185
2792168,2024-01-01,39.130040529417656,-84.52605898951025,Cincinnati,Ohio,600 block of Straight St,0,1,false,false,false,false,false,false,https://www.gunviolencearchive.org/incident/2792168
2792171,2023-12-31,39.2048,-84.4612,Cincinnati,Ohio,7800 block of Dawn Rd,0,1,false,false,false,false,false,false,https://www.gunviolencearchive.org/incident/2792171
2789171,2023-12-28,39.1273,-84.5729,Cincinnati,Ohio,2169 Queen City Ave,2,0,false,false,false,false,false,false,https://www.gunviolencearchive.org/incident/2789171
2787284,2023-12-26,39.1353,-84.4681,Cincinnati,Ohio,3200 block of Wold Ave,1,0,false,false,false,false,false,false,https://www.gunviolencearchive.org/incident/2787284
2787314,2023-12-25,39.11487909816595,-84.52745755415765,Cincinnati,Ohio,800 block of Poplar St,1,0,false,false,false,false,true,false,https://www.gunviolencearchive.org/incident/2787314
2786016,2023-12-24,39.1075,-84.5147,Cincinnati,Ohio,1107 Vine St,2,0,false,false,false,false,false,false,https://www.gunviolencearchive.org/incident/2786016
2786056,2023-12-24,39.14964052941765,-84.55305898951025,Cincinnati,Ohio,2000 block of Millvale Ct,0,1,false,false,false,false,false,false,https://www.gunviolencearchive.org/incident/2786056
2786046,2023-12-24,39.172,-84.4622,Cincinnati,Ohio,1900 block of Berkley Ave,2,0,false,false,false,false,false,false,https://www.gunviolencearchive.org/incident/2786046
2786043,2023-12-23,39.1145,-84.5168,Cincinnati,Ohio,1700 block of Republic St,0,1,false,false,false,false,false,false,https://www.gunviolencearchive.org/incident/2786043
2785213,2023-12-22,39.1141,-84.5773,Cincinnati,Ohio,1200 block of Beech Ave,1,0,true,false,false,true,false,false,https://www.gunviolencearchive.org/incident/2785213
2783319,2023-12-19,39.2012,-84.5237,Cincinnati,Ohio,951 W North Bend Rd,2,0,false,false,false,false,false,false,https://www.gunviolencearchive.org/incident/2783319
2779734,2023-12-15,39.1541,-84.5598,Cincinnati,Ohio,2300 block of Williamsburg Dr,0,1,false,false,false,false,false,false,https://www.gunviolencearchive.org/incident/2779734
2779079,2023-12-14,39.149740529417656,-84.56185898951026,Cincinnati,Ohio,Baltimore Ave and McHenry Ave,1,0,false,false,false,false,false,false,https://www.gunviolencearchive.org/incident/2779079
2778204,2023-12-13,39.2827,-84.4617,Cincinnati,Ohio,455 Tri County Pkwy,1,0,false,false,false,true,false,false,https://www.gunviolencearchive.org/incident/2778204
2778206,2023-12-12,39.1794,-84.4775,Cincinnati,Ohio,Rossmore Ave,1,0,false,false,false,false,false,false,https://www.gunviolencearchive.org/incident/2778206
2775600,2023-12-10,39.2023,-84.4579,Cincinnati,Ohio,Summit Rd and Newbedford Ave,1,0,false,false,false,false,false,false,https://www.gunviolencearchive.org/incident/2775600
2774889,2023-12-08,39.1164,-84.515,Cincinnati,Ohio,100 block of E Clifton Ave,1,0,false,false,false,false,false,true,https://www.gunviolencearchive.org/incident/2774889
2768312,2023-12-01,39.21964052941765,-84.55065898951025,North College Hill,Ohio,1620 Galbraith Rd,1,0,false,false,false,false,false,false,https://www.gunviolencearchive.org/incident/2768312
2762971,2023-11-23,39.143940529417655,-84.49265898951025,Cincinnati,Ohio,600 block of Prospect Pl,1,0,false,false,false,false,false,false,https://www.gunviolencearchive.org/incident/2762971
2761363,2023-11-21,39.112815472084215,-84.51669010890835,Cincinnati,Ohio,Republic St and Green St,0,1,false,false,false,false,false,false,https://www.gunviolencearchive.org/incident/2761363
2762547,2023-11-21,39.1125,-84.5194,Cincinnati,Ohio,1531 Elm St,0,1,false,false,false,false,false,false,https://www.gunviolencearchive.org/incident/2762547
2760524,2023-11-20,39.2192,-84.4824,Cincinnati,Ohio,6300 block of Meyers Dr,0,1,false,false,false,false,false,false,https://www.gunviolencearchive.org/incident/2760524
2757482,2023-11-15,39.1956,-84.4791,Cincinnati,Ohio,7201 Vine St,1,0,false,false,false,false,false,false,https://www.gunviolencearchive.org/incident/2757482
2755750,2023-11-14,39.1115,-84.5606,Cincinnati,Ohio,Grand Ave,1,0,false,false,false,false,false,true,https://www.gunviolencearchive.org/incident/2755750
2751846,2023-11-09,39.1233,-84.5327,Cincinnati,Ohio,2300 block of Central Pkwy,0,1,false,false,false,false,false,false,https://www.gunviolencearchive.org/incident/2751846
2749332,2023-11-06,39.1459,-84.4951,Cincinnati,Ohio,600 block of Forest Ave,1,0,false,false,false,false,false,false,https://www.gunviolencearchive.org/incident/2749332
2749324,2023-11-06,39.2037,-84.5808,Cincinnati,Ohio,6040 Colerain Ave,1,0,false,false,false,false,false,false,https://www.gunviolencearchive.org/incident/2749324
2746983,2023-11-03,39.16,-84.603,Cheviot,Ohio,3200 block of Phoenix Ave,0,1,false,false,false,false,false,false,https://www.gunviolencearchive.org/incident/2746983
2746785,2023-11-03,39.11234052941765,-84.52405898951025,Cincinnati,Ohio,Jones St and Wade St,5,1,true,false,true,false,false,true,https://www.gunviolencearchive.org/incident/2746785
2746309,2023-11-03,39.107540529417655,-84.51475898951026,Cincinnati,Ohio,1107 Vine St,1,0,false,false,false,false,false,false,https://www.gunviolencearchive.org/incident/2746309
2746315,2023-11-02,39.10954052941765,-84.58355898951025,Cincinnati,Ohio,Rosemont Ave,1,0,false,false,false,false,false,false,https://www.gunviolencearchive.org/incident/2746315
2745407,2023-11-01,39.1295,-84.5093,Cincinnati,Ohio,2608 Short Vine St,1,0,false,false,false,false,false,false,https://www.gunviolencearchive.org/incident/2745407
2743173,2023-10-29,39.1043,-84.5171,Cincinnati,Ohio,200 block of 8th St,1,1,false,false,false,false,false,false,https://www.gunviolencearchive.org/incident/2743173
2743153,2023-10-29,39.1383,-84.4862,Cincinnati,Ohio,814 Blair Ave,1,0,false,false,false,false,false,false,https://www.gunviolencearchive.org/incident/2743153
2741409,2023-10-27,39.1571,-84.5606,Cincinnati,Ohio,Nottingham Rd,1,0,false,false,false,false,false,false,https://www.gunviolencearchive.org/incident/2741409
2741378,2023-10-27,39.1998,-84.5375,Cincinnati,Ohio,Homeside Ave and Leffingwell Ave,1,0,false,false,false,false,false,false,https://www.gunviolencearchive.org/incident/2741378
2740352,2023-10-26,39.1161,-84.5161,Cincinnati,Ohio,Frintz St and E McMicken Ave,1,0,false,false,false,false,false,false,https://www.gunviolencearchive.org/incident/2740352
2738207,2023-10-25,39.0863,-84.578,Cincinnati,Ohio,3280 River Rd,1,1,false,false,false,false,false,false,https://www.gunviolencearchive.org/incident/2738207
2738407,2023-10-24,39.1431,-84.5503,Cincinnati,Ohio,3200 block of Beekman St,2,0,false,false,false,false,false,false,https://www.gunviolencearchive.org/incident/2738407
2736737,2023-10-23,39.11298247340933,-84.51391569223836,Cincinnati,Ohio,1600 Walnut St,1,0,false,false,false,false,false,false,https://www.gunviolencearchive.org/incident/2736737
2736582,2023-10-23,39.14124052941765,-84.49305898951025,Cincinnati,Ohio,Blair Ave and Reading Rd,1,0,false,false,false,false,false,true,https://www.gunviolencearchive.org/incident/2736582
2735254,2023-10-21,39.11304052941765,-84.51475898951026,Cincinnati,Ohio,1600 block of Walnut St,0,1,false,false,false,false,false,false,https://www.gunviolencearchive.org/incident/2735254
2734673,2023-10-20,39.1119,-84.5259,Cincinnati,Ohio,700 block of David St,0,1,false,false,false,false,false,false,https://www.gunviolencearchive.org/incident/2734673
2734655,2023-10-20,39.0962,-84.6083,Cincinnati,Ohio,4978 Delhi Rd,1,1,false,false,false,false,false,false,https://www.gunviolencearchive.org/incident/2734655
2734758,2023-10-20,39.0957,-84.606,Cincinnati,Ohio,4978 Delhi Rd,1,0,false,false,false,false,false,false,https://www.gunviolencearchive.org/incident/2734758
2734663,2023-10-20,39.1268,-84.6049,Cincinnati,Ohio,3749 Glenway Ave,1,0,false,false,false,false,false,false,https://www.gunviolencearchive.org/incident/2734663
2734626,2023-10-19,39.2532,-84.588,Cincinnati,Ohio,10101 Arborwood Dr,0,1,false,false,false,false,false,false,https://www.gunviolencearchive.org/incident/2734626
2734049,2023-10-19,39.107340529417655,-84.56755898951025,Cincinnati,Ohio,Woodlawn Ave,2,0,false,false,false,false,false,false,https://www.gunviolencearchive.org/incident/2734049
2733528,2023-10-18,39.1031,-84.5098,Cincinnati,Ohio,600 block of Main St,1,0,false,false,false,false,false,false,https://www.gunviolencearchive.org/incident/2733528
2733001,2023-10-17,39.1458,-84.583,Cincinnati,Ohio,3175 Ferncrest Ct,0,1,false,false,false,false,false,false,https://www.gunviolencearchive.org/incident/2733001
2731961,2023-10-17,39.106,-84.521,Lockland,Ohio,200 block of Longworth Aly,1,0,false,false,false,false,false,false,https://www.gunviolencearchive.org/incident/2731961
2733006,2023-10-17,39.1087,-84.5215,Cincinnati,Ohio,Central Ave,1,0,false,false,false,false,true,false,https://www.gunviolencearchive.org/incident/2733006
2730756,2023-10-15,39.212,-84.5404,Cincinnati,Ohio,Oak Knoll Dr,1,0,false,false,false,true,false,false,https://www.gunviolencearchive.org/incident/2730756
2728961,2023-10-12,39.1456,-84.4911,Avondale,Ohio,3529 Reading Rd,1,0,false,false,false,false,false,false,https://www.gunviolencearchive.org/incident/2728961
2728033,2023-10-10,39.1342,-84.5728,Cincinnati,Ohio,2200 block of Harrison Ave,1,0,false,false,false,false,false,false,https://www.gunviolencearchive.org/incident/2728033
2726546,2023-10-08,39.0975,-84.5101,Cincinnati,Ohio,100 E Freedom Way,1,0,false,false,false,false,false,false,https://www.gunviolencearchive.org/incident/2726546
2725726,2023-10-07,39.1822,-84.4272,Cincinnati,Ohio,SR-562 and Montgomery Rd,2,0,false,false,false,false,false,false,https://www.gunviolencearchive.org/incident/2725726
2723181,2023-10-04,39.1184,-84.5312,Cincinnati,Ohio,Dayton St and Freeman Ave,1,0,false,false,false,false,false,false,https://www.gunviolencearchive.org/incident/2723181
2723154,2023-10-03,39.1007,-84.5652,Cincinnati,Ohio,400 block of Considine Ave,1,0,false,false,false,false,false,true,https://www.gunviolencearchive.org/incident/2723154
2721126,2023-10-01,39.1468,-84.613,Westwood,Ohio,Glenmore Ave and Daytona Ave,1,0,false,false,false,false,false,false,https://www.gunviolencearchive.org/incident/2721126
2719888,2023-09-30,39.1292,-84.5784,Cincinnati,Ohio,Queen City Ave,1,0,false,false,false,false,false,false,https://www.gunviolencearchive.org/incident/2719888
2719892,2023-09-29,39.12734052941765,-84.57295898951025,Cincinnati,Ohio,2169 Queen City Ave,2,0,false,false,false,false,false,false,https://www.gunviolencearchive.org/incident/2719892
2719018,2023-09-29,39.1913,-84.4833,Cincinnati,Ohio,67th St and Vine St,2,0,false,false,false,false,false,false,https://www.gunviolencearchive.org/incident/2719018
2718213,2023-09-28,39.1791,-84.4823,Bond Hill,Ohio,4934 Paddock Rd,1,1,false,false,false,false,false,true,https://www.gunviolencearchive.org/incident/2718213
2716050,2023-09-26,39.129,-84.4887,Cincinnati,Ohio,Yale Ave and Gilbert Ave,1,0,false,false,false,false,false,false,https://www.gunviolencearchive.org/incident/2716050
2716059,2023-09-25,39.1166,-84.5271,Cincinnati,Ohio,Linn St and Charlotte St,1,0,false,false,false,false,false,false,https://www.gunviolencearchive.org/incident/2716059
2715261,2023-09-25,39.17914052941765,-84.51135898951026,Cincinnati,Ohio,80 Craft St,0,1,false,false,false,false,false,false,https://www.gunviolencearchive.org/incident/2715261
2715324,2023-09-24,39.1463,-84.5925,Cincinnati,Ohio,3300 block of Wunder Ave,1,0,false,false,false,false,false,false,https://www.gunviolencearchive.org/incident/2715324
2715273,2023-09-24,39.145,-84.4976,Cincinnati,Ohio,3500 block of Harvey Ave,2,0,false,false,false,false,false,false,https://www.gunviolencearchive.org/incident/2715273
2714507,2023-09-24,39.1778,-84.4776,Cincinnati,Ohio,Paddock Rd and Laidlaw Ave,1,0,false,false,false,false,false,false,https://www.gunviolencearchive.org/incident/2714507
2712603,2023-09-21,39.1259,-84.4862,Cincinnati,Ohio,Park Ave and McMillan St,1,0,false,false,false,false,false,false,https://www.gunviolencearchive.org/incident/2712603
2712514,2023-09-19,39.107740529417654,-84.52545898951026,Cincinnati,Ohio,Clark St,1,0,false,false,false,false,false,false,https://www.gunviolencearchive.org/incident/2712514
2711416,2023-09-19,39.1447,-84.5739,Cincinnati,Ohio,McHenry Ave and Cavanaugh Ave,1,0,false,false,false,false,false,false,https://www.gunviolencearchive.org/incident/2711416
2708613,2023-09-17,39.1526,-84.5413,Cincinnati,Ohio,I-74 and I-75,1,0,false,false,false,false,false,true,https://www.gunviolencearchive.org/incident/2708613
2704930,2023-09-12,39.1303,-84.5227,Cincinnati,Ohio,424 Straight St,1,0,false,false,false,false,false,false,https://www.gunviolencearchive.org/incident/2704930
2704932,2023-09-12,39.1461,-84.4976,Cincinnati,Ohio,Forest Ave and Harvey Ave,1,0,false,false,false,false,false,false,https://www.gunviolencearchive.org/incident/2704932
2703608,2023-09-09,39.1425,-84.515,Cincinnati,Ohio,3400 block of Brookline Ave,0,1,false,false,false,false,false,false,https://www.gunviolencearchive.org/incident/2703608
2703615,2023-09-09,39.1183,-84.5124,Cincinnati,Ohio,2001 Eleanor Pl,2,0,false,false,false,false,false,false,https://www.gunviolencearchive.org/incident/2703615
2702033,2023-09-08,39.2237,-84.5201,Finneytown,Ohio,Cottonwood Dr and Hempstead Dr,0,1,false,false,false,false,false,false,https://www.gunviolencearchive.org/incident/2702033
2701633,2023-09-06,39.18984052941765,-84.51195898951025,Cincinnati,Ohio,600 block of Dutch Colony Dr,2,0,false,false,false,false,false,false,https://www.gunviolencearchive.org/incident/2701633
2699389,2023-09-05,39.2024,-84.4568,Cincinnati,Ohio,Summit Rd and Stillwell Rd,1,0,false,false,false,false,false,false,https://www.gunviolencearchive.org/incident/2699389
2699420,2023-09-04,39.107,-84.5255,Cincinnati,Ohio,Chestnut St,1,0,false,false,false,false,false,false,https://www.gunviolencearchive.org/incident/2699420
2698600,2023-09-04,39.09491547208421,-84.51309010890834,Cincinnati,Ohio,166 W Mehring Way,2,0,false,false,false,false,false,false,https://www.gunviolencearchive.org/incident/2698600
2698131,2023-09-02,39.1865,-84.5731,Cincinnati,Ohio,5300 block of E Knoll St,0,1,false,false,false,false,false,false,https://www.gunviolencearchive.org/incident/2698131
2699398,2023-09-02,39.1193,-84.521,Cincinnati,Ohio,200 block of W McMicken Ave,1,0,false,false,false,false,false,false,https://www.gunviolencearchive.org/incident/2699398
2696612,2023-09-01,39.1509,-84.5651,Cincinnati,Ohio,Henrianne Ct,1,0,false,false,false,false,false,false,https://www.gunviolencearchive.org/incident/2696612
2696603,2023-09-01,39.1456,-84.5816,Cincinnati,Ohio,Gobel Ave,1,0,false,false,false,false,false,false,https://www.gunviolencearchive.org/incident/2696603
2696243,2023-08-31,39.1703,-84.4205,Cincinnati,Ohio,5361 Kennedy Ave,2,0,false,false,false,false,false,false,https://www.gunviolencearchive.org/incident/2696243
2696618,2023-08-31,39.1348,-84.5001,Cincinnati,Ohio,413 Martin Luther King Dr E,1,0,false,false,false,false,false,false,https://www.gunviolencearchive.org/incident/2696618
2694066,2023-08-29,39.1222,-84.4926,Cincinnati,Ohio,Oak St and Gilbert Ave,2,0,false,false,false,false,false,false,https://www.gunviolencearchive.org/incident/2694066
2694092,2023-08-28,39.1903,-84.517,Cincinnati,Ohio,Dutch Colony Dr,1,0,false,false,false,false,false,false,https://www.gunviolencearchive.org/incident/2694092
2693237,2023-08-28,39.1605,-84.474,Cincinnati,Ohio,1200 block of Laidlaw Ave,1,0,false,false,false,false,false,false,https://www.gunviolencearchive.org/incident/2693237
2692221,2023-08-27,39.11291547208421,-84.51469010890835,Cincinnati,Ohio,30 E Liberty St,1,0,false,false,false,false,false,false,https://www.gunviolencearchive.org/incident/2692221
2692795,2023-08-27,39.1521,-84.5487,Cincinnati,Ohio,3600 block of Borden St,0,1,false,false,false,false,false,false,https://www.gunviolencearchive.org/incident/2692795
2692250,2023-08-26,39.1142,-84.5701,Cincinnati,Ohio,3600 block of Glenway Ave,1,0,false,false,false,false,false,false,https://www.gunviolencearchive.org/incident/2692250
2689980,2023-08-23,39.129840529417656,-84.48855898951025,Cincinnati,Ohio,Gilbert Ave and Oak St,1,0,false,false,false,false,false,false,https://www.gunviolencearchive.org/incident/2689980
2688585,2023-08-22,39.2533,-84.5741,Cincinnati,Ohio,10000 block of Sturgeon Ln,1,0,false,false,false,false,false,false,https://www.gunviolencearchive.org/incident/2688585
2688569,2023-08-22,39.1397,-84.5791,Cincinnati,Ohio,2455 Harrison Ave,0,1,false,false,false,false,false,false,https://www.gunviolencearchive.org/incident/2688569
2686390,2023-08-20,39.1962,-84.4781,Cincinnati,Ohio,Vine St and W 73rd St,1,0,false,false,false,false,false,false,https://www.gunviolencearchive.org/incident/2686390
2686387,2023-08-20,39.10724052941765,-84.56575898951026,Cincinnati,Ohio,Elberon Ave,2,0,false,false,false,false,false,false,https://www.gunviolencearchive.org/incident/2686387
2685278,2023-08-19,39.0974,-84.5097,Cincinnati,Ohio,150 E Freedom Way,1,0,false,false,false,false,false,false,https://www.gunviolencearchive.org/incident/2685278
2687470,2023-08-18,39.1536,-84.5955,Cincinnati,Ohio,2814 Temple Ave,0,1,false,false,false,false,false,false,https://www.gunviolencearchive.org/incident/2687470
2684435,2023-08-18,39.1601,-84.3821,Cincinnati,Ohio,6700 block of Madison Rd,1,0,false,false,false,false,false,false,https://www.gunviolencearchive.org/incident/2684435
2684549,2023-08-18,39.0855,-84.5842,Cincinnati,Ohio,3400 block of Hillside Ave,1,0,false,false,false,false,false,false,https://www.gunviolencearchive.org/incident/2684549
2681758,2023-08-14,39.190340529417654,-84.51705898951025,Cincinnati,Ohio,Dutch Colony Dr,1,0,false,false,false,false,false,true,https://www.gunviolencearchive.org/incident/2681758
2681741,2023-08-14,39.1161,-84.5729,Cincinnati,Ohio,Ross Ave,1,0,false,false,false,true,false,false,https://www.gunviolencearchive.org/incident/2681741
2679624,2023-08-13,39.125,-84.5247,Cincinnati,Ohio,2300 block of Flora St,4,0,false,false,true,false,false,false,https://www.gunviolencearchive.org/incident/2679624
2679429,2023-08-12,39.09744052941765,-84.50975898951025,Cincinnati,Ohio,150 E Freedom Way,1,0,false,false,false,false,false,false,https://www.gunviolencearchive.org/incident/2679429
2679416,2023-08-12,39.11308247340933,-84.51461569223837,Cincinnati,Ohio,30 E Liberty St,2,0,false,false,false,false,false,false,https://www.gunviolencearchive.org/incident/2679416
2679277,2023-08-12,39.145,-84.619,Cincinnati,Ohio,6140 Glenway Ave,1,0,false,false,false,false,false,false,https://www.gunviolencearchive.org/incident/2679277
2679401,2023-08-12,39.2573,-84.6052,Cincinnati,Ohio,4000 block of Resolute Cir,1,0,false,false,false,false,true,false,https://www.gunviolencearchive.org/incident/2679401
2677784,2023-08-11,39.2388,-84.4566,Cincinnati,Ohio,Simmons St,1,0,false,false,false,false,false,false,https://www.gunviolencearchive.org/incident/2677784
2678294,2023-08-11,39.11834052941765,-84.51245898951025,Cincinnati,Ohio,2001 Eleanor Pl,0,1,false,false,false,false,false,false,https://www.gunviolencearchive.org/incident/2678294
2677489,2023-08-10,39.203640529417655,-84.53295898951025,Cincinnati,Ohio,6315 Daly Rd,1,1,false,false,false,false,false,false,https://www.gunviolencearchive.org/incident/2677489
2675819,2023-08-08,39.2404,-84.581,Cincinnati,Ohio,Burgess Dr and Aries Ct,1,0,false,false,false,false,false,false,https://www.gunviolencearchive.org/incident/2675819
2674164,2023-08-07,39.11584052941765,-84.52685898951025,Cincinnati,Ohio,549 Findlay St,2,0,false,false,false,false,false,true,https://www.gunviolencearchive.org/incident/2674164
2674042,2023-08-06,39.2084,-84.5586,Cincinnati,Ohio,Simpson Ave and Innes Ave,1,0,false,false,false,false,false,false,https://www.gunviolencearchive.org/incident/2674042
2673229,2023-08-06,39.1044,-84.5138,Cincinnati,Ohio,Garfield Pl and Vine St,1,0,false,false,false,false,false,false,https://www.gunviolencearchive.org/incident/2673229
2672754,2023-08-05,39.1453,-84.4997,Cincinnati,Ohio,400 block of Rockdale Ave,0,1,false,false,false,false,false,true,https://www.gunviolencearchive.org/incident/2672754
2671024,2023-08-03,39.1079,-84.5765,Cincinnati,Ohio,900 block of Seton Ave,1,0,false,false,false,false,false,false,https://www.gunviolencearchive.org/incident/2671024
2671615,2023-08-03,39.1969,-84.5516,Cincinnati,Ohio,5800 block of Lathrop Pl,1,0,false,false,false,false,false,false,https://www.gunviolencearchive.org/incident/2671615
2669803,2023-08-02,39.09508247340933,-84.51301569223835,Cincinnati,Ohio,166 W Mehring Way,1,0,false,false,false,false,false,false,https://www.gunviolencearchive.org/incident/2669803
2669374,2023-08-01,39.10941547208421,-84.58349010890835,Cincinnati,Ohio,300 block of Rosemont Ave,2,0,false,false,false,false,false,false,https://www.gunviolencearchive.org/incident/2669374
2669361,2023-08-01,39.2438,-84.5424,Cincinnati,Ohio,1500 block of Meredith Dr,0,1,false,false,false,false,false,false,https://www.gunviolencearchive.org/incident/2669361
2669407,2023-07-31,39.1046,-84.5208,Cincinnati,Ohio,400 block of W 9th St,2,0,false,false,false,false,false,false,https://www.gunviolencearchive.org/incident/2669407
2667186,2023-07-30,39.1876,-84.5694,Cincinnati,Ohio,Colerain Ave,1,0,false,false,false,false,false,false,https://www.gunviolencearchive.org/incident/2667186
2667157,2023-07-30,39.2876,-84.4732,Springdale,Ohio,W Kemper Rd and Northland Blvd,0,1,false,false,false,false,false,false,https://www.gunviolencearchive.org/incident/2667157
2665801,2023-07-27,39.1431,-84.5784,Cincinnati,Ohio,3100 block of McHenry Ave,0,1,false,false,false,false,false,false,https://www.gunviolencearchive.org/incident/2665801
2664680,2023-07-26,39.1371,-84.5764,Cincinnati,Ohio,2300 block of Harrison Ave,1,0,false,false,false,false,false,false,https://www.gunviolencearchive.org/incident/2664680
2662992,2023-07-24,39.21384052941765,-84.48295898951025,Cincinnati,Ohio,W Galbraith Rd,1,0,false,false,false,false,false,false,https://www.gunviolencearchive.org/incident/2662992
2660542,2023-07-22,39.1297,-84.4879,Cincinnati,Ohio,2800 block of Gilbert Ave,2,0,false,false,false,false,false,false,https://www.gunviolencearchive.org/incident/2660542
2660122,2023-07-20,39.2752,-84.5746,Cincinnati,Ohio,Newmarket Dr and Wilson Ave,0,1,false,false,false,false,false,false,https://www.gunviolencearchive.org/incident/2660122
2655469,2023-07-16,39.1176,-84.531,Cincinnati,Ohio,1900 block of Freeman Ave,0,1,false,false,false,false,false,true,https://www.gunviolencearchive.org/incident/2655469
2655500,2023-07-15,39.1102,-84.5961,Cincinnati,Ohio,Delehanty Court,1,0,false,false,false,false,false,false,https://www.gunviolencearchive.org/incident/2655500
2653087,2023-07-14,39.11364052941765,-84.52755898951025,Cincinnati,Ohio,1600 block of Linn St,3,0,false,false,false,false,false,true,https://www.gunviolencearchive.org/incident/2653087
2653108,2023-07-14,39.1142,-84.5848,Cincinnati,Ohio,1200 block of Sunset Ave,1,0,false,false,false,false,false,false,https://www.gunviolencearchive.org/incident/2653108
2650099,2023-07-11,39.1158,-84.5233,Cincinnati,Ohio,400 block of Findlay St,0,1,false,false,false,false,false,false,https://www.gunviolencearchive.org/incident/2650099
2650087,2023-07-10,39.1791,-84.4017,Cincinnati,Ohio,6000 block of Plainfield Rd,1,1,true,false,false,false,false,true,https://www.gunviolencearchive.org/incident/2650087
2650161,2023-07-10,39.1299,-84.5891,Cincinnati,Ohio,2703 Erlene Dr,1,0,false,false,false,false,false,false,https://www.gunviolencearchive.org/incident/2650161
2648018,2023-07-09,39.111,-84.5154,Cincinnati,Ohio,Vine St and E 14th St,2,0,false,false,false,false,false,false,https://www.gunviolencearchive.org/incident/2648018
2646657,2023-07-06,39.1286,-84.5217,Cincinnati,Ohio,2515 Clifton Ave,1,0,false,false,false,false,false,false,https://www.gunviolencearchive.org/incident/2646657
2646649,2023-07-06,39.17761547208421,-84.50959010890836,Cincinnati,Ohio,Kings Run Ct,0,1,false,false,false,false,false,true,https://www.gunviolencearchive.org/incident/2646649
2644974,2023-07-05,39.2189,-84.4835,Cincinnati,Ohio,5300 block of Kingsway Ct,0,1,false,false,false,false,false,false,https://www.gunviolencearchive.org/incident/2644974
2644978,2023-07-05,39.1013,-84.5113,Cincinnati,Ohio,E 5th St and Walnut St,1,1,false,false,false,false,false,true,https://www.gunviolencearchive.org/incident/2644978
2645592,2023-07-04,39.1257,-84.5307,Cincinnati,Ohio,501 W McMillan St,1,0,false,false,false,false,false,false,https://www.gunviolencearchive.org/incident/2645592
2641717,2023-07-02,39.2004,-84.4592,Cincinnati,Ohio,7617 Reading Rd,1,0,false,false,false,false,false,false,https://www.gunviolencearchive.org/incident/2641717
2640058,2023-06-30,39.1069,-84.561,Cincinnati,Ohio,900 block of Grand Ave,1,0,false,false,false,false,false,false,https://www.gunviolencearchive.org/incident/2640058
2635911,2023-06-26,39.1961,-84.4803,Cincinnati,Ohio,7127 Fairpark Ave,0,1,false,false,false,false,false,false,https://www.gunviolencearchive.org/incident/2635911
2635842,2023-06-25,39.1302,-84.5907,Cincinnati,Ohio,2700 block of Erlene Dr,1,1,false,false,false,false,false,false,https://www.gunviolencearchive.org/incident/2635842
2635918,2023-06-25,39.154,-84.4614,Cincinnati,Ohio,4103 Montgomery Rd,1,0,false,false,false,false,false,false,https://www.gunviolencearchive.org/incident/2635918
2635437,2023-06-25,39.1097,-84.5127,Cincinnati,Ohio,1233 Clay St,4,0,false,false,true,false,false,false,https://www.gunviolencearchive.org/incident/2635437
2641696,2023-06-25,39.1503,-84.6153,Cincinnati,Ohio,Dina Ave,1,0,false,false,false,false,false,false,https://www.gunviolencearchive.org/incident/2641696
2632971,2023-06-22,39.1376,-84.53,Cincinnati,Ohio,700 block of Riddle Rd,1,0,false,false,false,false,false,false,https://www.gunviolencearchive.org/incident/2632971
2632983,2023-06-22,39.1237,-84.5197,Cincinnati,Ohio,2300 block of Clifton Ave,1,0,false,false,false,false,false,false,https://www.gunviolencearchive.org/incident/2632983
2632151,2023-06-22,39.16304052941765,-84.47295898951025,Cincinnati,Ohio,7759 Reading Rd,0,1,false,false,false,false,false,false,https://www.gunviolencearchive.org/incident/2632151
2628911,2023-06-18,39.09731547208421,-84.50969010890834,Cincinnati,Ohio,150 E Freedom Way,1,0,false,false,false,false,false,false,https://www.gunviolencearchive.org/incident/2628911
2628576,2023-06-18,39.18761547208421,-84.51049010890834,Cincinnati,Ohio,5300 block of Bettman Ave,0,1,false,false,false,false,false,false,https://www.gunviolencearchive.org/incident/2628576
2627686,2023-06-17,39.2067,-84.4516,Reading,Ohio,Reading Rd and Sunnybrooke Dr,1,0,false,false,false,false,false,false,https://www.gunviolencearchive.org/incident/2627686
2628641,2023-06-17,39.2066,-84.7042,Cleves,Ohio,8015 Furlong Dr,1,0,true,false,false,true,false,false,https://www.gunviolencearchive.org/incident/2628641
2628580,2023-06-17,39.1215,-84.5656,Cincinnati,Ohio,2200 block of Quebec Rd,0,1,false,false,false,false,false,false,https://www.gunviolencearchive.org/incident/2628580
2625902,2023-06-14,39.1759,-84.4409,Cincinnati,Ohio,5600 block of Montgomery Rd,1,0,false,false,false,false,false,false,https://www.gunviolencearchive.org/incident/2625902
2625182,2023-06-13,39.13714052941765,-84.57645898951026,Cincinnati,Ohio,2300 block of Harrison Ave,4,0,false,false,true,false,false,true,https://www.gunviolencearchive.org/incident/2625182
2625233,2023-06-13,39.1059,-84.6865,Cincinnati,Ohio,6300 block of Gracely Dr,1,0,false,false,false,false,false,false,https://www.gunviolencearchive.org/incident/2625233
2625209,2023-06-13,39.12504052941765,-84.55345898951025,Cincinnati,Ohio,1700 block of Westwood Ave,3,0,false,false,false,false,false,false,https://www.gunviolencearchive.org/incident/2625209
2623253,2023-06-12,39.1261,-84.5557,Cincinnati,Ohio,1748 Queen City Ave,1,1,false,false,false,true,true,false,https://www.gunviolencearchive.org/incident/2623253
2621813,2023-06-10,39.1923,-84.5681,Cincinnati,Ohio,2500 block of North Bend Rd,0,1,false,false,false,false,false,false,https://www.gunviolencearchive.org/incident/2621813
2621312,2023-06-09,39.1803,-84.4181,Cincinnati,Ohio,Robison Rd and Woodford Rd,1,0,false,false,false,false,false,true,https://www.gunviolencearchive.org/incident/2621312
2619412,2023-06-07,39.1115,-84.5268,Cincinnati,Ohio,Jones St,1,0,false,false,false,false,false,false,https://www.gunviolencearchive.org/incident/2619412
2619553,2023-06-06,39.1449,-84.4714,Cincinnati,Ohio,3600 block of Newton Ave,1,0,false,false,false,false,false,false,https://www.gunviolencearchive.org/incident/2619553
2616431,2023-06-04,39.2118,-84.3887,Cincinnati,Ohio,8450 Blue Ash Rd,1,0,false,false,false,false,false,false,https://www.gunviolencearchive.org/incident/2616431
2616402,2023-06-04,39.1895,-84.4634,Cincinnati,Ohio,Reading Rd and Seymour Ave,1,0,false,false,false,false,false,false,https://www.gunviolencearchive.org/incident/2616402
2616407,2023-06-04,39.20424052941765,-84.45495898951025,Cincinnati,Ohio,7751 Reading Rd,1,0,false,false,false,false,false,false,https://www.gunviolencearchive.org/incident/2616407
2615954,2023-06-03,39.15264052941765,-84.48445898951024,Cincinnati,Ohio,3719 Reading Rd,1,0,true,false,false,false,false,false,https://www.gunviolencearchive.org/incident/2615954
2615744,2023-06-03,39.10771547208421,-84.52789010890835,Cincinnati,Ohio,Linn St and Clark St,1,0,false,false,false,false,false,false,https://www.gunviolencearchive.org/incident/2615744
2615664,2023-06-03,39.1093,-84.5663,Cincinnati,Ohio,Mansion Ave and Kensington Place,1,0,false,false,false,false,false,false,https://www.gunviolencearchive.org/incident/2615664
2615739,2023-06-03,39.1077,-84.5726,Cincinnati,Ohio,900 block of Enright Ave,0,1,false,false,false,false,true,false,https://www.gunviolencearchive.org/incident/2615739
2615731,2023-06-03,39.1762,-84.5096,Cincinnati,Ohio,4661 Kings Run Dr,3,0,false,false,false,false,false,true,https://www.gunviolencearchive.org/incident/2615731
2614877,2023-06-02,39.14071547208421,-84.58089010890835,Cincinnati,Ohio,Harrison Ave and Robert Ave,1,0,false,false,false,false,false,false,https://www.gunviolencearchive.org/incident/2614877
2614867,2023-06-02,39.1136,-84.5245,Cincinnati,Ohio,500 block of Liberty St,2,0,false,false,false,false,false,false,https://www.gunviolencearchive.org/incident/2614867
2616427,2023-06-01,39.1155,-84.5273,Cincinnati,Ohio,Livingston St and Linn St,1,0,false,false,false,false,false,false,https://www.gunviolencearchive.org/incident/2616427
2613425,2023-05-31,39.107740529417654,-84.57265898951024,Cincinnati,Ohio,900 block of Enright Ave,0,1,false,false,false,false,false,false,https://www.gunviolencearchive.org/incident/2613425
2613375,2023-05-31,39.11444052941766,-84.51435898951026,Cincinnati,Ohio,73 E McMicken Ave,4,0,true,false,true,false,false,true,https://www.gunviolencearchive.org/incident/2613375
2611953,2023-05-30,39.2829,-84.4832,Cincinnati,Ohio,328 Northland Blvd,3,0,false,false,false,false,false,false,https://www.gunviolencearchive.org/incident/2611953
2614289,2023-05-30,39.1523,-84.4874,Cincinnati,Ohio,759 Greenwood Ave,1,0,false,false,false,false,false,false,https://www.gunviolencearchive.org/incident/2614289
2611027,2023-05-29,39.172640529417656,-84.45665898951025,Norwood,Ohio,Hunter Ave and Clermont Ave,0,1,false,false,false,false,false,false,https://www.gunviolencearchive.org/incident/2611027
2611482,2023-05-28,39.1918,-84.5701,Cincinnati,Ohio,2568 W North Bend Rd,1,0,false,false,false,false,false,false,https://www.gunviolencearchive.org/incident/2611482
2611480,2023-05-28,39.1211,-84.5691,Cincinnati,Ohio,Quebec Rd and Westmont Dr,1,0,false,false,false,false,false,false,https://www.gunviolencearchive.org/incident/2611480
2608042,2023-05-25,39.1157,-84.516,Cincinnati,Ohio,Hamer St and Elder St,0,1,false,false,false,false,false,false,https://www.gunviolencearchive.org/incident/2608042
2608044,2023-05-25,39.114140529417654,-84.52025898951025,Cincinnati,Ohio,Green St,1,0,false,false,false,false,false,false,https://www.gunviolencearchive.org/incident/2608044
2606031,2023-05-23,39.1333,-84.5042,Cincinnati,Ohio,Bellevue Ave and Donahue St,0,1,false,false,false,false,false,false,https://www.gunviolencearchive.org/incident/2606031
2604092,2023-05-20,39.187,-84.5121,Cincinnati,Ohio,5300 block of Holland Dr,1,0,true,false,false,false,false,false,https://www.gunviolencearchive.org/incident/2604092
2602794,2023-05-19,39.1848,-84.514,Cincinnati,Ohio,Winneste Ave and Gardenhill Ln,1,0,false,false,false,false,false,false,https://www.gunviolencearchive.org/incident/2602794
2600295,2023-05-15,39.1441,-84.5344,Cincinnati,Ohio,3356 Central Pkwy,2,1,false,false,false,false,false,true,https://www.gunviolencearchive.org/incident/2600295
2597579,2023-05-13,39.163,-84.5089,Cincinnati,Ohio,I-75 and W Mitchell Ave,0,1,false,false,false,false,false,true,https://www.gunviolencearchive.org/incident/2597579
2595211,2023-05-11,39.1501,-84.5698,Cincinnati,Ohio,3415 McHenry Ave,1,0,false,false,false,false,false,false,https://www.gunviolencearchive.org/incident/2595211
2595206,2023-05-11,39.112879098165955,-84.51415755415765,Cincinnati,Ohio,1600 block of Walnut St,1,0,false,false,false,false,false,false,https://www.gunviolencearchive.org/incident/2595206
2595188,2023-05-10,39.2273,-84.4612,Cincinnati,Ohio,600 block of Wyoming Ave,0,1,false,false,false,false,false,false,https://www.gunviolencearchive.org/incident/2595188
2596931,2023-05-10,39.11554052941765,-84.52735898951025,Cincinnati,Ohio,Livingston St and Linn St,1,0,false,false,false,false,false,false,https://www.gunviolencearchive.org/incident/2596931
2594288,2023-05-09,39.1694,-84.4983,Saint Bernard,Ohio,4911 Vine St,1,0,false,false,false,false,false,false,https://www.gunviolencearchive.org/incident/2594288
2592552,2023-05-08,39.2021,-84.5776,Cincinnati,Ohio,2600 block of Chesterfield Court,0,1,false,false,false,false,false,false,https://www.gunviolencearchive.org/incident/2592552
2588548,2023-05-04,39.1632,-84.534,Cincinnati,Ohio,4200 block of Chambers St,0,2,false,false,false,false,true,false,https://www.gunviolencearchive.org/incident/2588548
2588196,2023-05-03,39.11424052941765,-84.58485898951025,Cincinnati,Ohio,1200 block of Sunset Ave,0,1,false,false,false,false,false,false,https://www.gunviolencearchive.org/incident/2588196
2587140,2023-05-01,39.1469,-84.4895,Cincinnati,Ohio,3566 Reading Rd,1,0,false,false,false,false,false,false,https://www.gunviolencearchive.org/incident/2587140
2586013,2023-05-01,39.127,-84.503,Cincinnati,Ohio,2500 Highland Ave,0,1,false,false,false,false,false,false,https://www.gunviolencearchive.org/incident/2586013
2586015,2023-05-01,39.1033,-84.5147,Cincinnati,Ohio,I-75 and 7th St,1,0,false,false,false,false,false,false,https://www.gunviolencearchive.org/incident/2586015
2584452,2023-04-29,39.1412,-84.5241,Cincinnati,Ohio,500 block of Lowell Ave,1,0,false,false,false,false,false,false,https://www.gunviolencearchive.org/incident/2584452
2583866,2023-04-28,39.1127,-84.5125,Cincinnati,Ohio,E Liberty St and Main St,0,1,false,false,false,false,false,false,https://www.gunviolencearchive.org/incident/2583866
2578317,2023-04-21,39.1958,-84.4889,Cincinnati,Ohio,W Seymour Ave,1,0,false,false,false,false,false,false,https://www.gunviolencearchive.org/incident/2578317
2582253,2023-04-18,39.2208,-84.5508,Cincinnati,Ohio,1740 Bising Ave,1,0,true,false,false,false,false,false,https://www.gunviolencearchive.org/incident/2582253
2578330,2023-04-18,39.1403,-84.5005,Cincinnati,Ohio,3315 Burnet Ave,1,0,false,false,false,false,false,false,https://www.gunviolencearchive.org/incident/2578330
2575742,2023-04-18,39.18801547208421,-84.51199010890835,Cincinnati,Ohio,600 block of Strand Lane,0,1,false,false,false,false,false,false,https://www.gunviolencearchive.org/incident/2575742
2573112,2023-04-15,39.1679,-84.4701,Cincinnati,Ohio,Reading Rd and Tennessee Ave,1,0,false,false,false,false,false,false,https://www.gunviolencearchive.org/incident/2573112
2573102,2023-04-15,39.1045,-84.5152,Cincinnati,Ohio,100 Garfield Pl,3,0,false,false,false,false,false,false,https://www.gunviolencearchive.org/incident/2573102
2573124,2023-04-14,39.104540529417655,-84.51525898951024,Cincinnati,Ohio,100 Garfield Pl,1,0,false,false,false,false,false,false,https://www.gunviolencearchive.org/incident/2573124
2571514,2023-04-13,39.2942,-84.4927,Springdale,Ohio,Glensprings Dr,1,0,false,false,false,false,false,false,https://www.gunviolencearchive.org/incident/2571514
2571517,2023-04-12,39.1359,-84.5263,Cincinnati,Ohio,Riddle Rd,1,0,false,false,false,false,false,false,https://www.gunviolencearchive.org/incident/2571517
2596901,2023-04-10,39.1266,-84.5487,Cincinnati,Ohio,1550 Queen City Ave,1,0,false,false,false,false,false,false,https://www.gunviolencearchive.org/incident/2596901
2580208,2023-04-10,39.1113,-84.5137,Cincinnati,Ohio,1400 Walnut St,1,0,false,false,false,false,false,false,https://www.gunviolencearchive.org/incident/2580208
2567936,2023-04-09,39.21371547208421,-84.48289010890835,Cincinnati,Ohio,2510 W Galbraith Rd,0,1,false,false,false,false,false,false,https://www.gunviolencearchive.org/incident/2567936
2567950,2023-04-08,39.1142,-84.5204,Cincinnati,Ohio,Green St,1,0,false,false,false,false,false,false,https://www.gunviolencearchive.org/incident/2567950
2565956,2023-04-06,39.1841,-84.5639,Cincinnati,Ohio,Hawaiian Terrace,1,0,false,false,false,false,false,false,https://www.gunviolencearchive.org/incident/2565956
2565899,2023-04-05,39.2952,-84.5232,Forest Park,Ohio,1199 Smiley Ave,1,0,false,false,false,false,false,false,https://www.gunviolencearchive.org/incident/2565899
2564264,2023-04-04,39.189540529417656,-84.46345898951024,Cincinnati,Ohio,Reading Rd and E Seymour Ave,2,0,false,false,false,false,false,true,https://www.gunviolencearchive.org/incident/2564264
2563426,2023-04-01,39.1143,-84.5812,Cincinnati,Ohio,1200 block of Gilsey Ave,1,0,false,false,false,true,false,false,https://www.gunviolencearchive.org/incident/2563426
2569849,2023-04-01,39.1316,-84.5351,Cincinnati,Ohio,9740 Colerain Ave,1,0,false,false,false,false,false,true,https://www.gunviolencearchive.org/incident/2569849
2562685,2023-04-01,39.121,-84.5154,Cincinnati,Ohio,2200 block of Vine St,0,1,false,false,false,false,false,false,https://www.gunviolencearchive.org/incident/2562685
2562319,2023-03-31,39.24384052941765,-84.54245898951025,Cincinnati,Ohio,1500 block of Meredith Ave,1,0,false,false,false,false,false,false,https://www.gunviolencearchive.org/incident/2562319
2557361,2023-03-28,39.1285,-84.4304,Cincinnati,Ohio,Delta Ave and Linwood Ave,1,0,false,false,false,false,false,false,https://www.gunviolencearchive.org/incident/2557361
2555890,2023-03-27,39.116140529417656,-84.52725898951024,Cincinnati,Ohio,Linn St and Findlay St,1,0,false,false,false,false,false,false,https://www.gunviolencearchive.org/incident/2555890
2549561,2023-03-19,39.1634,-84.6063,Cheviot,Ohio,Alpine Pl and N Bend Rd,1,0,false,false,false,false,true,false,https://www.gunviolencearchive.org/incident/2549561
2549217,2023-03-18,39.2705,-84.4417,Sharonville,Ohio,2300 block of Sharon Rd,1,0,false,false,false,false,false,false,https://www.gunviolencearchive.org/incident/2549217
2549208,2023-03-17,39.2174,-84.5487,Cincinnati,Ohio,6840 Hamilton Ave,1,0,false,false,false,false,false,false,https://www.gunviolencearchive.org/incident/2549208
2548468,2023-03-17,39.1864,-84.4891,Cincinnati,Ohio,6005 Vine St,1,0,false,false,false,false,false,false,https://www.gunviolencearchive.org/incident/2548468
2546434,2023-03-15,39.1583,-84.5401,Cincinnati,Ohio,3949 Spring Grove Ave,1,0,false,false,false,false,false,false,https://www.gunviolencearchive.org/incident/2546434
2546232,2023-03-13,39.1223,-84.5747,Cincinnati,Ohio,Wyoming Ave,1,0,false,false,false,false,false,false,https://www.gunviolencearchive.org/incident/2546232
2545429,2023-03-12,39.2517,-84.6069,Cincinnati,Ohio,3737 Stone Creek Blvd,1,0,false,false,false,false,false,false,https://www.gunviolencearchive.org/incident/2545429
2543922,2023-03-10,39.1798,-84.5123,Cincinnati,Ohio,200 block of Craft St,0,1,false,false,false,false,false,false,https://www.gunviolencearchive.org/incident/2543922
2542676,2023-03-08,39.1522,-84.5903,Cincinnati,Ohio,Westwood Northern Blvd,1,0,false,false,false,false,false,false,https://www.gunviolencearchive.org/incident/2542676
2540223,2023-03-06,39.1298,-84.5441,Cincinnati,Ohio,2500 block of Beekman St,1,0,false,false,false,false,false,false,https://www.gunviolencearchive.org/incident/2540223
2540850,2023-03-06,39.0409,-84.341,Cincinnati,Ohio,7900 block of Ayers Road,1,0,false,false,false,false,false,false,https://www.gunviolencearchive.org/incident/2540850
2540252,2023-03-06,39.104,-84.6172,Cincinnati,Ohio,Anderson Ferry Rd and Foley Rd,1,0,false,false,false,false,false,false,https://www.gunviolencearchive.org/incident/2540252
2540189,2023-03-05,39.1534,-84.5486,Cincinnati,Ohio,3700 Borden St,1,0,false,false,false,false,false,false,https://www.gunviolencearchive.org/incident/2540189
2538629,2023-03-04,39.2759,-84.566,Cincinnati,Ohio,2333 Hidden Meadows Dr,0,1,false,false,false,false,true,false,https://www.gunviolencearchive.org/incident/2538629
2537396,2023-03-01,39.1861,-84.4585,Cincinnati,Ohio,Joyce Lane,1,0,false,false,false,false,false,false,https://www.gunviolencearchive.org/incident/2537396
2537333,2023-03-01,39.1603,-84.5418,Cincinnati,Ohio,Cherry St and Blue Rock Rd,1,0,false,false,false,false,false,false,https://www.gunviolencearchive.org/incident/2537333
2537363,2023-02-27,39.1566,-84.4785,Cincinnati,Ohio,4040 Reading Rd,1,0,false,false,false,false,false,false,https://www.gunviolencearchive.org/incident/2537363
2534387,2023-02-26,39.182240529417655,-84.42725898951025,Cincinnati,Ohio,Montgomery Rd,1,0,false,false,false,false,false,false,https://www.gunviolencearchive.org/incident/2534387
2533525,2023-02-25,39.1449,-84.4978,Cincinnati,Ohio,Rockdale Ave and Harvey Ave,1,0,false,false,false,false,false,false,https://www.gunviolencearchive.org/incident/2533525
2533523,2023-02-25,39.1103,-84.5138,Cincinnati,Ohio,1331 Walnut St,1,0,false,false,false,false,false,false,https://www.gunviolencearchive.org/incident/2533523
2533301,2023-02-23,39.1873,-84.4682,Cincinnati,Ohio,7000 block of Glen Meadow Lane,1,0,false,false,false,false,false,false,https://www.gunviolencearchive.org/incident/2533301
2530692,2023-02-20,39.1325,-84.4969,Cincinnati,Ohio,2900 block of Reading Rd,0,1,false,false,false,false,false,false,https://www.gunviolencearchive.org/incident/2530692
2529850,2023-02-20,39.13701547208421,-84.57639010890836,Cincinnati,Ohio,2300 block of Harrison Ave,2,0,false,false,false,false,false,false,https://www.gunviolencearchive.org/incident/2529850
2529834,2023-02-19,39.1623,-84.4316,Cincinnati,Ohio,3000 block of Disney St,1,0,false,false,false,false,false,false,https://www.gunviolencearchive.org/incident/2529834
2529027,2023-02-18,39.1466,-84.6093,Cincinnati,Ohio,3300 block of Dartmouth Dr,0,1,false,false,false,false,false,false,https://www.gunviolencearchive.org/incident/2529027
2528194,2023-02-18,39.1664,-84.4811,Cincinnati,Ohio,1100 block of Clearbrook Dr,1,1,true,false,false,false,true,false,https://www.gunviolencearchive.org/incident/2528194
2527244,2023-02-16,39.1628,-84.4731,Cincinnati,Ohio,Reading Rd,1,0,false,false,false,false,false,true,https://www.gunviolencearchive.org/incident/2527244
2526127,2023-02-15,39.1979,-84.4645,Cincinnati,Ohio,1546 Section Rd,0,2,false,false,false,false,true,false,https://www.gunviolencearchive.org/incident/2526127
2527141,2023-02-15,39.119,-84.5113,Cincinnati,Ohio,100 Malvern Place,0,1,false,false,false,false,false,false,https://www.gunviolencearchive.org/incident/2527141
2523810,2023-02-12,39.1284,-84.5149,Cincinnati,Ohio,200 block of Calhoun St,1,0,false,false,false,false,false,false,https://www.gunviolencearchive.org/incident/2523810
2520624,2023-02-08,39.1272,-84.5641,Cincinnati,Ohio,White St and Queen City BYP,1,0,false,false,false,false,false,false,https://www.gunviolencearchive.org/incident/2520624
2520069,2023-02-06,39.2916,-84.486,Springdale,Ohio,11775 Springfield Pike,1,0,false,false,false,false,false,false,https://www.gunviolencearchive.org/incident/2520069
2518675,2023-02-05,39.1444,-84.465,Cincinnati,Ohio,3600 block of Bevis Ave,1,1,false,false,false,false,true,false,https://www.gunviolencearchive.org/incident/2518675
2517394,2023-02-03,39.1521,-84.5013,Cincinnati,Ohio,3657 Canyon Dr,0,3,false,false,false,false,true,false,https://www.gunviolencearchive.org/incident/2517394
2516658,2023-02-02,39.25324052941765,-84.58805898951024,Cincinnati,Ohio,10101 Arborwood Dr,1,0,false,false,false,false,true,false,https://www.gunviolencearchive.org/incident/2516658
2514629,2023-01-30,39.1353,-84.4784,Wyoming,Ohio,Durrell Ave,0,1,false,true,false,false,false,false,https://www.gunviolencearchive.org/incident/2514629
2513804,2023-01-29,39.2075,-84.4798,Cincinnati,Ohio,100 block of Caldwell Dr,1,0,false,false,false,false,false,false,https://www.gunviolencearchive.org/incident/2513804
2513409,2023-01-28,39.19584052941765,-84.48895898951025,Cincinnati,Ohio,W Seymour Ave,1,0,false,false,false,false,false,false,https://www.gunviolencearchive.org/incident/2513409
2513383,2023-01-28,39.1361,-84.5479,Cincinnati,Ohio,1600 block of Pulte St,0,1,false,false,false,false,false,false,https://www.gunviolencearchive.org/incident/2513383
2513799,2023-01-28,39.256,-84.4769,Woodlawn,Ohio,Joliet Ave and Roberta Dr,1,0,false,false,false,false,false,false,https://www.gunviolencearchive.org/incident/2513799
2513394,2023-01-27,39.189415472084214,-84.46339010890834,Cincinnati,Ohio,E Seymour Ave and Reading Rd,1,0,false,false,false,false,false,false,https://www.gunviolencearchive.org/incident/2513394
2515155,2023-01-27,39.1794,-84.4658,Cincinnati,Ohio,Portman Ave and Reading Rd,2,0,false,false,false,false,false,false,https://www.gunviolencearchive.org/incident/2515155
2504546,2023-01-16,39.1085,-84.5801,Cincinnati,Ohio,900 block of Harris Ave,0,1,false,false,false,false,false,false,https://www.gunviolencearchive.org/incident/2504546
2503668,2023-01-15,39.2985,-84.5169,Cincinnati,Ohio,Hitchcock Dr,1,0,false,false,false,false,false,false,https://www.gunviolencearchive.org/incident/2503668
2499810,2023-01-09,39.1254,-84.5057,Cincinnati,Ohio,2400 block of Paris St,1,0,false,false,false,false,false,false,https://www.gunviolencearchive.org/incident/2499810
2499804,2023-01-09,39.1669,-84.4811,Cincinnati,Ohio,Barbara Place,1,0,false,false,false,false,false,false,https://www.gunviolencearchive.org/incident/2499804
2497519,2023-01-07,39.20224052941765,-84.45585898951025,Cincinnati,Ohio,Reading Rd and Summit Rd,2,0,false,false,false,false,false,false,https://www.gunviolencearchive.org/incident/2497519
2495068,2023-01-04,39.1577,-84.5617,Cincinnati,Ohio,2500 block of Nottingham Rd,1,0,false,false,false,false,false,false,https://www.gunviolencearchive.org/incident/2495068
2492623,2023-01-01,39.2782,-84.5579,Cincinnati,Ohio,11000 block of Quaildridge Ct,1,0,false,false,false,false,false,false,https://www.gunviolencearchive.org/incident/2492623
2492608,2023-01-01,39.103940529417656,-84.56485898951026,Cincinnati,Ohio,700 block of Purcell Ave,1,1,false,false,false,false,false,false,https://www.gunviolencearchive.org/incident/2492608
2489602,2022-12-28,39.2516,-84.5985,Cincinnati,Ohio,9869 Colerain Ave,0,1,false,false,false,false,false,false,https://www.gunviolencearchive.org/incident/2489602
2489655,2022-12-28,39.10761547208421,-84.52539010890835,Cincinnati,Ohio,Clark St,1,0,false,false,false,false,false,false,https://www.gunviolencearchive.org/incident/2489655
2489664,2022-12-26,39.125,-84.5946,Cincinnati,Ohio,Hardwick Dr,1,0,false,false,false,false,false,false,https://www.gunviolencearchive.org/incident/2489664
2488216,2022-12-26,39.19151547208421,-84.51249010890835,Cincinnati,Ohio,Gardenhill Ln,1,0,false,false,false,false,false,false,https://www.gunviolencearchive.org/incident/2488216
2486899,2022-12-22,39.2162,-84.5315,Cincinnati,Ohio,1200 Galbraith Rd,1,1,false,false,false,false,false,false,https://www.gunviolencearchive.org/incident/2486899
2483580,2022-12-18,39.1375,-84.5777,Cincinnati,Ohio,Cora Ave and Harrison Ave,2,0,false,false,false,false,true,false,https://www.gunviolencearchive.org/incident/2483580
2485746,2022-12-17,39.2141,-84.5537,Cincinnati,Ohio,6700 Savannah Ave,1,0,false,false,false,false,false,false,https://www.gunviolencearchive.org/incident/2485746
2482897,2022-12-16,39.1464,-84.574,Cincinnati,Ohio,2400 block of Westwood Northern Blvd,1,0,false,false,false,false,false,false,https://www.gunviolencearchive.org/incident/2482897
2482895,2022-12-15,39.2104,-84.4681,Cincinnati,Ohio,Woodbine Ave,1,0,false,false,false,false,false,false,https://www.gunviolencearchive.org/incident/2482895
2481096,2022-12-13,39.1866,-84.4585,Cincinnati,Ohio,6200 block of Joyce Ln,2,2,false,false,false,false,false,false,https://www.gunviolencearchive.org/incident/2481096
2479713,2022-12-12,39.2338,-84.579,Groesbeck,Ohio,9000 block of Cross Ridge Trail,1,0,false,false,false,false,false,false,https://www.gunviolencearchive.org/incident/2479713
2477881,2022-12-08,39.2893,-84.5023,Forest Park,Ohio,Fairborn Road,1,0,false,false,false,false,false,false,https://www.gunviolencearchive.org/incident/2477881
2473979,2022-12-04,39.1128,-84.5142,Cincinnati,Ohio,30 E Liberty St,3,0,false,false,false,false,false,false,https://www.gunviolencearchive.org/incident/2473979
2473396,2022-12-02,39.1589,-84.505,Cincinnati,Ohio,Beech St and Vine St,1,1,false,false,false,false,false,false,https://www.gunviolencearchive.org/incident/2473396
2472093,2022-12-01,39.1968,-84.4766,Cincinnati,Ohio,I-74 and N Bend Rd,1,0,false,false,false,false,false,false,https://www.gunviolencearchive.org/incident/2472093
2470027,2022-11-27,39.11482799037533,-84.52714906446435,Cincinnati,Ohio,Linn St and Poplar St,2,0,false,false,false,false,false,false,https://www.gunviolencearchive.org/incident/2470027
2469193,2022-11-27,39.1104,-84.5081,Pendleton,Ohio,E 13th St,1,0,false,false,false,false,false,false,https://www.gunviolencearchive.org/incident/2469193
2470008,2022-11-26,39.2139,-84.5539,Cincinnati,Ohio,Sundale Ave and Savannah Ave,0,1,false,false,false,false,false,false,https://www.gunviolencearchive.org/incident/2470008
2469195,2022-11-26,39.1237,-84.4915,Cincinnati,Ohio,Roger Place and Gilbert Ave,1,0,false,false,false,false,false,false,https://www.gunviolencearchive.org/incident/2469195
2469191,2022-11-26,39.11424052941765,-84.57015898951025,Cincinnati,Ohio,3600 block of Glenway Ave,1,0,false,false,false,false,false,false,https://www.gunviolencearchive.org/incident/2469191
2467739,2022-11-24,39.2322,-84.5436,Cincinnati,Ohio,1500 block of Compton Rd,1,0,false,false,false,false,false,true,https://www.gunviolencearchive.org/incident/2467739
2469973,2022-11-23,39.1101,-84.5103,Cincinnati,Ohio,1300 block of Sycamore St,1,0,false,false,false,false,false,false,https://www.gunviolencearchive.org/incident/2469973
2465923,2022-11-21,39.1504,-84.4945,Cincinnati,Ohio,Washington Ave,2,0,false,false,false,false,false,false,https://www.gunviolencearchive.org/incident/2465923
2463309,2022-11-19,39.20564052941765,-84.45885898951025,Cincinnati,Ohio,7800 block of Glen Orchard Dr,0,1,false,false,false,false,false,false,https://www.gunviolencearchive.org/incident/2463309
2462035,2022-11-17,39.1098,-84.5607,Cincinnati,Ohio,Warsaw Ave and Grand Ave,1,0,false,false,false,false,false,false,https://www.gunviolencearchive.org/incident/2462035
2459074,2022-11-13,39.1336,-84.5325,Cincinnati,Ohio,I-75,2,0,false,false,false,false,false,false,https://www.gunviolencearchive.org/incident/2459074
2459038,2022-11-13,39.1097,-84.5231,Cincinnati,Ohio,420 Ezzard Charles Dr,1,0,false,false,false,false,false,false,https://www.gunviolencearchive.org/incident/2459038
2459044,2022-11-12,39.15,-84.4946,Cincinnati,Ohio,600 block of Gholson Ave,0,1,false,false,false,false,false,false,https://www.gunviolencearchive.org/incident/2459044
2459854,2022-11-12,39.2419,-84.5448,Mount Healthy,Ohio,8200 Hamilton Ave,1,0,false,false,false,false,false,false,https://www.gunviolencearchive.org/incident/2459854
2458404,2022-11-12,39.0972,-84.5168,Cincinnati,Ohio,E 2nd St,1,0,false,false,false,false,false,false,https://www.gunviolencearchive.org/incident/2458404
2449145,2022-10-31,39.1624,-84.5483,Cincinnati,Ohio,4100 block of Kirby Ave,0,1,false,false,false,false,false,false,https://www.gunviolencearchive.org/incident/2449145
2450016,2022-10-31,39.1329,-84.4973,Cincinnati,Ohio,Reading Rd and Lincoln St,0,1,false,false,false,false,false,true,https://www.gunviolencearchive.org/incident/2450016
2448610,2022-10-30,39.14502799037533,-84.49034906446435,Cincinnati,Ohio,800 block of Hutchins Rd,0,1,false,false,false,false,false,false,https://www.gunviolencearchive.org/incident/2448610
2448607,2022-10-29,39.1618,-84.5039,Saint Bernard,Ohio,Vine St and Wuest St,2,0,false,false,false,false,false,false,https://www.gunviolencearchive.org/incident/2448607
2446537,2022-10-27,39.1674,-84.4639,Norwood,Ohio,1899 Ross Ave,1,0,false,false,false,false,false,true,https://www.gunviolencearchive.org/incident/2446537
2445142,2022-10-24,39.1281,-84.5131,Cincinnati,Ohio,117 Calhoun St,1,0,false,false,false,false,false,false,https://www.gunviolencearchive.org/incident/2445142
2444967,2022-10-24,39.1486,-84.552,Cincinnati,Ohio,1960 Millvale Ct,1,0,false,false,false,false,false,true,https://www.gunviolencearchive.org/incident/2444967
2443735,2022-10-23,39.1555,-84.3912,Cincinnati,Ohio,6120 Roe St,0,1,true,false,false,true,false,false,https://www.gunviolencearchive.org/incident/2443735
2443305,2022-10-23,39.106,-84.5661,Cincinnati,Ohio,800 block of Elberon Ave,0,1,false,false,false,false,false,false,https://www.gunviolencearchive.org/incident/2443305
2445176,2022-10-23,39.137182473409325,-84.57631569223837,Cincinnati,Ohio,2300 block of Harrison Ave,1,0,false,false,false,false,false,false,https://www.gunviolencearchive.org/incident/2445176
2443434,2022-10-23,39.1543,-84.4018,Cincinnati,Ohio,4209 Erie Ave,1,0,false,false,false,false,false,false,https://www.gunviolencearchive.org/incident/2443434
2443457,2022-10-22,39.122340529417656,-84.57475898951026,Lockland,Ohio,Elm St and W Wyoming Ave,0,1,false,false,false,false,false,true,https://www.gunviolencearchive.org/incident/2443457
2442935,2022-10-21,39.1162,-84.5293,Cincinnati,Ohio,Baymiller St and Findlay St,1,0,false,false,false,false,false,false,https://www.gunviolencearchive.org/incident/2442935
2442668,2022-10-21,39.1913,-84.4831,Carthage,Ohio,6700 block of Vine St,1,0,false,false,false,false,false,false,https://www.gunviolencearchive.org/incident/2442668
2440852,2022-10-18,39.1517,-84.4325,Cincinnati,Ohio,Madison Rd and Allston St,2,0,false,false,false,false,false,false,https://www.gunviolencearchive.org/incident/2440852
2439263,2022-10-17,39.11744052941766,-84.58465898951025,Cincinnati,Ohio,1832 Sunset Ave,0,1,false,false,false,false,false,false,https://www.gunviolencearchive.org/incident/2439263
2439989,2022-10-16,39.1028,-84.6554,Delhi,Ohio,Bender Rd,1,0,false,false,false,false,false,true,https://www.gunviolencearchive.org/incident/2439989
2439266,2022-10-15,39.1461,-84.466,Cincinnati,Ohio,Trimble Ave and Dana Ave,1,0,false,false,false,false,false,false,https://www.gunviolencearchive.org/incident/2439266
2437988,2022-10-14,39.1418,-84.5497,Cincinnati,Ohio,3100 block of Beekman St,0,1,false,false,false,false,false,false,https://www.gunviolencearchive.org/incident/2437988
2437984,2022-10-14,39.1431,-84.4945,Cincinnati,Ohio,600 block of Prospect Pl,1,0,false,false,false,false,false,true,https://www.gunviolencearchive.org/incident/2437984
2435988,2022-10-12,39.1041,-84.5113,Cincinnati,Ohio,11 E 7th St,2,0,false,false,false,false,false,false,https://www.gunviolencearchive.org/incident/2435988
2435102,2022-10-11,39.1158,-84.5154,Cincinnati,Ohio,48 E McMicken Ave,1,0,false,false,false,false,false,false,https://www.gunviolencearchive.org/incident/2435102
2435642,2022-10-11,39.1646,-84.4715,Cincinnati,Ohio,Reading Rd and Avon Dr,1,1,false,false,false,false,false,false,https://www.gunviolencearchive.org/incident/2435642
2433549,2022-10-08,39.2159,-84.5215,Finneytown,Ohio,Springdew Dr and Galbraith Rd,1,0,false,false,false,false,false,false,https://www.gunviolencearchive.org/incident/2433549
2439910,2022-10-08,39.20211547208421,-84.45579010890835,Cincinnati,Ohio,7751 Reading Rd,3,0,false,false,false,false,false,true,https://www.gunviolencearchive.org/incident/2439910
2432125,2022-10-06,39.176,-84.4747,Cincinnati,Ohio,1325 California Ave,1,1,false,false,false,false,false,false,https://www.gunviolencearchive.org/incident/2432125
2430650,2022-10-04,39.13894052941765,-84.49665898951025,Cincinnati,Ohio,Alameda Pl and Carplin Pl,1,0,false,false,false,false,false,false,https://www.gunviolencearchive.org/incident/2430650
2429143,2022-10-03,39.156740529417654,-84.47865898951025,Cincinnati,Ohio,4040 Reading Rd,1,0,false,false,false,false,false,false,https://www.gunviolencearchive.org/incident/2429143
2429905,2022-10-03,39.1387,-84.4949,Cincinnati,Ohio,Carplin Pl and Reading Rd,3,0,false,false,false,false,false,false,https://www.gunviolencearchive.org/incident/2429905
2428206,2022-10-01,39.26994052941765,-84.43425898951025,Sharonville,Ohio,2486 E Sharon Rd,1,0,false,false,false,false,false,false,https://www.gunviolencearchive.org/incident/2428206
2512912,2022-09-26,39.1785,-84.4757,Cincinnati,Ohio,Ryland Ave,0,1,false,false,false,false,false,false,https://www.gunviolencearchive.org/incident/2512912
2424023,2022-09-26,39.2622,-84.603,Cincinnati,Ohio,10270 Colerain Ave,1,0,false,false,false,false,false,false,https://www.gunviolencearchive.org/incident/2424023
2423629,2022-09-25,39.1823,-84.511,Cincinnati,Ohio,Topridge Place,1,0,false,false,false,false,false,false,https://www.gunviolencearchive.org/incident/2423629
2424232,2022-09-25,39.20424052941765,-84.45485898951026,Cincinnati,Ohio,7751 Reading Rd,1,0,false,false,false,false,false,false,https://www.gunviolencearchive.org/incident/2424232
2423021,2022-09-24,39.1115,-84.5172,Cincinnati,Ohio,1500 block of Race St,1,0,false,false,false,false,false,false,https://www.gunviolencearchive.org/incident/2423021
2422354,2022-09-23,39.1447,-84.5514,Cincinnati,Ohio,3217 Beekman St,0,1,false,false,false,false,false,true,https://www.gunviolencearchive.org/incident/2422354
2420898,2022-09-21,39.1133,-84.5874,Cincinnati,Ohio,Rutledge Ave and Glenway Ave,1,0,false,false,false,false,false,false,https://www.gunviolencearchive.org/incident/2420898
2419767,2022-09-19,39.241,-84.4598,Cincinnati,Ohio,Chamberlin Ave and Douglas St,0,1,false,false,false,false,true,false,https://www.gunviolencearchive.org/incident/2419767
2416739,2022-09-16,39.1119,-84.5123,Cincinnati,Ohio,Main St and Orchard St,0,1,false,false,false,false,false,false,https://www.gunviolencearchive.org/incident/2416739
2416348,2022-09-16,39.10874052941765,-84.59515898951025,Cincinnati,Ohio,W 8th St and Hermosa Ave,3,0,false,false,false,false,false,false,https://www.gunviolencearchive.org/incident/2416348
2416357,2022-09-15,39.1967,-84.4772,Carthage,Ohio,3 E North Bend Rd,1,0,false,false,false,false,false,false,https://www.gunviolencearchive.org/incident/2416357
2415353,2022-09-14,39.1837,-84.4838,Cincinnati,Ohio,I-75 and Towne St,2,0,false,false,false,false,false,true,https://www.gunviolencearchive.org/incident/2415353
2413594,2022-09-13,39.1527,-84.4838,Cincinnati,Ohio,3800 block of Reading Rd,1,0,false,false,false,false,false,false,https://www.gunviolencearchive.org/incident/2413594
2412389,2022-09-11,39.1171,-84.5799,Cincinnati,Ohio,W Liberty St and Iliff Ave,2,0,false,false,false,false,false,false,https://www.gunviolencearchive.org/incident/2412389
2412396,2022-09-10,39.126,-84.492,Cincinnati,Ohio,E McMillian St,2,0,false,false,false,false,false,false,https://www.gunviolencearchive.org/incident/2412396
2411370,2022-09-10,39.1022,-84.5149,Cincinnati,Ohio,126 W 6th St,1,0,false,false,false,false,false,false,https://www.gunviolencearchive.org/incident/2411370
2410614,2022-09-09,39.1419,-84.6139,Cincinnati,Ohio,3125 Glenmore Ave,1,0,false,false,false,false,false,false,https://www.gunviolencearchive.org/incident/2410614
2410602,2022-09-08,39.1177,-84.5205,Cincinnati,Ohio,2000 block of Elm St,0,1,false,false,false,false,false,false,https://www.gunviolencearchive.org/incident/2410602
2407753,2022-09-05,39.1589,-84.459,Norwood,Ohio,2045 Mills Ave,0,1,false,false,false,false,false,false,https://www.gunviolencearchive.org/incident/2407753
2407760,2022-09-05,39.1465,-84.5721,Cincinnati,Ohio,McHenry Ave and Westwood Northern Blvd,1,0,false,false,false,false,false,false,https://www.gunviolencearchive.org/incident/2407760
2405470,2022-09-03,39.132,-84.4315,Cincinnati,Ohio,3100 block of Linwood Ave,0,1,false,false,false,false,false,false,https://www.gunviolencearchive.org/incident/2405470
2406079,2022-09-03,39.1293,-84.5093,Cincinnati,Ohio,2600 block of Short Vine St,2,0,false,false,false,false,false,false,https://www.gunviolencearchive.org/incident/2406079
2403640,2022-09-01,39.11504193055015,-84.52735087184656,Cincinnati,Ohio,Linn St and Poplar St,1,0,false,false,false,false,false,false,https://www.gunviolencearchive.org/incident/2403640
2406700,2022-08-29,39.10874052941765,-84.52155898951025,Cincinnati,Ohio,Central Ave,1,0,false,false,false,false,false,true,https://www.gunviolencearchive.org/incident/2406700
2400656,2022-08-29,39.147682473409326,-84.48891569223836,Avondale,Ohio,800 block of Glenwood Ave,1,0,false,false,false,false,false,false,https://www.gunviolencearchive.org/incident/2400656
2400269,2022-08-28,39.1576,-84.5608,Cincinnati,Ohio,2428 Nottingham Rd,1,0,false,false,false,false,false,false,https://www.gunviolencearchive.org/incident/2400269
2399855,2022-08-28,39.1979,-84.4044,Silverton,Ohio,7100 block of Ohio Ave,1,0,false,false,false,false,false,false,https://www.gunviolencearchive.org/incident/2399855
2399109,2022-08-27,39.21388247340933,-84.48281569223836,Cincinnati,Ohio,1200 W Galbraith Rd,0,1,false,false,false,false,false,false,https://www.gunviolencearchive.org/incident/2399109
2398927,2022-08-27,39.2408,-84.5463,Mount Healthy,Ohio,8070 Hamilton Ave,2,0,false,false,false,false,false,false,https://www.gunviolencearchive.org/incident/2398927
2398267,2022-08-26,39.1436,-84.5344,Cincinnati,Ohio,Central Pkwy and Monmouth Ave,0,1,false,false,false,false,false,false,https://www.gunviolencearchive.org/incident/2398267
2397638,2022-08-25,39.201,-84.5365,Cincinnati,Ohio,6100 block of Hempwood Ave,1,0,false,false,false,false,false,false,https://www.gunviolencearchive.org/incident/2397638
2396622,2022-08-23,39.1102,-84.5672,Cincinnati,Ohio,900 block of Woodlawn Ave,1,0,false,false,false,false,false,false,https://www.gunviolencearchive.org/incident/2396622
2395443,2022-08-22,39.2698,-84.3732,Blue Ash,Ohio,Kenwood Rd and Cornell Rd,1,0,false,false,false,true,false,false,https://www.gunviolencearchive.org/incident/2395443
2394274,2022-08-21,39.2274,-84.5547,Mount Healthy,Ohio,1894 Lakenoll Dr,0,2,true,true,false,false,true,false,https://www.gunviolencearchive.org/incident/2394274
2393550,2022-08-21,39.2048,-84.4577,Cincinnati,Ohio,Newbedford Ave and Crest Hill Ave,1,0,false,false,false,false,false,false,https://www.gunviolencearchive.org/incident/2393550
2393554,2022-08-20,39.1201,-84.4967,Cincinnati,Ohio,2100 block of Boone St,1,0,false,false,false,false,false,false,https://www.gunviolencearchive.org/incident/2393554
2393488,2022-08-20,39.1288,-84.5108,Cincinnati,Ohio,3 W Corry St,1,0,false,false,false,false,false,false,https://www.gunviolencearchive.org/incident/2393488
2391950,2022-08-19,39.1088,-84.5278,Cincinnati,Ohio,Livingston St and Linn St,1,0,false,false,false,false,false,false,https://www.gunviolencearchive.org/incident/2391950
2391212,2022-08-18,39.154982473409326,-84.50241569223836,Cincinnati,Ohio,118 Glenridge Pl,1,1,false,false,false,false,false,false,https://www.gunviolencearchive.org/incident/2391212
2391756,2022-08-18,39.1272,-84.49,Cincinnati,Ohio,855 William Howard Taft Rd,2,0,false,false,false,false,false,false,https://www.gunviolencearchive.org/incident/2391756
2391174,2022-08-17,39.1799,-84.5124,Cincinnati,Ohio,200 block of Craft St,1,0,false,false,false,false,false,false,https://www.gunviolencearchive.org/incident/2391174
2387409,2022-08-14,39.138340529417654,-84.48625898951025,Cincinnati,Ohio,Blair Ave,1,0,false,false,false,false,false,false,https://www.gunviolencearchive.org/incident/2387409
2387411,2022-08-14,39.11475912192929,-84.5273975556292,Cincinnati,Ohio,Linn St and Poplar St,1,0,false,false,false,false,false,false,https://www.gunviolencearchive.org/incident/2387411
2388129,2022-08-13,39.1084,-84.514,Lincoln Heights,Ohio,Douglas St and Jackson St,0,1,false,false,false,false,false,false,https://www.gunviolencearchive.org/incident/2388129
2385032,2022-08-11,39.2757,-84.3767,Cincinnati,Ohio,11401 Reed Hartman Hwy,0,1,false,false,false,false,false,false,https://www.gunviolencearchive.org/incident/2385032
2384559,2022-08-11,39.1994,-84.3721,Cincinnati,Ohio,2012 Ronald Reagan Dr,0,1,false,true,false,false,false,false,https://www.gunviolencearchive.org/incident/2384559
2382865,2022-08-09,39.1376,-84.5797,Cincinnati,Ohio,2373 Harrison Ave,1,0,false,false,false,false,false,false,https://www.gunviolencearchive.org/incident/2382865
2382870,2022-08-09,39.145,-84.4841,Cincinnati,Ohio,Magill Ave and Hutchins Ave,1,0,false,false,false,false,false,true,https://www.gunviolencearchive.org/incident/2382870
2381262,2022-08-07,39.097040529417654,-84.51195898951025,Cincinnati,Ohio,W Freedom Way and Rosa Parks St,2,0,false,false,false,false,false,false,https://www.gunviolencearchive.org/incident/2381262
2380747,2022-08-07,39.1105,-84.5123,Cincinnati,Ohio,1323 Main St,9,0,false,true,true,false,false,false,https://www.gunviolencearchive.org/incident/2380747
2374671,2022-07-31,39.1138,-84.5299,Cincinnati,Ohio,1600 block of Lockhurst Ln,0,1,false,false,false,false,false,false,https://www.gunviolencearchive.org/incident/2374671
2374674,2022-07-31,39.176440529417654,-84.50915898951025,Cincinnati,Ohio,400 block of Kings Run Dr,1,0,false,false,false,false,false,false,https://www.gunviolencearchive.org/incident/2374674
2374424,2022-07-30,39.2121,-84.4677,Cincinnati,Ohio,135 E Galbraith Rd,1,0,false,false,false,false,false,false,https://www.gunviolencearchive.org/incident/2374424
2374682,2022-07-29,39.14524193055015,-84.49055087184657,Cincinnati,Ohio,Hutchins Ave and Reading Rd,1,0,false,false,false,false,false,false,https://www.gunviolencearchive.org/incident/2374682
2371483,2022-07-27,39.1401,-84.4755,Cincinnati,Ohio,3400 Woodburn Ave,3,0,false,false,false,false,false,false,https://www.gunviolencearchive.org/incident/2371483
2377767,2022-07-24,39.0931,-84.5729,Cincinnati,Ohio,Delhi Ave,1,0,false,false,false,false,false,false,https://www.gunviolencearchive.org/incident/2377767
2369218,2022-07-24,39.18971547208421,-84.51189010890835,Cincinnati,Ohio,600 block of Dutch Colony Dr,1,0,false,false,false,true,false,false,https://www.gunviolencearchive.org/incident/2369218
2368185,2022-07-23,39.1609,-84.4032,Cincinnati,Ohio,5311 Madison Rd,0,1,false,true,false,false,false,false,https://www.gunviolencearchive.org/incident/2368185
2368198,2022-07-22,39.2035,-84.4555,Cincinnati,Ohio,7733 Reading Rd,1,0,false,false,false,false,false,false,https://www.gunviolencearchive.org/incident/2368198
2363612,2022-07-18,39.1098,-84.5126,Cincinnati,Ohio,E 13th St and Clay St,1,0,false,false,false,false,false,false,https://www.gunviolencearchive.org/incident/2363612
2365330,2022-07-17,39.2276,-84.7397,Cleves,Ohio,Harrison Pike and Dry Fork Rd,1,0,false,false,false,false,false,false,https://www.gunviolencearchive.org/incident/2365330
2362424,2022-07-16,39.1683,-84.5512,Cincinnati,Ohio,1948 Kentucky Ave,1,1,false,false,false,false,true,false,https://www.gunviolencearchive.org/incident/2362424
2361753,2022-07-16,39.15041547208421,-84.48629010890835,Cincinnati,Ohio,3700 block of Reading Rd,1,0,false,false,false,false,false,false,https://www.gunviolencearchive.org/incident/2361753
2360162,2022-07-14,39.2139,-84.469,Cincinnati,Ohio,8346 Burns Ave,1,0,false,false,false,false,false,false,https://www.gunviolencearchive.org/incident/2360162
2359713,2022-07-13,39.1147,-84.5293,Cincinnati,Ohio,835 Poplar St,2,0,false,false,false,false,false,false,https://www.gunviolencearchive.org/incident/2359713
2358552,2022-07-13,39.2858,-84.4484,Springdale,Ohio,Chesterdale Rd and E Kemper Rd,1,0,false,false,false,false,false,true,https://www.gunviolencearchive.org/incident/2358552
2355793,2022-07-10,39.1069,-84.511,Cincinnati,Ohio,12th St and Main St,1,0,false,false,false,false,false,false,https://www.gunviolencearchive.org/incident/2355793
2355791,2022-07-09,39.2035,-84.5773,Cincinnati,Ohio,5852 W Pameleen Ct,0,1,false,false,false,false,false,false,https://www.gunviolencearchive.org/incident/2355791
2354830,2022-07-08,39.1144,-84.5163,Cincinnati,Ohio,Vine St and Green St,3,0,false,false,false,false,false,false,https://www.gunviolencearchive.org/incident/2354830
2353955,2022-07-07,39.1682,-84.5738,Cincinnati,Ohio,2500 block of W Fork Rd,0,1,false,false,false,false,false,false,https://www.gunviolencearchive.org/incident/2353955
2351460,2022-07-05,39.1465,-84.5664,Cincinnati,Ohio,2230 Westwood Northern Blvd,0,1,false,false,false,false,false,false,https://www.gunviolencearchive.org/incident/2351460
2349257,2022-07-04,39.1052,-84.5666,Cincinnati,Ohio,731 Elberon Ave,0,1,false,false,false,false,false,false,https://www.gunviolencearchive.org/incident/2349257
2349229,2022-07-03,39.1268,-84.5642,Cincinnati,Ohio,2800 block of Harrison Ave,0,1,false,false,false,false,false,false,https://www.gunviolencearchive.org/incident/2349229
2347918,2022-07-01,39.146540529417656,-84.56645898951025,Cincinnati,Ohio,2230 Westwood Northern Blvd,1,0,false,false,false,false,false,false,https://www.gunviolencearchive.org/incident/2347918
2345530,2022-06-30,39.1182,-84.527,Cincinnati,Ohio,1900 block of Keywitt Alley,0,1,false,false,false,false,false,false,https://www.gunviolencearchive.org/incident/2345530
2344632,2022-06-30,39.1149582155861,-84.52708745585333,Cincinnati,Ohio,800 block of Poplar St,0,1,false,false,false,false,false,false,https://www.gunviolencearchive.org/incident/2344632
2343501,2022-06-29,39.1252,-84.5565,Cincinnati,Ohio,1900 block of N Westwood Blvd,1,0,false,false,false,false,false,false,https://www.gunviolencearchive.org/incident/2343501
2342603,2022-06-27,39.1384,-84.5423,Cincinnati,Ohio,3129 Spring Grove Ave,1,0,false,false,false,false,false,false,https://www.gunviolencearchive.org/incident/2342603
2342593,2022-06-27,39.14,-84.4757,Cincinnati,Ohio,Woodburn Ave and Blair Ave,0,1,false,false,false,false,false,false,https://www.gunviolencearchive.org/incident/2342593
2344639,2022-06-26,39.1095,-84.5095,Cincinnati,Ohio,E 12th St,1,0,false,false,false,false,false,false,https://www.gunviolencearchive.org/incident/2344639
2338137,2022-06-22,39.2069,-84.4071,Cincinnati,Ohio,7800 block of Monterey Ave,0,2,false,false,false,false,true,false,https://www.gunviolencearchive.org/incident/2338137
2335160,2022-06-19,39.1349,-84.5505,Cincinnati,Ohio,1700 block of Carll St,0,1,false,false,false,false,false,false,https://www.gunviolencearchive.org/incident/2335160
2334635,2022-06-19,39.18924052941765,-84.46815898951026,Cincinnati,Ohio,7076 Glenmeadow Ln,1,0,true,false,false,false,false,false,https://www.gunviolencearchive.org/incident/2334635
2334633,2022-06-19,39.1325,-84.535,Cincinnati,Ohio,2800 block of Colerain Ave,0,1,false,false,false,false,false,false,https://www.gunviolencearchive.org/incident/2334633
2334386,2022-06-18,39.1516,-84.485,Cincinnati,Ohio,3750 Reading Rd,1,0,false,false,false,false,false,false,https://www.gunviolencearchive.org/incident/2334386
2331139,2022-06-15,39.1506,-84.6151,Cheviot,Ohio,3746 Dina Ave,1,1,false,false,false,false,false,false,https://www.gunviolencearchive.org/incident/2331139
2331148,2022-06-14,39.1745,-84.4684,Bond Hill,Ohio,1580 Yarmouth Ave,1,0,false,false,false,false,false,false,https://www.gunviolencearchive.org/incident/2331148
2330115,2022-06-14,39.11754052941765,-84.53135898951025,Cincinnati,Ohio,York St and Freeman Ave,1,0,false,false,false,false,false,false,https://www.gunviolencearchive.org/incident/2330115
2329104,2022-06-13,39.20551547208421,-84.45879010890835,Cincinnati,Ohio,7800 block of Glen Orchard Dr,2,0,false,false,false,false,false,false,https://www.gunviolencearchive.org/incident/2329104
2327550,2022-06-11,39.12604052941765,-84.49045898951024,Cincinnati,Ohio,E McMillan St and Gilbert Ave,0,1,false,false,false,false,false,false,https://www.gunviolencearchive.org/incident/2327550
2325901,2022-06-09,39.0852,-84.3813,Mount Washington,Ohio,1722 Beacon St,0,1,false,false,false,true,false,false,https://www.gunviolencearchive.org/incident/2325901
2324710,2022-06-08,39.129915472084214,-84.52599010890835,Cincinnati,Ohio,600 block of Straight St,1,0,false,false,false,false,false,false,https://www.gunviolencearchive.org/incident/2324710
2324723,2022-06-08,39.2257,-84.5487,Cincinnati,Ohio,OH-126 and Hamilton Ave,1,0,false,false,false,false,false,true,https://www.gunviolencearchive.org/incident/2324723
2323837,2022-06-07,39.15251547208421,-84.48439010890834,Cincinnati,Ohio,900 block of Dana Ave,1,0,false,false,false,false,false,false,https://www.gunviolencearchive.org/incident/2323837
2323800,2022-06-07,39.2138,-84.4738,Cincinnati,Ohio,8340 Vine St,1,0,false,false,false,false,false,false,https://www.gunviolencearchive.org/incident/2323800
2321590,2022-06-04,39.1409,-84.4918,Cincinnati,Ohio,823 Blair Ave,0,1,false,false,false,false,false,false,https://www.gunviolencearchive.org/incident/2321590
2318064,2022-05-31,39.19021547208421,-84.51699010890835,Cincinnati,Ohio,Dutch Colony Dr,1,0,false,false,false,false,false,false,https://www.gunviolencearchive.org/incident/2318064
2316882,2022-05-31,39.1615,-84.4701,Cincinnati,Ohio,Baker St and Sherman Ave,1,0,false,false,false,false,false,false,https://www.gunviolencearchive.org/incident/2316882
2315300,2022-05-29,39.1686,-84.4181,Cincinnati,Ohio,Charloe St,1,0,false,false,false,false,false,false,https://www.gunviolencearchive.org/incident/2315300
2316399,2022-05-29,39.1107,-84.5261,Cincinnati,Ohio,700 block of Betton St,1,1,false,false,false,false,false,false,https://www.gunviolencearchive.org/incident/2316399
2316411,2022-05-28,39.1412,-84.4929,Avondale,Ohio,800 block of Blair Ave,2,0,false,false,false,false,false,false,https://www.gunviolencearchive.org/incident/2316411
2315295,2022-05-28,39.187,-84.4387,Cincinnati,Ohio,Losantiville Ave and Englewood Ave,1,0,false,false,false,false,false,false,https://www.gunviolencearchive.org/incident/2315295
2314391,2022-05-28,39.1151,-84.5492,Cincinnati,Ohio,E 13th St and Liberty St,1,0,false,false,false,false,false,false,https://www.gunviolencearchive.org/incident/2314391
2313601,2022-05-26,39.1428,-84.4919,Cincinnati,Ohio,3450 Reading Rd,2,0,false,false,false,false,false,false,https://www.gunviolencearchive.org/incident/2313601
2308551,2022-05-21,39.215,-84.5856,Cincinnati,Ohio,7549 Colerain Ave,1,0,false,false,false,false,false,false,https://www.gunviolencearchive.org/incident/2308551
2309528,2022-05-21,39.117140529417654,-84.57995898951025,Cincinnati,Ohio,W Liberty Ave and Iliff Ave,1,0,false,false,false,false,false,false,https://www.gunviolencearchive.org/incident/2309528
2306614,2022-05-18,39.1102,-84.5632,Cincinnati,Ohio,3200 block of Warsaw Ave,1,0,false,false,false,false,false,false,https://www.gunviolencearchive.org/incident/2306614
2300469,2022-05-12,39.111,-84.5237,Cincinnati,Ohio,400 block of Derrick Turnbow Ave,3,0,false,false,false,false,false,true,https://www.gunviolencearchive.org/incident/2300469
2299194,2022-05-11,39.2936,-84.5177,Cincinnati,Ohio,Holgate Dr,1,0,false,false,false,false,true,false,https://www.gunviolencearchive.org/incident/2299194
2298238,2022-05-10,39.1547,-84.5765,Cincinnati,Ohio,3900 block of Yearling Ct,1,0,false,false,false,false,false,false,https://www.gunviolencearchive.org/incident/2298238
2297892,2022-05-07,39.2953,-84.5443,Cincinnati,Ohio,11000 block of Elkwood Dr,1,0,true,false,false,false,false,false,https://www.gunviolencearchive.org/incident/2297892
2296373,2022-05-07,39.1053,-84.5158,Cincinnati,Ohio,901 Race St,2,0,false,false,false,false,false,false,https://www.gunviolencearchive.org/incident/2296373
2296364,2022-05-07,39.281,-84.4953,Cincinnati,Ohio,625 Northland Blvd,0,1,false,false,false,false,false,false,https://www.gunviolencearchive.org/incident/2296364
2296379,2022-05-07,39.1754,-84.4807,Cincinnati,Ohio,1101 Carolina Ave,1,0,false,false,false,false,true,false,https://www.gunviolencearchive.org/incident/2296379
2295841,2022-05-05,39.10954052941765,-84.42655898951026,Cincinnati,Ohio,4300 block of Eastern Ave,0,1,false,false,false,false,false,false,https://www.gunviolencearchive.org/incident/2295841
2291616,2022-05-01,39.1049,-84.5106,Cincinnati,Ohio,E 8th St and Main St,1,0,false,false,false,false,false,false,https://www.gunviolencearchive.org/incident/2291616
2290543,2022-04-28,39.1372,-84.5382,Cincinnati,Ohio,1326 Hopple St,1,0,false,false,false,false,false,false,https://www.gunviolencearchive.org/incident/2290543
2290539,2022-04-28,39.12004052941765,-84.52505898951026,Cincinnati,Ohio,Central Pkwy and Mohawk Pl,1,0,false,false,false,false,false,false,https://www.gunviolencearchive.org/incident/2290539
2290535,2022-04-28,39.1097,-84.5084,Cincinnati,Ohio,E 12th St and Broadway St,1,0,false,false,false,false,false,false,https://www.gunviolencearchive.org/incident/2290535
2289723,2022-04-28,39.2193,-84.5731,Cincinnati,Ohio,Pippin Rd and Galbraith Rd,1,0,false,false,false,false,false,false,https://www.gunviolencearchive.org/incident/2289723
2286864,2022-04-24,39.13,-84.5498,Cheviot,Ohio,1700 block of Fairmont Ave,1,0,false,false,false,false,true,false,https://www.gunviolencearchive.org/incident/2286864
2285242,2022-04-22,39.12604052941765,-84.49205898951026,Cincinnati,Ohio,Kemper Ln and E McMillan St,4,0,false,false,true,false,false,false,https://www.gunviolencearchive.org/incident/2285242
2284779,2022-04-21,39.11541547208421,-84.52729010890835,Cincinnati,Ohio,Linn St and Livingston St,1,0,false,false,false,false,false,false,https://www.gunviolencearchive.org/incident/2284779
2283627,2022-04-20,39.1272,-84.5323,Cincinnati,Ohio,2500 block of Halstead St,1,1,false,false,false,false,false,false,https://www.gunviolencearchive.org/incident/2283627
2284126,2022-04-20,39.2375,-84.5579,Cincinnati,Ohio,Adams Rd,1,0,false,false,false,false,false,false,https://www.gunviolencearchive.org/incident/2284126
2281390,2022-04-17,39.1531,-84.4942,Cheviot,Ohio,3800 block of Washington Ave,1,0,false,false,false,false,true,false,https://www.gunviolencearchive.org/incident/2281390
2274256,2022-04-09,39.1482,-84.613,Cincinnati,Ohio,3389 Glenmore Ave,1,1,false,false,false,false,false,false,https://www.gunviolencearchive.org/incident/2274256
2481300,2022-04-08,39.1497,-84.5615,Cincinnati,Ohio,2300 block of Baltimore Ave,0,1,false,false,false,false,false,false,https://www.gunviolencearchive.org/incident/2481300
2272127,2022-04-06,39.1008,-84.5667,Cincinnati,Ohio,3400 block of Bassett Rd,0,1,false,false,false,false,false,false,https://www.gunviolencearchive.org/incident/2272127
2269996,2022-04-04,39.1273,-84.5117,Cincinnati,Ohio,Vine St and W McMillan St,1,0,false,false,false,false,false,false,https://www.gunviolencearchive.org/incident/2269996
2265060,2022-03-28,39.10524052941766,-84.56665898951024,Cincinnati,Ohio,731 Elberon Ave,0,1,false,false,false,false,false,false,https://www.gunviolencearchive.org/incident/2265060
2265390,2022-03-28,39.1992,-84.3811,Cincinnati,Ohio,7799 Montgomery Rd,1,0,false,false,false,false,false,false,https://www.gunviolencearchive.org/incident/2265390
2264663,2022-03-27,39.1476,-84.5012,Cincinnati,Ohio,330 Forest Ave,0,1,false,false,false,false,true,false,https://www.gunviolencearchive.org/incident/2264663
2312805,2022-03-25,39.1447,-84.4295,Cincinnati,Ohio,3760 Paxton Ave,1,0,false,false,false,false,false,false,https://www.gunviolencearchive.org/incident/2312805
2258265,2022-03-20,39.2317,-84.5481,Cincinnati,Ohio,7511 Hamilton Ave,0,1,false,false,false,false,false,false,https://www.gunviolencearchive.org/incident/2258265
2255873,2022-03-17,39.1615,-84.4256,Cincinnati,Ohio,3245 Geier Dr,0,1,false,false,false,false,false,false,https://www.gunviolencearchive.org/incident/2255873
2255905,2022-03-17,39.1097,-84.5138,Cincinnati,Ohio,32 East 13th St,1,1,false,false,false,false,false,false,https://www.gunviolencearchive.org/incident/2255905
2251374,2022-03-11,39.1386,-84.5342,Cincinnati,Ohio,I-75 and Hopple St,1,0,false,false,false,false,false,true,https://www.gunviolencearchive.org/incident/2251374
2251367,2022-03-11,39.1778,-84.477,Cincinnati,Ohio,1200 block of Laidlaw Ave,0,1,false,false,false,false,false,false,https://www.gunviolencearchive.org/incident/2251367
2247678,2022-03-06,39.1268,-84.6199,Cincinnati,Ohio,5400 block of Sidney Rd,0,1,false,false,false,false,false,false,https://www.gunviolencearchive.org/incident/2247678
2247540,2022-03-06,39.1672,-84.5481,Cincinnati,Ohio,4260 Georgia Ave,0,1,false,false,false,false,false,false,https://www.gunviolencearchive.org/incident/2247540
2246978,2022-03-04,39.1337,-84.488,Cincinnati,Ohio,2967 Gilbert Ave,0,1,false,false,false,false,false,false,https://www.gunviolencearchive.org/incident/2246978
2246518,2022-02-27,39.1258,-84.4918,Cincinnati,Ohio,773 E McMillan St,1,0,false,false,false,false,false,false,https://www.gunviolencearchive.org/incident/2246518
2244928,2022-02-27,39.1459,-84.5657,Cincinnati,Ohio,2200 block of Westwood Northern Blvd,0,1,false,false,false,false,false,false,https://www.gunviolencearchive.org/incident/2244928
2242665,2022-02-27,39.1425,-84.4952,Cincinnati,Ohio,Maple Ave,2,0,false,false,false,false,false,false,https://www.gunviolencearchive.org/incident/2242665
2241708,2022-02-24,39.0989,-84.5265,Cincinnati,Ohio,411 Gest St,1,0,false,false,false,false,false,false,https://www.gunviolencearchive.org/incident/2241708
2239952,2022-02-22,39.1519,-84.5057,Cincinnati,Ohio,Dunkirk St,1,0,false,false,false,false,false,false,https://www.gunviolencearchive.org/incident/2239952
2240239,2022-02-21,39.1678,-84.4572,Cincinnati,Ohio,5100 block of Hunter Ave,1,0,false,false,false,false,false,true,https://www.gunviolencearchive.org/incident/2240239
2238684,2022-02-20,39.1841,-84.5638,Cincinnati,Ohio,500 block of Hawaiian Terr,0,1,false,false,false,false,false,false,https://www.gunviolencearchive.org/incident/2238684
2236751,2022-02-18,39.1914,-84.5742,Cincinnati,Ohio,5400 block of Bluebird Ln,0,1,false,false,false,false,false,false,https://www.gunviolencearchive.org/incident/2236751
2233675,2022-02-14,39.1567,-84.4933,Cincinnati,Ohio,3900 block of Dickson Ave,0,1,false,false,false,false,false,false,https://www.gunviolencearchive.org/incident/2233675
2234441,2022-02-14,39.2337,-84.7804,Harrison,Ohio,300 block of War Admiral Dr,0,2,false,false,false,false,false,false,https://www.gunviolencearchive.org/incident/2234441
2233673,2022-02-13,39.1513,-84.6005,Cincinnati,Ohio,3122 Harrison Ave,1,0,false,false,false,false,false,false,https://www.gunviolencearchive.org/incident/2233673
2229303,2022-02-08,39.1515,-84.4833,Cincinnati,Ohio,927 Dana Ave,1,0,false,false,false,false,false,false,https://www.gunviolencearchive.org/incident/2229303
2229295,2022-02-07,39.1972,-84.4767,Cincinnati,Ohio,7400 Vine St,1,0,false,false,false,false,false,false,https://www.gunviolencearchive.org/incident/2229295
2228584,2022-02-06,39.1082,-84.5092,Cincinnati,Ohio,1100 block of Sycamore St,1,0,false,false,false,false,false,false,https://www.gunviolencearchive.org/incident/2228584
2225289,2022-02-01,39.2916,-84.5569,Cincinnati,Ohio,Raphael Pl,1,0,false,false,false,false,false,false,https://www.gunviolencearchive.org/incident/2225289
2219724,2022-01-25,39.1321,-84.5014,Cincinnati,Ohio,Burnet Ave and Northern Ave,1,0,false,false,false,false,false,false,https://www.gunviolencearchive.org/incident/2219724
2217872,2022-01-23,39.1189,-84.5788,Cincinnati,Ohio,First Ave and Heyward St,1,0,false,false,false,false,false,false,https://www.gunviolencearchive.org/incident/2217872
2217680,2022-01-22,39.1587,-84.5393,Cincinnati,Ohio,4000 block of Hamilton Ave,0,1,false,false,false,false,false,false,https://www.gunviolencearchive.org/incident/2217680
2217718,2022-01-21,39.2351,-84.628,Cincinnati,Ohio,I-275 and Blue Rock Rd,0,1,false,false,false,false,false,false,https://www.gunviolencearchive.org/incident/2217718
2215805,2022-01-19,39.1774,-84.4384,Cincinnati,Ohio,5700 block of Montgomery Rd,0,1,false,false,false,false,false,false,https://www.gunviolencearchive.org/incident/2215805
2353802,2022-01-17,39.2134,-84.4569,Arlington Heights,Ohio,400 block of Olden Ave,0,1,false,false,false,true,false,false,https://www.gunviolencearchive.org/incident/2353802
2214023,2022-01-17,39.0975,-84.5656,Cincinnati,Ohio,400 block of Elberon Ave,1,0,false,false,false,false,false,false,https://www.gunviolencearchive.org/incident/2214023
2213304,2022-01-14,39.2046,-84.5667,Cincinnati,Ohio,6000 block of Golfway Dr,1,0,false,false,false,false,false,false,https://www.gunviolencearchive.org/incident/2213304
2211474,2022-01-14,39.2027,-84.5417,Cincinnati,Ohio,W North Bend Rd and Lantana Ave,0,1,false,false,false,false,false,false,https://www.gunviolencearchive.org/incident/2211474
2209773,2022-01-12,39.1369,-84.5368,Cincinnati,Ohio,2974 Colerain Ave,0,1,false,false,false,false,false,false,https://www.gunviolencearchive.org/incident/2209773
2207320,2022-01-08,39.1753,-84.4692,Cincinnati,Ohio,1600 block of Anita Pl,0,2,false,false,false,false,false,false,https://www.gunviolencearchive.org/incident/2207320
2207318,2022-01-08,39.1176,-84.533,Cincinnati,Ohio,Colerain Ave and York St,1,0,false,false,false,false,false,false,https://www.gunviolencearchive.org/incident/2207318
2206428,2022-01-07,39.3007,-84.4844,Cincinnati,Ohio,12140 Springfield Pike,1,0,false,false,false,false,false,false,https://www.gunviolencearchive.org/incident/2206428
2207013,2022-01-07,39.1069,-84.5364,Cincinnati,Ohio,Dalton Avenue and Gest St,3,0,false,false,false,false,false,false,https://www.gunviolencearchive.org/incident/2207013
2205742,2022-01-05,39.1646,-84.6041,Cincinnati,Ohio,3300 block of Dickinson Rd,1,0,false,false,false,false,true,false,https://www.gunviolencearchive.org/incident/2205742
2202800,2022-01-02,39.1331,-84.4889,Cincinnati,Ohio,851 Beecher St,0,1,false,false,false,false,false,false,https://www.gunviolencearchive.org/incident/2202800
2201942,2022-01-01,39.2018,-84.4657,Cincinnati,Ohio,1500 block of Summit Rd,0,1,false,false,false,false,false,false,https://www.gunviolencearchive.org/incident/2201942
2198800,2021-12-28,39.24084052941765,-84.54635898951025,Cincinnati,Ohio,8070 Hamilton Ave,1,0,false,false,false,false,false,false,https://www.gunviolencearchive.org/incident/2198800
2196751,2021-12-25,39.1047,-84.5208,Cincinnati,Ohio,400 W 9th St,0,1,false,false,false,false,false,false,https://www.gunviolencearchive.org/incident/2196751
2194781,2021-12-21,39.1049,-84.593,Cincinnati,Ohio,4300 block of Cappel Dr,0,1,false,false,false,false,false,false,https://www.gunviolencearchive.org/incident/2194781
2193193,2021-12-19,39.1138,-84.5755,Cincinnati,Ohio,3749 Glenway Ave,1,1,false,false,false,false,false,false,https://www.gunviolencearchive.org/incident/2193193
2193199,2021-12-19,39.146,-84.4686,Cincinnati,Ohio,3641 Montgomery Rd,1,0,false,false,false,false,false,false,https://www.gunviolencearchive.org/incident/2193199
2193196,2021-12-18,39.1577,-84.5579,Cincinnati,Ohio,2200 block of City View Cir,1,0,false,false,false,false,false,false,https://www.gunviolencearchive.org/incident/2193196
2192839,2021-12-18,39.1152,-84.5292,Cincinnati,Ohio,1700 block of Baymiller St,1,0,false,false,false,false,false,true,https://www.gunviolencearchive.org/incident/2192839
2192250,2021-12-18,39.1485,-84.5532,Cincinnati,Ohio,1990 Millvale Ct,1,1,false,false,false,false,false,false,https://www.gunviolencearchive.org/incident/2192250
2190910,2021-12-15,39.0976,-84.5652,Cincinnati,Ohio,400 block of Purcell Ave,0,1,false,false,false,false,false,false,https://www.gunviolencearchive.org/incident/2190910
2190054,2021-12-14,39.1173,-84.598,Cincinnati,Ohio,Overlook Ave and Glenway Ave,1,0,false,false,false,false,false,false,https://www.gunviolencearchive.org/incident/2190054
2187063,2021-12-10,39.1954,-84.4788,Cincinnati,Ohio,7200 block of Vine St,1,0,false,false,false,false,false,false,https://www.gunviolencearchive.org/incident/2187063
2186885,2021-12-10,39.21504052941766,-84.58565898951025,Cincinnati,Ohio,7549 Colerain Ave,3,0,false,false,false,false,false,false,https://www.gunviolencearchive.org/incident/2186885
2184949,2021-12-07,39.0994,-84.5051,Cincinnati,Ohio,I-71,1,0,false,false,false,false,false,true,https://www.gunviolencearchive.org/incident/2184949
2182688,2021-12-04,39.1132,-84.5891,Cincinnati,Ohio,1200 block of Amanda Pl,0,1,false,false,false,false,false,false,https://www.gunviolencearchive.org/incident/2182688
2180059,2021-12-01,39.1951,-84.5424,Cincinnati,Ohio,Lantana Ave and Groesbeck Rd,1,0,false,false,false,false,false,false,https://www.gunviolencearchive.org/incident/2180059
2179794,2021-11-30,39.2361,-84.4508,Cincinnati,Ohio,I-75 and Shepherd Ln,1,0,false,false,false,false,false,true,https://www.gunviolencearchive.org/incident/2179794
2176317,2021-11-27,39.1283,-84.597,Cincinnati,Ohio,2322 Ferguson Rd,0,1,false,false,false,false,false,false,https://www.gunviolencearchive.org/incident/2176317
2176691,2021-11-27,39.1566,-84.5612,Cincinnati,Ohio,2479 Nottingham Dr,1,0,true,false,false,false,false,false,https://www.gunviolencearchive.org/incident/2176691
2175917,2021-11-26,39.1625,-84.4277,Cincinnati,Ohio,4825 Marburg Ave,1,0,false,false,false,false,false,false,https://www.gunviolencearchive.org/incident/2175917
2175309,2021-11-25,39.1331,-84.5898,Cincinnati,Ohio,2682 Lafeuille Cir,1,0,false,true,false,false,false,false,https://www.gunviolencearchive.org/incident/2175309
2172957,2021-11-21,39.2343,-84.536,Cincinnati,Ohio,7701 Clovernook Ave,1,0,false,false,false,false,false,false,https://www.gunviolencearchive.org/incident/2172957
2171927,2021-11-20,39.2367,-84.4576,Cincinnati,Ohio,1100 block of Lindale Ct,0,1,false,false,false,false,false,false,https://www.gunviolencearchive.org/incident/2171927
2168394,2021-11-16,39.117140529417654,-84.52715898951026,Cincinnati,Ohio,800 block of York St,1,0,false,false,false,false,false,false,https://www.gunviolencearchive.org/incident/2168394
2168977,2021-11-16,39.1906,-84.5176,Cincinnati,Ohio,800 block of Dutch Colony Dr,2,0,false,false,false,false,false,false,https://www.gunviolencearchive.org/incident/2168977
2166410,2021-11-13,39.116015472084214,-84.52719010890834,Cincinnati,Ohio,Linn St and Findlay St,2,0,false,false,false,false,false,false,https://www.gunviolencearchive.org/incident/2166410
2161959,2021-11-07,39.1086,-84.6206,Cincinnati,Ohio,800 block of Ivyhill Dr,1,0,false,false,false,false,true,false,https://www.gunviolencearchive.org/incident/2161959
2161719,2021-11-07,39.1778,-84.5462,Cincinnati,Ohio,1700 block of Casey Dr,0,1,false,false,false,false,false,false,https://www.gunviolencearchive.org/incident/2161719
2161278,2021-11-06,39.12664052941766,-84.54875898951025,Cincinnati,Ohio,1550 Queen City Ave,0,1,false,false,false,false,false,false,https://www.gunviolencearchive.org/incident/2161278
2154314,2021-10-30,39.1062,-84.5659,Cincinnati,Ohio,800 block of Elberon Ave,1,1,false,false,false,false,false,false,https://www.gunviolencearchive.org/incident/2154314
2152971,2021-10-28,39.21377909816595,-84.48305755415765,Cincinnati,Ohio,1200 block of W Galbraith Rd,0,1,false,false,false,false,false,false,https://www.gunviolencearchive.org/incident/2152971
2152954,2021-10-27,39.110140529417656,-84.52745898951025,Cincinnati,Ohio,1400 block of Linn St,3,0,false,false,false,false,false,false,https://www.gunviolencearchive.org/incident/2152954
2152940,2021-10-27,39.184,-84.565,Cincinnati,Ohio,5100 block of Hawaiian Terr,0,1,false,false,false,false,false,false,https://www.gunviolencearchive.org/incident/2152940
2150560,2021-10-24,39.2397,-84.4146,Cincinnati,Ohio,Mohler Rd,1,0,false,false,false,false,true,false,https://www.gunviolencearchive.org/incident/2150560
2150064,2021-10-24,39.2383,-84.54,Cincinnati,Ohio,Evencrest Dr,0,1,false,false,false,false,false,false,https://www.gunviolencearchive.org/incident/2150064
2149440,2021-10-23,39.1367,-84.4739,Cincinnati,Ohio,1700 block of Kinney Ave,1,0,false,false,false,false,false,false,https://www.gunviolencearchive.org/incident/2149440
2149433,2021-10-23,39.1613,-84.4227,Cincinnati,Ohio,3321 Alamo Ave,3,0,false,false,false,false,false,false,https://www.gunviolencearchive.org/incident/2149433
2149005,2021-10-23,39.1192,-84.5213,Cincinnati,Ohio,200 block of W McMicken Ave,1,0,false,false,false,false,false,false,https://www.gunviolencearchive.org/incident/2149005
2148864,2021-10-22,39.2161,-84.4765,Cincinnati,Ohio,Mayfair St and Compton Rd,1,0,false,false,false,false,false,false,https://www.gunviolencearchive.org/incident/2148864
2147144,2021-10-21,39.1348,-84.4772,Cincinnati,Ohio,3100 block of Harvard Ave,2,0,false,false,false,false,false,true,https://www.gunviolencearchive.org/incident/2147144
2146202,2021-10-20,39.1371,-84.5374,Cincinnati,Ohio,Hopple St and Colerain Ave,1,0,false,false,false,false,false,false,https://www.gunviolencearchive.org/incident/2146202
2146467,2021-10-20,39.2166,-84.5823,Cincinnati,Ohio,2881 Royal Glen Dr,0,1,false,false,false,true,false,false,https://www.gunviolencearchive.org/incident/2146467
2143546,2021-10-17,39.1157,-84.5158,Cincinnati,Ohio,43 E McMicken Ave,0,1,false,false,false,false,false,false,https://www.gunviolencearchive.org/incident/2143546
2142657,2021-10-16,39.1063,-84.5646,Cincinnati,Ohio,400 block of Purcell Ave,0,1,false,false,false,false,false,false,https://www.gunviolencearchive.org/incident/2142657
2141538,2021-10-14,39.17901547208421,-84.51129010890836,Cincinnati,Ohio,80 block of Craft St,0,1,false,false,false,false,false,false,https://www.gunviolencearchive.org/incident/2141538
2140222,2021-10-13,39.1429,-84.4747,Cincinnati,Ohio,1600 block of Jonathan Ave,0,1,false,false,false,false,false,true,https://www.gunviolencearchive.org/incident/2140222
2141520,2021-10-13,39.1703,-84.465,Cincinnati,Ohio,1800 block of Lawn Ave,1,0,false,false,false,false,false,false,https://www.gunviolencearchive.org/incident/2141520
2139636,2021-10-12,39.1447,-84.469,Cincinnati,Ohio,3600 block of Montgomery Rd,0,1,false,false,false,false,false,true,https://www.gunviolencearchive.org/incident/2139636
2138994,2021-10-11,39.1153,-84.5248,Cincinnati,Ohio,Livingston St and John St,1,2,false,false,false,false,false,false,https://www.gunviolencearchive.org/incident/2138994
2138865,2021-10-11,39.1346,-84.6139,Cincinnati,Ohio,2700 block of Anderson Ferry Rd,1,0,false,false,false,false,false,false,https://www.gunviolencearchive.org/incident/2138865
2138849,2021-10-10,39.1368,-84.479,Cincinnati,Ohio,3200 block of Gilbert Ave,1,0,false,false,false,false,false,false,https://www.gunviolencearchive.org/incident/2138849
2137104,2021-10-09,39.1291,-84.5096,Cincinnati,Ohio,Short Vine St and W Corry St,3,0,false,false,false,false,true,false,https://www.gunviolencearchive.org/incident/2137104
2136897,2021-10-08,39.20411547208421,-84.45479010890836,Cincinnati,Ohio,7751 Reading Rd,0,1,false,false,false,false,false,false,https://www.gunviolencearchive.org/incident/2136897
2135479,2021-10-07,39.1105,-84.5321,Cincinnati,Ohio,1401 Western Ave,2,0,false,false,false,false,false,false,https://www.gunviolencearchive.org/incident/2135479
2133714,2021-10-04,39.11351547208421,-84.52749010890835,Cincinnati,Ohio,800 block of W Liberty St,2,0,false,false,false,false,false,false,https://www.gunviolencearchive.org/incident/2133714
2132787,2021-10-04,39.1903,-84.4639,Cincinnati,Ohio,1776 E Seymour Ave,1,0,false,false,false,false,false,false,https://www.gunviolencearchive.org/incident/2132787
2132785,2021-10-03,39.1112,-84.5239,Cincinnati,Ohio,500 block of Derrick Turnbow Ave,1,0,false,false,false,false,false,false,https://www.gunviolencearchive.org/incident/2132785
2130558,2021-10-02,39.095,-84.5268,Cincinnati,Ohio,W Mehring Way and Pete Rose Way,0,1,false,false,false,false,false,false,https://www.gunviolencearchive.org/incident/2130558
2129077,2021-09-30,39.1122,-84.5236,Cincinnati,Ohio,Wade St,1,0,false,false,false,false,false,false,https://www.gunviolencearchive.org/incident/2129077
2128804,2021-09-29,39.1142,-84.6949,Cincinnati,Ohio,6700 block of River Rd,1,0,false,false,false,false,false,false,https://www.gunviolencearchive.org/incident/2128804
2128185,2021-09-27,39.1464,-84.4896,Cincinnati,Ohio,800 block of Lexington Ave,0,1,false,false,false,false,false,false,https://www.gunviolencearchive.org/incident/2128185
2127108,2021-09-27,39.2024,-84.4579,Cincinnati,Ohio,7000 block of Newbedford Ave,1,0,false,false,false,false,false,false,https://www.gunviolencearchive.org/incident/2127108
2139788,2021-09-27,39.1317,-84.4838,Cincinnati,Ohio,3000 block of Alms Pl,0,1,false,false,false,false,false,false,https://www.gunviolencearchive.org/incident/2139788
2127299,2021-09-26,39.1177,-84.5606,Cincinnati,Ohio,Patrick Dr and Mickey Ave,1,0,false,false,false,false,false,false,https://www.gunviolencearchive.org/incident/2127299
2125183,2021-09-25,39.1154,-84.515,Cincinnati,Ohio,64 E McMicken Ave,2,1,false,false,false,false,false,false,https://www.gunviolencearchive.org/incident/2125183
2124771,2021-09-23,39.18584052941765,-84.51145898951025,Cincinnati,Ohio,5200 block of Vivian Pl,1,0,false,false,false,false,false,false,https://www.gunviolencearchive.org/incident/2124771
2124090,2021-09-23,39.11124052941765,-84.52395898951025,Cincinnati,Ohio,500 block of Derrick Turnbow Ave,2,0,true,false,false,false,false,false,https://www.gunviolencearchive.org/incident/2124090
2122083,2021-09-21,39.1528,-84.5609,Cincinnati,Ohio,3710 President Dr,1,0,true,false,false,true,false,false,https://www.gunviolencearchive.org/incident/2122083
2120467,2021-09-20,39.1985,-84.6696,Cincinnati,Ohio,6786 Harrison Ave,1,1,false,false,false,false,false,false,https://www.gunviolencearchive.org/incident/2120467
2121357,2021-09-20,39.1408,-84.5322,Cincinnati,Ohio,Clifton Colony Dr and Central Pkwy,2,0,false,false,false,false,false,false,https://www.gunviolencearchive.org/incident/2121357
2118972,2021-09-18,39.1094,-84.5101,Cincinnati,Ohio,300 block of E 12th St,0,3,false,false,false,false,false,false,https://www.gunviolencearchive.org/incident/2118972
2118077,2021-09-15,39.19191547208421,-84.45599010890835,Cincinnati,Ohio,Losantiville Ave and Eastlawn Dr,0,1,false,false,false,false,false,false,https://www.gunviolencearchive.org/incident/2118077
2118073,2021-09-15,39.2648,-84.5841,Cincinnati,Ohio,3200 block of Paprika Ct,1,0,false,false,false,false,false,false,https://www.gunviolencearchive.org/incident/2118073
2116415,2021-09-13,39.1614,-84.5062,Cincinnati,Ohio,50 W Mitchell Ave,2,0,false,false,false,false,false,false,https://www.gunviolencearchive.org/incident/2116415
2113361,2021-09-11,39.1225,-84.4896,Cincinnati,Ohio,2300 block of St James Ave,0,1,false,false,false,false,false,false,https://www.gunviolencearchive.org/incident/2113361
2112236,2021-09-08,39.1451,-84.4904,Cincinnati,Ohio,800 block of Hutchins Ave,1,0,false,false,false,false,false,false,https://www.gunviolencearchive.org/incident/2112236
2111330,2021-09-07,39.1576,-84.5087,Cincinnati,Ohio,3701 Vine St,3,0,false,false,false,false,false,false,https://www.gunviolencearchive.org/incident/2111330
2108627,2021-09-05,39.1257,-84.4862,Mount Healthy,Ohio,7000 block of Park Ave,0,1,false,false,false,false,true,false,https://www.gunviolencearchive.org/incident/2108627
2109384,2021-09-05,39.095,-84.3835,Cincinnati,Ohio,6308 Corbly Rd,4,0,false,false,true,false,false,false,https://www.gunviolencearchive.org/incident/2109384
2107538,2021-09-03,39.1648,-84.5547,Cincinnati,Ohio,4400 block of Ammon Ave,2,1,false,false,false,false,false,false,https://www.gunviolencearchive.org/incident/2107538
2107260,2021-09-03,39.1818,-84.4144,Cincinnati,Ohio,3600 block of Northdale Pl,0,1,false,false,false,false,false,false,https://www.gunviolencearchive.org/incident/2107260
2107271,2021-09-02,39.1902,-84.4084,Cincinnati,Ohio,6800 block of Montgomery Rd,1,0,false,false,false,false,false,true,https://www.gunviolencearchive.org/incident/2107271
2106593,2021-09-02,39.1901,-84.415,Cincinnati,Ohio,6600 block of Iris Ave,1,0,false,false,false,false,false,false,https://www.gunviolencearchive.org/incident/2106593
2105779,2021-09-01,39.1139,-84.5311,Cincinnati,Ohio,W Liberty St and Winchell Ave,1,0,false,false,false,false,false,false,https://www.gunviolencearchive.org/incident/2105779
2098530,2021-08-22,39.1209,-84.5312,Cincinnati,Ohio,2145 Freeman Ave,0,1,false,false,false,false,false,false,https://www.gunviolencearchive.org/incident/2098530
2096552,2021-08-20,39.1283,-84.5236,Cincinnati,Ohio,320 W McMillan St,0,1,false,false,false,false,false,false,https://www.gunviolencearchive.org/incident/2096552
2092788,2021-08-15,39.11364052941765,-84.52455898951025,Cincinnati,Ohio,500 block of W Liberty St,1,0,false,false,false,false,false,false,https://www.gunviolencearchive.org/incident/2092788
2091357,2021-08-14,39.1249,-84.5592,Cincinnati,Ohio,1800 block of Forbus St,1,0,true,false,false,true,false,false,https://www.gunviolencearchive.org/incident/2091357
2090510,2021-08-13,39.1901,-84.5144,Cincinnati,Ohio,Winneste Ave and Dutch Colony Dr,1,0,false,false,false,false,false,true,https://www.gunviolencearchive.org/incident/2090510
2089700,2021-08-11,39.23434052941765,-84.53605898951025,Cincinnati,Ohio,7701 Clovernook Ave,0,1,false,false,false,false,false,false,https://www.gunviolencearchive.org/incident/2089700
2089550,2021-08-11,39.11111547208421,-84.52599010890835,Cincinnati,Ohio,Derrick Turnbow Ave and Pinecone Ln,1,0,false,false,false,false,false,false,https://www.gunviolencearchive.org/incident/2089550
2089535,2021-08-11,39.1083,-84.5148,Cincinnati,Ohio,Vine St and W 12th St,1,0,false,false,false,false,false,false,https://www.gunviolencearchive.org/incident/2089535
2089532,2021-08-11,39.17918247340933,-84.51121569223837,Cincinnati,Ohio,Craft St,1,1,false,false,false,false,false,false,https://www.gunviolencearchive.org/incident/2089532
2088702,2021-08-11,39.1259,-84.4849,Cincinnati,Ohio,1126 E McMillan St,0,1,false,false,false,false,false,false,https://www.gunviolencearchive.org/incident/2088702
2088693,2021-08-10,39.1057,-84.5283,Cincinnati,Ohio,Linn St and W Court St,1,0,false,false,false,false,false,false,https://www.gunviolencearchive.org/incident/2088693
2088667,2021-08-10,39.1373,-84.5374,Cincinnati,Ohio,Gordon St and Colerain Ave,2,0,false,false,false,false,false,false,https://www.gunviolencearchive.org/incident/2088667
2084586,2021-08-06,39.1145,-84.5166,Cincinnati,Ohio,Green St and Republic St,1,0,false,false,false,false,false,false,https://www.gunviolencearchive.org/incident/2084586
2084584,2021-08-06,39.180340529417656,-84.51085898951025,Cincinnati,Ohio,4900 block of Winneste Ave,1,0,false,false,false,false,false,false,https://www.gunviolencearchive.org/incident/2084584
2082925,2021-08-04,39.1196,-84.5328,Cincinnati,Ohio,Bank St and Colerain Ave,1,0,false,false,false,false,false,false,https://www.gunviolencearchive.org/incident/2082925
2082870,2021-08-04,39.1255,-84.4952,Cincinnati,Ohio,Wayne St and May St,1,0,false,false,false,false,false,true,https://www.gunviolencearchive.org/incident/2082870
2082858,2021-08-03,39.097,-84.5654,Cincinnati,Ohio,380 block of Elberon Ave,1,0,false,false,false,false,false,false,https://www.gunviolencearchive.org/incident/2082858
2082867,2021-08-03,39.1141,-84.5743,Cincinnati,Ohio,1200 block of Ross Ave,1,0,false,false,false,false,false,false,https://www.gunviolencearchive.org/incident/2082867
2084668,2021-08-02,39.11284052941765,-84.51425898951025,Cincinnati,Ohio,Walnut St and E Liberty St,1,0,false,false,false,false,false,false,https://www.gunviolencearchive.org/incident/2084668
2081509,2021-08-02,39.107140529417656,-84.52805898951026,Cincinnati,Ohio,1100 block of Linn St,1,0,false,false,false,false,false,false,https://www.gunviolencearchive.org/incident/2081509
2080316,2021-08-01,39.1568,-84.4854,Cincinnati,Ohio,E Mitchell Ave and Rose Hill Ave,1,0,false,false,false,false,false,false,https://www.gunviolencearchive.org/incident/2080316
2081504,2021-08-01,39.1667,-84.4843,Cincinnati,Ohio,Chalet Dr,0,1,false,false,false,false,false,false,https://www.gunviolencearchive.org/incident/2081504
2078621,2021-07-30,39.1031,-84.5509,Cincinnati,Ohio,2100 block of Storrs St,1,1,false,false,false,false,false,false,https://www.gunviolencearchive.org/incident/2078621
2078683,2021-07-30,39.1439,-84.4716,Cincinnati,Ohio,Brewster Ave and Newton Ave,1,0,false,false,false,false,false,false,https://www.gunviolencearchive.org/incident/2078683
2078052,2021-07-29,39.2931,-84.5178,Cincinnati,Ohio,Pellston Ct and Kemper Meadow Dr,0,1,false,false,false,false,false,false,https://www.gunviolencearchive.org/incident/2078052
2075388,2021-07-26,39.11134052941765,-84.51375898951025,Cincinnati,Ohio,1400 block of Walnut St,1,0,false,false,false,false,false,false,https://www.gunviolencearchive.org/incident/2075388
2073978,2021-07-25,39.2032,-84.5504,Cincinnati,Ohio,1700 block of W North Bend Rd,0,1,false,false,false,false,false,false,https://www.gunviolencearchive.org/incident/2073978
2072850,2021-07-24,39.2735,-84.5618,Cincinnati,Ohio,10814 Hamilton Ave,1,0,false,false,false,true,false,false,https://www.gunviolencearchive.org/incident/2072850
2066352,2021-07-18,39.1093,-84.5159,Cincinnati,Ohio,Republic St and W 13th St,1,0,false,false,false,false,false,false,https://www.gunviolencearchive.org/incident/2066352
2064970,2021-07-16,39.1221,-84.5784,Cincinnati,Ohio,1800 block of 1st Ave,0,1,false,false,false,false,true,false,https://www.gunviolencearchive.org/incident/2064970
2064962,2021-07-15,39.1405,-84.4788,Cincinnati,Ohio,1500 block of Blair Ave,1,0,false,false,false,false,false,false,https://www.gunviolencearchive.org/incident/2064962
2062902,2021-07-13,39.1892,-84.5668,Cincinnati,Ohio,Bahama Terr,1,0,false,false,false,false,false,false,https://www.gunviolencearchive.org/incident/2062902
2062863,2021-07-13,39.14164052941765,-84.59015898951026,Cincinnati,Ohio,2700 block of Harrison Ave,1,0,false,false,false,false,false,false,https://www.gunviolencearchive.org/incident/2062863
2058872,2021-07-10,39.1413,-84.5891,Cincinnati,Ohio,Harrison Ave and Ravogli Ave,1,0,false,false,false,false,false,false,https://www.gunviolencearchive.org/incident/2058872
2057262,2021-07-08,39.11618247340933,-84.52711569223835,Cincinnati,Ohio,Linn St and Findlay St,1,0,false,false,false,false,false,false,https://www.gunviolencearchive.org/incident/2057262
2058512,2021-07-08,39.1877,-84.5148,Cincinnati,Ohio,5339 Winneste Ave,0,1,false,false,false,false,false,false,https://www.gunviolencearchive.org/incident/2058512
2056221,2021-07-07,39.1515,-84.5086,Cincinnati,Ohio,16 Ehrman Ave,0,1,false,false,false,false,false,false,https://www.gunviolencearchive.org/incident/2056221
2052924,2021-07-05,39.09497909816595,-84.51325755415765,Cincinnati,Ohio,166 W Mehring Way,3,2,false,false,false,false,false,false,https://www.gunviolencearchive.org/incident/2052924
2140310,2021-07-05,39.2187,-84.5457,Cincinnati,Ohio,1560 Galbraith Rd,0,1,false,false,false,false,false,false,https://www.gunviolencearchive.org/incident/2140310
2059270,2021-07-04,39.17881547208421,-84.51049010890834,Cincinnati,Ohio,4800 block of Winneste Ave,0,1,false,false,false,false,false,true,https://www.gunviolencearchive.org/incident/2059270
2052766,2021-07-03,39.1381,-84.7088,Addyston,Ohio,120 block of 2nd Ave,1,0,false,false,false,false,false,false,https://www.gunviolencearchive.org/incident/2052766
2052053,2021-07-02,39.122540529417655,-84.48965898951025,Cincinnati,Ohio,2300 block of St James Ave,0,1,false,false,false,false,false,false,https://www.gunviolencearchive.org/incident/2052053
2048546,2021-06-29,39.2298,-84.4609,Lockland,Ohio,N Wayne Ave and Mulberry St,1,0,false,false,false,false,false,false,https://www.gunviolencearchive.org/incident/2048546
2048523,2021-06-28,39.2917,-84.4572,Springdale,Ohio,11775 Commons Dr,1,0,false,false,false,false,false,false,https://www.gunviolencearchive.org/incident/2048523
2046543,2021-06-27,39.1497,-84.5112,Cincinnati,Ohio,Woolper Ave and Vine St,1,0,false,false,false,false,false,false,https://www.gunviolencearchive.org/incident/2046543
2046539,2021-06-27,39.1147,-84.5146,Cincinnati,Ohio,E McMicken Ave and Lang St,1,0,false,false,false,false,false,false,https://www.gunviolencearchive.org/incident/2046539
2182081,2021-06-27,39.1377,-84.5483,Cincinnati,Ohio,3000 block of Beekman St,0,1,false,false,false,false,false,false,https://www.gunviolencearchive.org/incident/2182081
2045395,2021-06-24,39.1481,-84.5974,Cincinnati,Ohio,3000 block of Harrison Ave,0,1,false,false,false,false,false,false,https://www.gunviolencearchive.org/incident/2045395
2045399,2021-06-23,39.1478,-84.4863,Cincinnati,Ohio,860 Glenwood Ave,1,0,false,false,false,false,false,false,https://www.gunviolencearchive.org/incident/2045399
2044525,2021-06-22,39.1296,-84.5587,Cincinnati,Ohio,1900 block of Knox St,1,0,false,false,false,false,false,false,https://www.gunviolencearchive.org/incident/2044525
2044514,2021-06-22,39.1063,-84.5126,Cincinnati,Ohio,Walnut St,1,0,false,false,false,false,false,false,https://www.gunviolencearchive.org/incident/2044514
2041286,2021-06-21,39.106,-84.571,Cincinnati,Ohio,W 8th St and McPherson Ave,2,1,false,false,false,false,false,false,https://www.gunviolencearchive.org/incident/2041286
2041767,2021-06-21,39.1447,-84.4899,Cincinnati,Ohio,3504 Reading Rd,0,1,false,false,false,false,false,false,https://www.gunviolencearchive.org/incident/2041767
2040742,2021-06-20,39.10974052941765,-84.51175898951026,Cincinnati,Ohio,Main St and E 13th St,1,0,false,false,false,false,false,false,https://www.gunviolencearchive.org/incident/2040742
2040732,2021-06-20,39.15214052941765,-84.54875898951025,Cincinnati,Ohio,3000 block of Borden St,3,1,false,false,true,false,false,false,https://www.gunviolencearchive.org/incident/2040732
2038622,2021-06-17,39.137,-84.4858,Cincinnati,Ohio,3056 Mathers St,3,1,false,false,true,false,false,false,https://www.gunviolencearchive.org/incident/2038622
2035011,2021-06-14,39.1116,-84.5168,Cincinnati,Ohio,1500 block of Goose Alley,0,1,false,false,false,false,false,false,https://www.gunviolencearchive.org/incident/2035011
2034971,2021-06-13,39.241940529417654,-84.54485898951025,Mount Healthy,Ohio,8200 Hamilton Ave,1,0,false,false,false,false,false,false,https://www.gunviolencearchive.org/incident/2034971
2034898,2021-06-12,39.2149,-84.4615,Cincinnati,Ohio,8400 block of Dixie Ave,0,1,false,false,false,false,false,false,https://www.gunviolencearchive.org/incident/2034898
2033302,2021-06-12,39.1818,-84.4445,Cincinnati,Ohio,6000 block of Ridgeacres Dr,0,1,false,false,false,false,false,true,https://www.gunviolencearchive.org/incident/2033302
2033123,2021-06-12,39.14474052941765,-84.57395898951025,Cincinnati,Ohio,McHenry Ave and Cavanaugh Ave,4,0,true,false,false,false,false,true,https://www.gunviolencearchive.org/incident/2033123
2029130,2021-06-08,39.1646,-84.5121,Cincinnati,Ohio,249 W Mitchell Ave,0,1,false,false,false,false,false,false,https://www.gunviolencearchive.org/incident/2029130
2029113,2021-06-07,39.1274,-84.4846,Cincinnati,Ohio,2607 Victory Pkwy,1,0,false,false,false,false,false,false,https://www.gunviolencearchive.org/incident/2029113
2026519,2021-06-05,39.1334,-84.4637,Cincinnati,Ohio,1900 block of Pogue Ave,1,0,false,false,false,false,false,false,https://www.gunviolencearchive.org/incident/2026519
2026067,2021-06-05,39.2034,-84.5547,Cincinnati,Ohio,W North Bend Rd and Oakwood Ave,1,0,false,false,false,false,false,false,https://www.gunviolencearchive.org/incident/2026067
2025212,2021-06-04,39.149,-84.6129,Cincinnati,Ohio,3389 Glenmore Ave,1,0,false,false,false,false,false,false,https://www.gunviolencearchive.org/incident/2025212
2024246,2021-06-03,39.1318,-84.5302,Cincinnati,Ohio,2800 block of Marshall Ave,0,1,false,false,false,false,false,false,https://www.gunviolencearchive.org/incident/2024246
2023586,2021-06-01,39.1485,-84.5117,Cincinnati,Ohio,3600 block of Vine St,0,1,false,false,false,false,false,false,https://www.gunviolencearchive.org/incident/2023586
2023260,2021-06-01,39.13724052941765,-84.53825898951025,Cincinnati,Ohio,1326 Hopple St,1,0,false,false,false,false,false,false,https://www.gunviolencearchive.org/incident/2023260
2022238,2021-05-31,39.1308,-84.5696,Cincinnati,Ohio,2500 block of Sarvis Ct,1,0,false,false,false,false,false,false,https://www.gunviolencearchive.org/incident/2022238
2022230,2021-05-31,39.1153,-84.5182,Cincinnati,Ohio,Race St and W Elder St,2,0,false,false,false,false,false,false,https://www.gunviolencearchive.org/incident/2022230
2020345,2021-05-30,39.1551,-84.5609,Cincinnati,Ohio,Williamsburg Dr,1,0,false,false,false,false,false,false,https://www.gunviolencearchive.org/incident/2020345
2019571,2021-05-29,39.1173,-84.5819,Cincinnati,Ohio,W Liberty St and Dewey Ave,1,0,false,false,false,false,false,false,https://www.gunviolencearchive.org/incident/2019571
2018749,2021-05-27,39.114715472084214,-84.51429010890836,Cincinnati,Ohio,100 block of E McMicken Ave,0,1,false,false,false,false,false,false,https://www.gunviolencearchive.org/incident/2018749
2016807,2021-05-26,39.1065,-84.5089,Cincinnati,Ohio,900 Sycamore St,1,0,false,false,false,false,false,false,https://www.gunviolencearchive.org/incident/2016807
2016718,2021-05-26,39.1905,-84.5176,Cincinnati,Ohio,800 block of Dutch Colony Dr,2,0,false,false,false,false,false,false,https://www.gunviolencearchive.org/incident/2016718
2015568,2021-05-25,39.1925,-84.4821,Cincinnati,Ohio,Vine St and E 69th St,1,0,false,false,false,false,false,false,https://www.gunviolencearchive.org/incident/2015568
2015586,2021-05-25,39.1183,-84.5189,Cincinnati,Ohio,W McMicken Ave and Ohio Ave,0,1,false,false,false,false,false,false,https://www.gunviolencearchive.org/incident/2015586
2013294,2021-05-23,39.2251,-84.6018,Groesbeck,Ohio,Ashhollow Dr and Ashhill Ct,1,0,false,false,false,false,false,false,https://www.gunviolencearchive.org/incident/2013294
2013216,2021-05-23,39.1302,-84.5094,Cincinnati,Ohio,2634 Short Vine St,1,0,false,false,false,false,false,false,https://www.gunviolencearchive.org/incident/2013216
2015630,2021-05-23,39.1099,-84.5607,Cincinnati,Ohio,1000 block of Grand Ave,0,1,false,false,false,false,false,false,https://www.gunviolencearchive.org/incident/2015630
2012269,2021-05-22,39.2555,-84.5802,Cincinnati,Ohio,Marino Dr and Springdale Rd,1,0,false,false,false,false,false,false,https://www.gunviolencearchive.org/incident/2012269
2013269,2021-05-22,39.2259,-84.584,Groesbeck,Ohio,3101 Regal Ln,0,1,false,false,false,false,false,false,https://www.gunviolencearchive.org/incident/2013269
2010307,2021-05-20,39.126515472084215,-84.54869010890835,Cincinnati,Ohio,1550 Queen City Ave,0,1,false,false,false,false,false,false,https://www.gunviolencearchive.org/incident/2010307
2010289,2021-05-19,39.1357,-84.4881,Cincinnati,Ohio,800 block of Altoona St,1,0,false,false,false,false,false,false,https://www.gunviolencearchive.org/incident/2010289
2008178,2021-05-18,39.1111,-84.5223,Cincinnati,Ohio,1501 Central Pkwy,2,0,false,false,false,false,false,true,https://www.gunviolencearchive.org/incident/2008178
2008210,2021-05-17,39.1098,-84.5245,Cincinnati,Ohio,Genessee St,2,0,false,false,false,false,false,true,https://www.gunviolencearchive.org/incident/2008210
2007285,2021-05-16,39.1437,-84.4864,Cincinnati,Ohio,879 Rockdale Ave,2,1,false,false,false,false,false,false,https://www.gunviolencearchive.org/incident/2007285
2007216,2021-05-16,39.1276,-84.4904,Cincinnati,Ohio,2600 block of Melrose Ave,2,0,false,false,false,false,false,false,https://www.gunviolencearchive.org/incident/2007216
2005991,2021-05-16,39.2041,-84.4547,Cincinnati,Ohio,7751 Reading Rd,3,1,false,false,true,false,false,false,https://www.gunviolencearchive.org/incident/2005991
2001614,2021-05-10,39.107,-84.5161,Cincinnati,Ohio,Race St,1,0,false,false,false,false,false,false,https://www.gunviolencearchive.org/incident/2001614
1997007,2021-05-06,39.144,-84.5577,Cincinnati,Ohio,1990 Western Northern Blvd,0,1,false,false,false,false,false,false,https://www.gunviolencearchive.org/incident/1997007
1997019,2021-05-04,39.1486,-84.4948,Cincinnati,Ohio,600 block of Glenwood Ave,0,1,false,false,false,false,false,false,https://www.gunviolencearchive.org/incident/1997019
1996044,2021-05-04,39.11734052941765,-84.59805898951025,Cincinnati,Ohio,Overlook Ave and Glenway Ave,1,0,false,false,false,false,false,false,https://www.gunviolencearchive.org/incident/1996044
1994686,2021-05-04,39.10961547208421,-84.51349010890834,Cincinnati,Ohio,Walnut St and 13th St,1,1,false,false,false,false,false,false,https://www.gunviolencearchive.org/incident/1994686
1993779,2021-05-03,39.2696,-84.4378,Sharonville,Ohio,2225 E Sharon Rd,0,1,false,false,false,false,false,false,https://www.gunviolencearchive.org/incident/1993779
1992173,2021-05-01,39.1255,-84.4903,Cincinnati,Ohio,2442 Gilbert Ave,3,0,false,false,false,false,false,false,https://www.gunviolencearchive.org/incident/1992173
1987861,2021-04-25,39.2,-84.5309,Cincinnati,Ohio,6100 block of Tahiti Dr,0,1,false,false,false,false,false,false,https://www.gunviolencearchive.org/incident/1987861
1988126,2021-04-25,39.2617,-84.8036,Harrison,Ohio,10905 Shaker Point Way,0,1,false,false,false,false,false,false,https://www.gunviolencearchive.org/incident/1988126
1985333,2021-04-23,39.2634,-84.5245,Cincinnati,Ohio,Avenell Ln and Ashby St,1,0,false,false,false,false,false,false,https://www.gunviolencearchive.org/incident/1985333
1977864,2021-04-13,39.11,-84.5668,Cincinnati,Ohio,3431 Warsaw Ave,1,0,false,false,false,false,false,false,https://www.gunviolencearchive.org/incident/1977864
1976901,2021-04-12,39.1841,-84.5615,Cincinnati,Ohio,4800 block of Hawaiian Terr,1,0,false,false,false,false,false,false,https://www.gunviolencearchive.org/incident/1976901
1973417,2021-04-08,39.1939,-84.4595,Cincinnati,Ohio,7241 Brookcrest Dr,0,1,false,false,false,false,false,false,https://www.gunviolencearchive.org/incident/1973417
1968059,2021-04-02,39.1876,-84.5105,Cincinnati,Ohio,5300 block of Bettman Dr,0,1,false,false,false,false,false,false,https://www.gunviolencearchive.org/incident/1968059
1968053,2021-04-02,39.1386,-84.5343,Cincinnati,Ohio,I-75 and Hopple St,0,1,false,false,false,false,false,true,https://www.gunviolencearchive.org/incident/1968053
1959002,2021-03-22,39.1588,-84.502,Cincinnati,Ohio,Rion Ln,1,0,false,false,false,false,false,false,https://www.gunviolencearchive.org/incident/1959002
1958148,2021-03-21,39.1002,-84.5179,Cincinnati,Ohio,301 W 5th St,1,0,false,false,false,false,false,false,https://www.gunviolencearchive.org/incident/1958148
1958146,2021-03-20,39.2241,-84.5173,Cincinnati,Ohio,916 Hempstead Dr,1,0,false,false,false,false,false,false,https://www.gunviolencearchive.org/incident/1958146
1957116,2021-03-19,39.2027,-84.5474,Cincinnati,Ohio,6124 Hamilton Ave,1,0,false,false,false,false,false,true,https://www.gunviolencearchive.org/incident/1957116
1956346,2021-03-19,39.2916,-84.5202,Cincinnati,Ohio,1000 block of Pennington Ct,0,1,false,false,false,false,false,false,https://www.gunviolencearchive.org/incident/1956346
1953928,2021-03-14,39.19564052941765,-84.47915898951025,Cincinnati,Ohio,7201 Vine St,1,0,false,false,false,false,false,false,https://www.gunviolencearchive.org/incident/1953928
1948035,2021-03-08,39.118,-84.4986,Cincinnati,Ohio,610 Eden Park Dr,1,0,false,false,false,false,false,false,https://www.gunviolencearchive.org/incident/1948035
1943864,2021-03-03,39.1414,-84.5292,Cincinnati,Ohio,3200 block of Morrison Ave,0,1,false,false,false,false,false,false,https://www.gunviolencearchive.org/incident/1943864
1941382,2021-02-28,39.1449,-84.4728,Cincinnati,Ohio,3600 block of Idlewild Ave,3,3,false,true,true,false,true,false,https://www.gunviolencearchive.org/incident/1941382
1933846,2021-02-20,39.2473,-84.5458,Cincinnati,Ohio,9832 Hamilton Ave,1,0,false,false,false,false,false,false,https://www.gunviolencearchive.org/incident/1933846
1932535,2021-02-18,39.1498,-84.5541,Cincinnati,Ohio,2100 block of Millvale Cir,0,1,false,false,false,false,false,false,https://www.gunviolencearchive.org/incident/1932535
1930459,2021-02-16,39.1518,-84.586,Cincinnati,Ohio,2700 block of Montana Ave,2,1,false,false,false,false,false,true,https://www.gunviolencearchive.org/incident/1930459
1925191,2021-02-09,39.1757,-84.3843,Cincinnati,Ohio,6005 Kenwood Rd,0,1,false,false,false,false,false,false,https://www.gunviolencearchive.org/incident/1925191
1924081,2021-02-08,39.1275,-84.5082,Cincinnati,Ohio,2508 Auburn Ave,0,1,false,false,false,false,false,false,https://www.gunviolencearchive.org/incident/1924081
1922771,2021-02-06,39.2425,-84.5945,Cincinnati,Ohio,Colerain Ave and Commons Cir,2,0,false,false,false,false,false,true,https://www.gunviolencearchive.org/incident/1922771
1920732,2021-02-04,39.2464,-84.4562,Cincinnati,Ohio,1100 block of Van Buren Ave,2,0,false,false,false,false,false,false,https://www.gunviolencearchive.org/incident/1920732
1918000,2021-02-01,39.1288,-84.5608,Cincinnati,Ohio,2400 block of Saturn Ave,2,1,false,false,false,false,false,false,https://www.gunviolencearchive.org/incident/1918000
1917491,2021-01-31,39.169,-84.4922,Saint Bernard,Ohio,Greenlee Ave and Cleveland Ave,1,0,false,false,false,false,false,false,https://www.gunviolencearchive.org/incident/1917491
1916473,2021-01-31,39.1537,-84.5025,Cincinnati,Ohio,129 Glenridge Pl,0,1,false,false,false,false,false,false,https://www.gunviolencearchive.org/incident/1916473
1916207,2021-01-30,39.1099,-84.5116,Cincinnati,Ohio,1300 block of Main St,1,0,false,false,false,false,false,false,https://www.gunviolencearchive.org/incident/1916207
1915521,2021-01-29,39.143,-84.5031,Cincinnati,Ohio,2400 block of Wilson Ave,2,0,false,false,false,false,false,true,https://www.gunviolencearchive.org/incident/1915521
1913701,2021-01-27,39.2278,-84.4518,Cincinnati,Ohio,200 block of N Cooper Ave,0,1,false,false,false,true,false,false,https://www.gunviolencearchive.org/incident/1913701
1912733,2021-01-26,39.115,-84.5271,Cincinnati,Ohio,1700 block of Linn St,1,0,false,false,false,false,false,false,https://www.gunviolencearchive.org/incident/1912733
1910401,2021-01-24,39.1162,-84.5594,Cincinnati,Ohio,1700 block of Grand Ave,0,1,false,false,false,false,false,false,https://www.gunviolencearchive.org/incident/1910401
1908960,2021-01-22,39.1125,-84.519,Cincinnati,Ohio,1549 Elm St,1,0,false,false,false,false,false,false,https://www.gunviolencearchive.org/incident/1908960
1906588,2021-01-19,39.1484,-84.5513,Cincinnati,Ohio,Millvale Ct and Beekman St,1,0,true,false,false,true,false,false,https://www.gunviolencearchive.org/incident/1906588
1905516,2021-01-18,39.1912,-84.5705,Cincinnati,Ohio,W North Bend Rd and Colerain Ave,1,0,false,false,false,false,false,false,https://www.gunviolencearchive.org/incident/1905516
1901895,2021-01-14,39.2473,-84.4504,Cincinnati,Ohio,9930 Mangham Dr,2,0,false,false,false,false,false,false,https://www.gunviolencearchive.org/incident/1901895
1896957,2021-01-07,39.12904052941765,-84.48875898951025,Cincinnati,Ohio,Gilbert Ave and Yale Ave,1,0,false,false,false,true,false,false,https://www.gunviolencearchive.org/incident/1896957
1895672,2021-01-05,39.1968,-84.4577,Cincinnati,Ohio,7369 Brookcrest Dr,2,1,false,false,false,false,false,false,https://www.gunviolencearchive.org/incident/1895672
1894774,2021-01-03,39.2103,-84.5606,North College Hill,Ohio,Catalpa Ave and Simpson Ave,1,0,false,false,false,false,false,false,https://www.gunviolencearchive.org/incident/1894774
1887436,2020-12-27,39.1502,-84.6127,Cheviot,Ohio,3700 block of Dina Ave,1,0,false,false,false,false,false,false,https://www.gunviolencearchive.org/incident/1887436
1887432,2020-12-27,39.1007,-84.5638,Cincinnati,Ohio,500 block of Considine Ave,1,0,false,false,false,false,false,false,https://www.gunviolencearchive.org/incident/1887432
1886647,2020-12-25,39.2433,-84.4587,Cincinnati,Ohio,800 block of Medosh Ave,0,1,false,false,false,false,false,false,https://www.gunviolencearchive.org/incident/1886647
1886649,2020-12-25,39.1428,-84.5119,Cincinnati,Ohio,Cloister Dr,1,0,true,false,false,false,false,true,https://www.gunviolencearchive.org/incident/1886649
1883582,2020-12-21,39.141,-84.6141,Cincinnati,Ohio,3300 block of Werk Rd,0,1,false,false,false,false,false,false,https://www.gunviolencearchive.org/incident/1883582
1881269,2020-12-18,39.19794052941765,-84.46455898951025,Cincinnati,Ohio,1500 block of Section Rd,1,0,false,false,false,false,false,false,https://www.gunviolencearchive.org/incident/1881269
1880372,2020-12-17,39.1132,-84.5604,Cincinnati,Ohio,Glenway Ave and Grand Ave,1,0,false,false,false,false,false,false,https://www.gunviolencearchive.org/incident/1880372
1894841,2020-12-16,39.215,-84.5578,Cincinnati,Ohio,Dallas Ave,0,1,false,false,false,false,false,true,https://www.gunviolencearchive.org/incident/1894841
1876293,2020-12-12,39.1527,-84.5003,Cincinnati,Ohio,3600 block of Canyon Dr,0,1,false,false,false,false,false,false,https://www.gunviolencearchive.org/incident/1876293
1875480,2020-12-12,39.182,-84.5124,Cincinnati,Ohio,5000 block of Winneste Ave,1,0,true,false,false,true,false,false,https://www.gunviolencearchive.org/incident/1875480
1875470,2020-12-11,39.1366,-84.5687,Cincinnati,Ohio,2000 block of S Teralta Cir,1,0,false,false,false,true,false,false,https://www.gunviolencearchive.org/incident/1875470
1874707,2020-12-10,39.1249,-84.5231,Cincinnati,Ohio,Stratford Ave and Warner St,2,0,false,false,false,false,false,false,https://www.gunviolencearchive.org/incident/1874707
1873047,2020-12-08,39.1451,-84.5628,Cincinnati,Ohio,Western Northern Blvd and Baltimore Ave,1,0,false,false,false,false,false,true,https://www.gunviolencearchive.org/incident/1873047
1870324,2020-12-05,39.1941,-84.3949,Cincinnati,Ohio,Stewart Rd and Montgomery Rd,1,0,false,false,false,false,false,true,https://www.gunviolencearchive.org/incident/1870324
1870343,2020-12-05,39.1132,-84.4389,Cincinnati,Ohio,Mead St and Congress Ave,1,0,false,false,false,false,false,false,https://www.gunviolencearchive.org/incident/1870343
1870339,2020-12-05,39.1092,-84.4262,Cincinnati,Ohio,4281 Eastern Ave,0,1,false,false,false,false,false,false,https://www.gunviolencearchive.org/incident/1870339
1866942,2020-12-01,39.291,-84.5111,Cincinnati,Ohio,11610 Hanover Rd,1,0,false,false,false,false,false,false,https://www.gunviolencearchive.org/incident/1866942
1866148,2020-11-30,39.2207,-84.6015,Cincinnati,Ohio,Cheviot Rd and Galbraith Rd,1,0,false,true,false,false,false,false,https://www.gunviolencearchive.org/incident/1866148
1868687,2020-11-29,39.1881,-84.4679,Cincinnati,Ohio,7000 block of Glen Meadow Ln,1,0,false,false,false,false,false,false,https://www.gunviolencearchive.org/incident/1868687
1861437,2020-11-24,39.1169,-84.5228,Cincinnati,Ohio,Charlotte St and Central Pkwy,1,0,false,false,false,false,false,false,https://www.gunviolencearchive.org/incident/1861437
1861421,2020-11-24,39.24404052941765,-84.54725898951025,Cincinnati,Ohio,Meredith Dr and Hamilton Ave,0,1,false,false,false,false,false,false,https://www.gunviolencearchive.org/incident/1861421
1859054,2020-11-22,39.20484052941765,-84.45775898951025,Cincinnati,Ohio,7800 block of Newbedford Ave,0,1,false,false,false,false,false,false,https://www.gunviolencearchive.org/incident/1859054
1972702,2020-11-20,39.18211547208421,-84.42719010890835,Cincinnati,Ohio,Montgomery Rd,1,0,false,false,false,false,false,false,https://www.gunviolencearchive.org/incident/1972702
1858267,2020-11-20,39.2396,-84.4607,Cincinnati,Ohio,800 block of Steffens Ave,1,0,false,false,false,false,false,false,https://www.gunviolencearchive.org/incident/1858267
1856315,2020-11-19,39.1136,-84.5646,Cincinnati,Ohio,3316 Glenway Ave,0,1,false,false,false,false,false,false,https://www.gunviolencearchive.org/incident/1856315
1852668,2020-11-15,39.1242,-84.5741,Cincinnati,Ohio,1900 block of Wyoming Ave,0,1,false,false,false,false,false,false,https://www.gunviolencearchive.org/incident/1852668
1852670,2020-11-14,39.098,-84.6548,Cincinnati,Ohio,5400 block of Hillside Ave,0,1,false,false,false,false,false,false,https://www.gunviolencearchive.org/incident/1852670
1852161,2020-11-14,39.1764,-84.509,Cincinnati,Ohio,400 block of Kings Run Dr,4,0,false,false,true,false,false,false,https://www.gunviolencearchive.org/incident/1852161
1850743,2020-11-12,39.11282799037534,-84.51384906446435,Cincinnati,Ohio,1600 block of Walnut St,0,1,false,false,false,false,false,false,https://www.gunviolencearchive.org/incident/1850743
1849865,2020-11-11,39.197,-84.4773,Cincinnati,Ohio,Vine St and N Bend Rd,1,0,false,false,false,false,false,false,https://www.gunviolencearchive.org/incident/1849865
1849154,2020-11-10,39.2013,-84.5417,Cincinnati,Ohio,Lantana Ave and Elkton Pl,1,0,false,false,false,false,false,false,https://www.gunviolencearchive.org/incident/1849154
1848009,2020-11-09,39.1576,-84.5583,Cincinnati,Ohio,4097 President Dr,1,0,false,false,false,false,false,false,https://www.gunviolencearchive.org/incident/1848009
1846595,2020-11-07,39.1648,-84.479,Cincinnati,Ohio,4500 block of Paddock Rd,0,1,false,false,false,false,false,false,https://www.gunviolencearchive.org/incident/1846595
1846186,2020-11-06,39.1903,-84.4083,Cincinnati,Ohio,6800 block of Montgomery Rd,0,1,false,false,false,false,false,false,https://www.gunviolencearchive.org/incident/1846186
1844605,2020-11-05,39.156,-84.3989,Cincinnati,Ohio,5500 block of Dunning Pl,1,0,false,false,false,false,false,false,https://www.gunviolencearchive.org/incident/1844605
1845625,2020-11-05,39.2553,-84.4804,Cincinnati,Ohio,10267 Panola Dr,0,1,false,false,false,false,false,false,https://www.gunviolencearchive.org/incident/1845625
1846188,2020-11-05,39.1814,-84.5667,Cincinnati,Ohio,5100 block of Colerain Ave,1,0,false,false,false,false,false,false,https://www.gunviolencearchive.org/incident/1846188
1846190,2020-11-05,39.201040529417654,-84.57815898951026,Cincinnati,Ohio,Kipling Ave and Shadymist Ln,1,0,false,false,false,false,false,false,https://www.gunviolencearchive.org/incident/1846190
1838115,2020-10-29,39.1142,-84.5792,Cincinnati,Ohio,1200 block of 1st Ave,1,0,false,false,false,false,false,false,https://www.gunviolencearchive.org/incident/1838115
1836374,2020-10-27,39.1283,-84.5254,Cincinnati,Ohio,W McMillan St and Ravine St,1,0,false,false,false,false,false,false,https://www.gunviolencearchive.org/incident/1836374
1835335,2020-10-26,39.1815,-84.6044,Cincinnati,Ohio,Boomer Rd and N Bend Rd,1,0,false,false,false,false,false,false,https://www.gunviolencearchive.org/incident/1835335
1834691,2020-10-25,39.1323,-84.5664,Cincinnati,Ohio,2068 Bickel Ave,0,1,false,false,false,false,false,false,https://www.gunviolencearchive.org/incident/1834691
1834310,2020-10-24,39.1201,-84.5812,Cincinnati,Ohio,1700 block of Gilsey Ave,0,1,false,false,false,false,false,false,https://www.gunviolencearchive.org/incident/1834310
1832902,2020-10-23,39.2904,-84.4656,Cincinnati,Ohio,11700 Princeton Pike,1,0,false,false,false,false,false,false,https://www.gunviolencearchive.org/incident/1832902
1830205,2020-10-21,39.11584052941765,-84.51575898951025,Cincinnati,Ohio,McMicken Ave and Elder St,1,0,false,false,false,false,false,false,https://www.gunviolencearchive.org/incident/1830205
1831013,2020-10-21,39.1452,-84.4996,Cincinnati,Ohio,3500 block of Burnet Ave,0,1,false,false,false,false,false,false,https://www.gunviolencearchive.org/incident/1831013
1831783,2020-10-18,39.14254052941765,-84.49525898951025,Cincinnati,Ohio,Maple Ave,1,0,false,false,false,false,false,false,https://www.gunviolencearchive.org/incident/1831783
1826393,2020-10-17,39.196,-84.7727,Cleves,Ohio,5300 block of Shore Ln,2,0,false,false,false,false,false,false,https://www.gunviolencearchive.org/incident/1826393
1823175,2020-10-11,39.1523,-84.6028,Cincinnati,Ohio,3500 block of Boudinot Ave,0,1,false,false,false,false,false,false,https://www.gunviolencearchive.org/incident/1823175
1820580,2020-10-10,39.1679,-84.4256,Cincinnati,Ohio,5245 Ridge Ave,0,1,false,false,false,false,false,false,https://www.gunviolencearchive.org/incident/1820580
1821021,2020-10-09,39.1152,-84.519,Cincinnati,Ohio,W Elder St,1,0,false,false,false,false,false,false,https://www.gunviolencearchive.org/incident/1821021
1819691,2020-10-09,39.1156,-84.52,Cincinnati,Ohio,1800 block of Elm St,1,0,false,false,false,false,false,false,https://www.gunviolencearchive.org/incident/1819691
1820323,2020-10-07,39.13707909816595,-84.57655755415766,Cincinnati,Ohio,2300 block of Harrison Ave,0,1,false,false,false,false,false,false,https://www.gunviolencearchive.org/incident/1820323
1820314,2020-10-07,39.121040529417655,-84.51545898951025,Cincinnati,Ohio,2200 block of Vine St,0,1,false,false,false,false,false,false,https://www.gunviolencearchive.org/incident/1820314
1806032,2020-09-26,39.1152,-84.5159,Cincinnati,Ohio,Back St and Hamer St,1,1,false,false,false,false,false,false,https://www.gunviolencearchive.org/incident/1806032
1802797,2020-09-22,39.1131,-84.5185,Cincinnati,Ohio,W Liberty St and Pleasant St,1,0,false,false,false,false,false,false,https://www.gunviolencearchive.org/incident/1802797
1800899,2020-09-21,39.2536,-84.6196,Cincinnati,Ohio,5000 block of Pebblevalley Dr,0,1,false,false,false,false,true,false,https://www.gunviolencearchive.org/incident/1800899
1799548,2020-09-18,39.2235,-84.5262,Cincinnati,Ohio,1100 block of Hempstead Dr,0,1,true,false,false,true,false,false,https://www.gunviolencearchive.org/incident/1799548
1799550,2020-09-18,39.1087,-84.5182,Cincinnati,Ohio,1300 block of Elm St,1,0,false,false,false,false,false,false,https://www.gunviolencearchive.org/incident/1799550
1797560,2020-09-16,39.1494,-84.5075,Cincinnati,Ohio,3600 block of Irving Rd,0,3,false,false,false,false,false,false,https://www.gunviolencearchive.org/incident/1797560
1794415,2020-09-13,39.1172,-84.52,Cincinnati,Ohio,1910 Elm St,1,0,false,false,false,false,false,false,https://www.gunviolencearchive.org/incident/1794415
1795570,2020-09-13,39.215,-84.4623,Cincinnati,Ohio,8400 block of Tuskegee Ln,0,1,false,false,false,false,false,false,https://www.gunviolencearchive.org/incident/1795570
1790781,2020-09-10,39.148440529417655,-84.50795898951026,Cincinnati,Ohio,Irving St,1,0,false,false,false,false,false,false,https://www.gunviolencearchive.org/incident/1790781
1790779,2020-09-10,39.1105,-84.5137,Cincinnati,Ohio,Walnut St and Mercer St,1,0,false,false,false,false,false,false,https://www.gunviolencearchive.org/incident/1790779
1793168,2020-09-10,39.1367,-84.5386,Cincinnati,Ohio,1327 Hopple St,1,0,false,false,false,false,false,false,https://www.gunviolencearchive.org/incident/1793168
1789704,2020-09-09,39.1137,-84.5275,Cincinnati,Ohio,1600 block of Linn St,0,1,false,false,false,false,false,false,https://www.gunviolencearchive.org/incident/1789704
1788437,2020-09-07,39.1881,-84.4681,Cincinnati,Ohio,7000 block of Glenmeadow Ln,1,0,true,false,false,true,false,false,https://www.gunviolencearchive.org/incident/1788437
1788453,2020-09-07,39.1281,-84.5227,Cincinnati,Ohio,W McMillan St,3,0,false,false,false,false,false,false,https://www.gunviolencearchive.org/incident/1788453
1785863,2020-09-04,39.1368,-84.4789,Cincinnati,Ohio,3200 block of Gilbert Ave,0,1,false,false,false,false,false,false,https://www.gunviolencearchive.org/incident/1785863
1784540,2020-09-02,39.1722,-84.457,Cincinnati,Ohio,5311 Hunter Ave,0,2,false,false,false,false,false,false,https://www.gunviolencearchive.org/incident/1784540
1783692,2020-09-02,39.1342,-84.5506,Cincinnati,Ohio,1700 block of Baltimore Ave,0,1,false,false,false,true,false,false,https://www.gunviolencearchive.org/incident/1783692
1783690,2020-09-02,39.2258,-84.4826,Cincinnati,Ohio,Pleasant Hill Dr and Lotus Hill Dr,0,1,false,false,false,false,false,false,https://www.gunviolencearchive.org/incident/1783690
1784868,2020-09-01,39.1387,-84.5341,Cincinnati,Ohio,I-71 and Martin Luther King Dr W,1,0,false,false,false,false,false,false,https://www.gunviolencearchive.org/incident/1784868
1781386,2020-08-31,39.1879,-84.4765,Cincinnati,Ohio,Regina Graeter Way and Paddock Rd,1,0,false,false,false,false,false,false,https://www.gunviolencearchive.org/incident/1781386
1780014,2020-08-30,39.1117,-84.5305,Cincinnati,Ohio,Dudley Walk,1,0,false,false,false,false,false,false,https://www.gunviolencearchive.org/incident/1780014
1780012,2020-08-29,39.1272,-84.5115,Cincinnati,Ohio,1 E McMillan St,1,0,false,false,false,false,false,false,https://www.gunviolencearchive.org/incident/1780012
1780021,2020-08-29,39.1977,-84.4593,Cincinnati,Ohio,Section Rd and Griffin Dr,1,0,false,false,false,false,false,false,https://www.gunviolencearchive.org/incident/1780021
1776500,2020-08-26,39.1999,-84.4585,Cincinnati,Ohio,7625 Reading Rd,1,0,false,false,false,false,false,false,https://www.gunviolencearchive.org/incident/1776500
1774658,2020-08-24,39.145240529417656,-84.49965898951025,Cincinnati,Ohio,3500 block of Burnet Ave,0,1,false,false,false,false,false,false,https://www.gunviolencearchive.org/incident/1774658
1769430,2020-08-20,39.118440529417654,-84.53125898951025,Cincinnati,Ohio,Dayton St and Freeman Ave,1,0,false,false,false,false,false,false,https://www.gunviolencearchive.org/incident/1769430
1770324,2020-08-20,39.2014,-84.5209,Cincinnati,Ohio,Winton Rd and W North Bend Rd,1,0,false,false,false,false,false,false,https://www.gunviolencearchive.org/incident/1770324
1769508,2020-08-19,39.1047,-84.5122,Cincinnati,Ohio,Walnut St and E 8th St,0,1,false,false,false,false,false,false,https://www.gunviolencearchive.org/incident/1769508
1769432,2020-08-19,39.1052,-84.5133,Cincinnati,Ohio,800 Vine St,0,1,false,false,false,false,false,false,https://www.gunviolencearchive.org/incident/1769432
1765647,2020-08-16,39.1133,-84.5276,Cincinnati,Ohio,1565 Linn St,0,1,false,false,false,false,false,false,https://www.gunviolencearchive.org/incident/1765647
1767204,2020-08-16,39.1027,-84.5583,Cincinnati,Ohio,Mount Hope Ave,1,0,false,false,false,false,false,false,https://www.gunviolencearchive.org/incident/1767204
1767197,2020-08-16,39.1225,-84.4953,Cincinnati,Ohio,2300 block of May St,1,0,false,false,false,false,false,false,https://www.gunviolencearchive.org/incident/1767197
1765624,2020-08-16,39.1502,-84.4902,Cincinnati,Ohio,700 block of Chalfonte Pl,3,1,false,false,true,false,false,false,https://www.gunviolencearchive.org/incident/1765624
1765619,2020-08-16,39.1321,-84.488,Cincinnati,Ohio,Lincoln Ave and Gilbert Ave,3,0,false,false,false,false,false,false,https://www.gunviolencearchive.org/incident/1765619
1765636,2020-08-16,39.1152,-84.5148,Cincinnati,Ohio,70 E McMicken Ave,9,2,false,false,true,false,false,false,https://www.gunviolencearchive.org/incident/1765636
1767216,2020-08-16,39.1104,-84.5083,Cincinnati,Ohio,1300 block of Broadway St,1,0,false,false,false,false,false,false,https://www.gunviolencearchive.org/incident/1767216
1766423,2020-08-16,39.15024052941765,-84.49025898951025,Cincinnati,Ohio,700 block of Chalfonte Pl,3,1,false,false,true,false,false,false,https://www.gunviolencearchive.org/incident/1766423
1767234,2020-08-15,39.16284052941765,-84.47315898951025,Cincinnati,Ohio,Reading Rd,1,0,false,false,false,false,false,false,https://www.gunviolencearchive.org/incident/1767234
1765776,2020-08-14,39.10084052941765,-84.56675898951025,Cincinnati,Ohio,3400 block of Bassett Rd,0,1,false,false,false,false,false,false,https://www.gunviolencearchive.org/incident/1765776
1763924,2020-08-13,39.2842,-84.5083,Forest Park,Ohio,Waycross Rd and Geneva Rd,2,0,false,false,false,false,false,false,https://www.gunviolencearchive.org/incident/1763924
1763630,2020-08-12,39.1169,-84.577,Cincinnati,Ohio,Beech Ave and W Liberty St,1,0,false,false,false,false,false,false,https://www.gunviolencearchive.org/incident/1763630
1762486,2020-08-12,39.2242,-84.5919,Cincinnati,Ohio,8451 Colerain Ave,1,0,false,false,false,false,false,false,https://www.gunviolencearchive.org/incident/1762486
1761844,2020-08-11,39.115,-84.5294,Cincinnati,Ohio,Poplar St and Baymiller St,1,0,false,false,false,false,false,false,https://www.gunviolencearchive.org/incident/1761844
1761960,2020-08-10,39.2338,-84.5676,Cincinnati,Ohio,2400 block of Compton Rd,1,0,false,true,false,true,false,false,https://www.gunviolencearchive.org/incident/1761960
1759566,2020-08-09,39.1278,-84.5176,Cincinnati,Ohio,144 W McMillan St,2,1,false,false,false,false,false,false,https://www.gunviolencearchive.org/incident/1759566
1758639,2020-08-08,39.202140529417655,-84.57765898951025,Cincinnati,Ohio,2600 block of Chesterfield Ct,0,1,false,false,false,false,false,false,https://www.gunviolencearchive.org/incident/1758639
1757291,2020-08-07,39.1058,-84.5555,Cincinnati,Ohio,2300 block of Maryland Ave,0,2,false,false,false,false,false,false,https://www.gunviolencearchive.org/incident/1757291
1758254,2020-08-07,39.2571,-84.5778,Cincinnati,Ohio,10200 block of Menominee Dr,1,0,false,false,false,false,false,true,https://www.gunviolencearchive.org/incident/1758254
1754916,2020-08-04,39.1453,-84.4975,Cincinnati,Ohio,500 block of Rockdale Ave,0,1,false,false,false,false,false,false,https://www.gunviolencearchive.org/incident/1754916
1752993,2020-08-01,39.2447,-84.4517,Cincinnati,Ohio,1400 block of Dantzler Dr,0,1,false,false,false,false,false,false,https://www.gunviolencearchive.org/incident/1752993
1752176,2020-08-01,39.1273,-84.4838,Cincinnati,Ohio,2600 block of Victory Pkwy,1,0,false,false,false,false,false,true,https://www.gunviolencearchive.org/incident/1752176
1751048,2020-07-30,39.1623,-84.5492,Cincinnati,Ohio,4219 Colerain Ave,1,0,false,false,false,false,false,false,https://www.gunviolencearchive.org/incident/1751048
1749209,2020-07-29,39.1156,-84.5294,Cincinnati,Ohio,Baymiller St and Livingston St,1,0,false,false,false,false,false,false,https://www.gunviolencearchive.org/incident/1749209
1748154,2020-07-28,39.1088,-84.5174,Cincinnati,Ohio,1230 Elm St,1,0,false,false,false,false,false,false,https://www.gunviolencearchive.org/incident/1748154
1749139,2020-07-28,39.17898247340933,-84.51041569223835,Cincinnati,Ohio,Winneste Ave and Craft St,2,0,false,false,false,false,false,false,https://www.gunviolencearchive.org/incident/1749139
1746504,2020-07-26,39.0982,-84.5697,Cincinnati,Ohio,500 block of Fairbanks Ave,1,1,false,false,false,false,false,false,https://www.gunviolencearchive.org/incident/1746504
1747135,2020-07-26,39.0989,-84.5042,Cincinnati,Ohio,400 block of Pete Rose Way,3,0,false,false,false,false,false,true,https://www.gunviolencearchive.org/incident/1747135
1743454,2020-07-23,39.1223,-84.4883,Cincinnati,Ohio,2300 block of Kemper Ln,0,1,false,false,false,false,false,false,https://www.gunviolencearchive.org/incident/1743454
1744726,2020-07-23,39.101,-84.5145,Cincinnati,Ohio,W 5th St and Race St,1,0,false,false,false,false,false,false,https://www.gunviolencearchive.org/incident/1744726
1741049,2020-07-21,39.1058,-84.5104,Cincinnati,Ohio,Main St and Mehring Way,2,0,false,false,false,false,false,true,https://www.gunviolencearchive.org/incident/1741049
1742168,2020-07-21,39.174,-84.5082,Cincinnati,Ohio,700 block of Kings Run Dr,0,1,false,false,false,false,false,false,https://www.gunviolencearchive.org/incident/1742168
1741423,2020-07-21,39.1051,-84.3917,Cincinnati,Ohio,5462 Beechmont Ave,0,1,false,false,false,false,false,false,https://www.gunviolencearchive.org/incident/1741423
1740006,2020-07-19,39.1411,-84.4863,Cincinnati,Ohio,3400 block of Ridgeway Ave,1,0,false,false,false,false,false,false,https://www.gunviolencearchive.org/incident/1740006
1741431,2020-07-18,39.2826,-84.6136,Cincinnati,Ohio,5000 block of Airymeadows Dr,0,1,false,false,false,false,false,false,https://www.gunviolencearchive.org/incident/1741431
1739999,2020-07-18,39.2018,-84.5784,Cincinnati,Ohio,Chesterfield Ct and Shadymist Ln,0,1,false,false,false,false,false,false,https://www.gunviolencearchive.org/incident/1739999
1734272,2020-07-14,39.1395,-84.6094,Cincinnati,Ohio,Westbrook Dr and Queen City Ave,1,0,false,false,false,false,false,false,https://www.gunviolencearchive.org/incident/1734272
1733236,2020-07-13,39.1774,-84.4385,Pleasant Ridge,Ohio,5700 block of Montgomery Rd,1,0,false,false,false,false,false,false,https://www.gunviolencearchive.org/incident/1733236
1733977,2020-07-12,39.164,-84.4601,Norwood,Ohio,2000 block of Crown Ave,1,0,false,false,false,false,false,false,https://www.gunviolencearchive.org/incident/1733977
1731388,2020-07-11,39.11271547208421,-84.51419010890835,Cincinnati,Ohio,Walnut St and E Liberty St,2,0,false,false,false,false,false,false,https://www.gunviolencearchive.org/incident/1731388
1732071,2020-07-11,39.191240529417655,-84.57055898951025,Cincinnati,Ohio,W North Bend Rd and Colerain Ave,1,0,false,false,false,false,false,false,https://www.gunviolencearchive.org/incident/1732071
1721616,2020-07-01,39.1607,-84.5294,Cincinnati,Ohio,Spring Grove Ave,0,2,false,false,false,false,false,false,https://www.gunviolencearchive.org/incident/1721616
1722470,2020-06-30,39.1143,-84.5145,Cincinnati,Ohio,Walnut St and Moore St,1,0,false,false,false,false,false,false,https://www.gunviolencearchive.org/incident/1722470
1720737,2020-06-29,39.1103,-84.5681,Cincinnati,Ohio,Warsaw Ave and Fairbanks Ave,1,0,false,false,false,false,false,false,https://www.gunviolencearchive.org/incident/1720737
1719347,2020-06-28,39.1082,-84.5057,Cincinnati,Ohio,1000 Broadway St,1,0,false,false,false,false,false,false,https://www.gunviolencearchive.org/incident/1719347
1719424,2020-06-27,39.2059,-84.4513,Cincinnati,Ohio,6 Sunnybrook Dr,1,0,false,false,false,false,false,false,https://www.gunviolencearchive.org/incident/1719424
1718121,2020-06-26,39.1173,-84.5296,Cincinnati,Ohio,York St,1,0,false,false,false,false,false,false,https://www.gunviolencearchive.org/incident/1718121
1718060,2020-06-26,39.2361,-84.455,Cincinnati,Ohio,1200 block of Shepherd Ln,1,0,false,false,false,false,false,true,https://www.gunviolencearchive.org/incident/1718060
1715222,2020-06-24,39.109782473409325,-84.51341569223835,Cincinnati,Ohio,Walnut St and E 13th St,1,0,false,false,false,false,false,false,https://www.gunviolencearchive.org/incident/1715222
1715220,2020-06-24,39.117640529417656,-84.53305898951025,Cincinnati,Ohio,Colerain Ave and York St,0,1,false,false,false,false,false,false,https://www.gunviolencearchive.org/incident/1715220
1715167,2020-06-22,39.1056,-84.5124,Cincinnati,Ohio,Walnut St and E 9th St,1,0,false,false,false,false,false,false,https://www.gunviolencearchive.org/incident/1715167
1711785,2020-06-21,39.1232,-84.5084,Cincinnati,Ohio,200 block of McGregor Ave,0,1,false,false,false,false,false,false,https://www.gunviolencearchive.org/incident/1711785
1710809,2020-06-20,39.0961,-84.5084,Cincinnati,Ohio,Joe Nuxhall Way and W Mehring Way,1,0,false,false,false,false,false,false,https://www.gunviolencearchive.org/incident/1710809
1710805,2020-06-20,39.1564,-84.479,Cincinnati,Ohio,4000 block of Reading Rd,0,1,false,false,false,false,false,false,https://www.gunviolencearchive.org/incident/1710805
1709299,2020-06-18,39.1376,-84.5483,Cincinnati,Ohio,Beekman St and Hopple St,1,0,false,false,false,false,false,false,https://www.gunviolencearchive.org/incident/1709299
1708078,2020-06-16,39.1312,-84.5542,Cincinnati,Ohio,Seeger Ave and Vinton St,3,0,false,false,false,false,false,false,https://www.gunviolencearchive.org/incident/1708078
1706898,2020-06-16,39.1525,-84.5613,Cincinnati,Ohio,3700 block of President Dr,0,1,false,false,false,false,false,false,https://www.gunviolencearchive.org/incident/1706898
1707758,2020-06-16,39.2257,-84.5488,Cincinnati,Ohio,Ronald Reagan Cross County Hwy and US 127,1,0,false,false,false,false,false,true,https://www.gunviolencearchive.org/incident/1707758
1705647,2020-06-14,39.1005,-84.5178,Cincinnati,Ohio,300 block of W 5th St,0,1,false,false,false,false,false,false,https://www.gunviolencearchive.org/incident/1705647
1705394,2020-06-13,39.2761,-84.7405,Harrison,Ohio,9097 Willey Rd,1,0,false,false,false,false,false,false,https://www.gunviolencearchive.org/incident/1705394
1703951,2020-06-12,39.126840529417656,-84.60495898951025,Cincinnati,Ohio,Glenway Ave,1,0,true,false,false,false,false,false,https://www.gunviolencearchive.org/incident/1703951
1702218,2020-06-11,39.1894,-84.4118,Cincinnati,Ohio,Montgomery Rd and Ravenal Ct,1,0,false,false,false,false,false,false,https://www.gunviolencearchive.org/incident/1702218
1699893,2020-06-08,39.27354052941765,-84.56185898951026,Cincinnati,Ohio,10814 Hamilton Ave,1,0,false,false,false,false,false,false,https://www.gunviolencearchive.org/incident/1699893
1699889,2020-06-08,39.1446,-84.4943,Cincinnati,Ohio,Rockdale Ave and Knott Ave,1,0,false,false,false,false,false,false,https://www.gunviolencearchive.org/incident/1699889
1701357,2020-06-08,39.1875,-84.4831,Elmwood Place,Ohio,Spruce St and Hasler Ln,1,0,false,false,false,false,false,false,https://www.gunviolencearchive.org/incident/1701357
1699886,2020-06-08,39.1106,-84.5727,Cincinnati,Ohio,3700 block of St Lawrence Ave,0,1,false,false,false,false,false,false,https://www.gunviolencearchive.org/incident/1699886
1699415,2020-06-07,39.1819,-84.459,Cincinnati,Ohio,Rhode Island Ave and Langdon Farm Rd,2,0,false,false,false,false,false,false,https://www.gunviolencearchive.org/incident/1699415
1698690,2020-06-06,39.1606,-84.5325,Cincinnati,Ohio,1300 block of Boyd St,0,1,false,false,false,false,false,false,https://www.gunviolencearchive.org/incident/1698690
1699154,2020-06-06,39.16764052941765,-84.47055898951025,Cincinnati,Ohio,4545 Reading Rd,1,0,false,false,false,false,false,false,https://www.gunviolencearchive.org/incident/1699154
1698294,2020-06-06,39.11221547208421,-84.52399010890835,Cincinnati,Ohio,John St and Wade St,0,1,false,false,false,false,false,false,https://www.gunviolencearchive.org/incident/1698294
1699139,2020-06-06,39.115240529417655,-84.51595898951025,Cincinnati,Ohio,Back St and Hamer St,0,1,false,false,false,false,false,false,https://www.gunviolencearchive.org/incident/1699139
1694766,2020-06-01,39.2187,-84.538,Cincinnati,Ohio,Clovernook Ave,0,1,false,false,false,false,false,false,https://www.gunviolencearchive.org/incident/1694766
1692984,2020-05-30,39.1908,-84.4688,Cincinnati,Ohio,1600 Block of E Seymour Ave,0,1,false,false,false,false,false,false,https://www.gunviolencearchive.org/incident/1692984
1693642,2020-05-30,39.1093,-84.5278,Cincinnati,Ohio,800 block of Ezzard Charles Dr,1,0,false,false,false,false,false,false,https://www.gunviolencearchive.org/incident/1693642
1691042,2020-05-28,39.1844,-84.5622,Cincinnati,Ohio,4900 block of Hawaiian Ter,0,1,false,false,false,false,false,false,https://www.gunviolencearchive.org/incident/1691042
1691217,2020-05-27,39.1073,-84.5599,Cincinnati,Ohio,900 block of Chateau Ave,1,0,false,false,false,false,false,false,https://www.gunviolencearchive.org/incident/1691217
1690476,2020-05-27,39.1113,-84.526,Cincinnati,Ohio,700 block of Derrick Turnbow Ave,0,1,false,false,false,false,false,false,https://www.gunviolencearchive.org/incident/1690476
1686440,2020-05-20,39.2182,-84.5603,North College Hill,Ohio,2001 Galbraith Rd,1,0,false,false,false,false,false,false,https://www.gunviolencearchive.org/incident/1686440
1682939,2020-05-19,39.1342,-84.6119,Cincinnati,Ohio,5661 Glenway Ave,1,0,false,false,false,false,false,false,https://www.gunviolencearchive.org/incident/1682939
1681915,2020-05-17,39.184140529417654,-84.56155898951025,Cincinnati,Ohio,4800 block of Hawaiian Ter,0,1,true,false,false,true,false,false,https://www.gunviolencearchive.org/incident/1681915
1679144,2020-05-12,39.19054052941765,-84.51765898951025,Cincinnati,Ohio,800 block of Dutch Colony Dr,0,1,false,false,false,false,false,false,https://www.gunviolencearchive.org/incident/1679144
1677654,2020-05-11,39.184840529417656,-84.51405898951025,Cincinnati,Ohio,Winneste Ave,1,0,false,false,false,false,false,false,https://www.gunviolencearchive.org/incident/1677654
1676674,2020-05-10,39.2193,-84.4617,Lockland,Ohio,300 block of S Wayne Ave,0,1,false,false,false,false,false,false,https://www.gunviolencearchive.org/incident/1676674
1678377,2020-05-10,39.1654,-84.5538,Cincinnati,Ohio,Ammon St,1,0,false,false,false,false,false,false,https://www.gunviolencearchive.org/incident/1678377
1675000,2020-05-07,39.1436,-84.5789,Westwood,Ohio,Sunshine Ave and McHenry Ave,1,0,false,false,false,false,false,false,https://www.gunviolencearchive.org/incident/1675000
1670519,2020-05-02,39.28,-84.4449,Sharonville,Ohio,11385 Chester Rd,1,0,false,false,false,false,false,false,https://www.gunviolencearchive.org/incident/1670519
1670334,2020-05-01,39.1324,-84.4919,Cincinnati,Ohio,Lincoln Ave and Stanton Ave,1,0,false,false,false,false,false,false,https://www.gunviolencearchive.org/incident/1670334
1675541,2020-05-01,39.11298247340933,-84.51661569223836,Cincinnati,Ohio,Republic St,0,1,false,false,false,false,false,false,https://www.gunviolencearchive.org/incident/1675541
1669769,2020-05-01,39.1373,-84.476,Cincinnati,Ohio,3245 Woodburn Ave,2,0,false,false,false,false,false,false,https://www.gunviolencearchive.org/incident/1669769
1669851,2020-04-29,39.229,-84.4607,Cincinnati,Ohio,300 block of N Wayne Ave,0,1,false,false,false,false,false,false,https://www.gunviolencearchive.org/incident/1669851
1668413,2020-04-28,39.1797,-84.5102,Cincinnati,Ohio,4848 Winneste Ave,0,1,false,false,false,false,false,false,https://www.gunviolencearchive.org/incident/1668413
1668415,2020-04-28,39.120915472084214,-84.51539010890835,Cincinnati,Ohio,2200 block of Vine St,0,1,false,false,false,false,false,false,https://www.gunviolencearchive.org/incident/1668415
1667586,2020-04-27,39.091,-84.5716,Cincinnati,Ohio,200 block of Fairbanks Ave,2,0,true,false,false,false,false,false,https://www.gunviolencearchive.org/incident/1667586
1667587,2020-04-27,39.2606,-84.4102,Cincinnati,Ohio,10722 Wyscarver Rd,1,0,false,false,false,false,false,false,https://www.gunviolencearchive.org/incident/1667587
1666635,2020-04-26,39.1199,-84.5797,Cincinnati,Ohio,Talbert St and Iliff Ave,1,0,false,false,false,false,false,false,https://www.gunviolencearchive.org/incident/1666635
1666633,2020-04-26,39.1156,-84.5811,Cincinnati,Ohio,Gilsey Ave,1,0,false,false,false,false,false,false,https://www.gunviolencearchive.org/incident/1666633
1665821,2020-04-24,39.155,-84.5816,Cincinnati,Ohio,2600 block of Montana Ave,1,0,false,false,false,false,false,false,https://www.gunviolencearchive.org/incident/1665821
1664864,2020-04-23,39.1456,-84.5826,Cincinnati,Ohio,3175 Ferncrest Dr,1,1,false,false,false,false,false,false,https://www.gunviolencearchive.org/incident/1664864
1664423,2020-04-22,39.1474,-84.5082,Cincinnati,Ohio,3500 block of Irving Ave,0,1,false,false,false,false,false,false,https://www.gunviolencearchive.org/incident/1664423
1972692,2020-04-20,39.1317,-84.4746,Cincinnati,Ohio,DeSales Ln,2,0,false,false,false,false,false,false,https://www.gunviolencearchive.org/incident/1972692
1660950,2020-04-17,39.145,-84.5771,Cincinnati,Ohio,2459 Westwood Northern Blvd,0,1,false,false,false,false,false,false,https://www.gunviolencearchive.org/incident/1660950
1660956,2020-04-17,39.1444,-84.5622,Cincinnati,Ohio,Baltimore Ave,1,0,false,false,false,false,false,true,https://www.gunviolencearchive.org/incident/1660956
1660948,2020-04-17,39.15254052941766,-84.56135898951025,Cincinnati,Ohio,3710 President Dr,1,0,false,false,false,false,false,false,https://www.gunviolencearchive.org/incident/1660948
1660272,2020-04-16,39.14644052941765,-84.57405898951025,Cincinnati,Ohio,2459 Westwood Northern Blvd,0,1,false,false,false,false,false,false,https://www.gunviolencearchive.org/incident/1660272
1659677,2020-04-14,39.1547,-84.554,Cincinnati,Ohio,3700 block of Cass Ave,0,1,false,false,false,false,false,false,https://www.gunviolencearchive.org/incident/1659677
1656804,2020-04-11,39.1752,-84.5192,Cincinnati,Ohio,4700 block of Winton Rd,0,2,false,false,false,false,false,false,https://www.gunviolencearchive.org/incident/1656804
1657447,2020-04-10,39.1548,-84.4851,Avondale,Ohio,800 block of Clinton Springs Ave,0,2,false,false,false,false,false,false,https://www.gunviolencearchive.org/incident/1657447
1656680,2020-04-10,39.1475,-84.4886,Avondale,Ohio,3600 block of Reading Rd,0,2,false,false,false,false,false,false,https://www.gunviolencearchive.org/incident/1656680
1655918,2020-04-10,39.1677,-84.5543,Cincinnati,Ohio,4500 block of Colerain Ave,0,1,false,false,false,false,false,false,https://www.gunviolencearchive.org/incident/1655918
1654459,2020-04-08,39.202,-84.578,Cincinnati,Ohio,Chesterfield Ct,1,0,false,false,false,false,false,false,https://www.gunviolencearchive.org/incident/1654459
1654370,2020-04-07,39.155940529417656,-84.54935898951025,Cincinnati,Ohio,3800 block of Llewellyn Ave,2,0,false,false,false,false,false,true,https://www.gunviolencearchive.org/incident/1654370
1654457,2020-04-07,39.1552,-84.5587,Cincinnati,Ohio,3900 block of President Dr,0,1,false,false,false,false,false,false,https://www.gunviolencearchive.org/incident/1654457
1654323,2020-04-05,39.185640529417654,-84.45625898951025,Cincinnati,Ohio,2026 E Seymore Ave,1,0,false,false,false,false,false,false,https://www.gunviolencearchive.org/incident/1654323
1652826,2020-04-05,39.1621,-84.5072,Cincinnati,Ohio,110 W Mitchell Ave,1,0,false,false,false,false,false,false,https://www.gunviolencearchive.org/incident/1652826
1652786,2020-04-05,39.1447,-84.4572,Cincinnati,Ohio,I-71 and Dana Ave,1,1,false,false,false,false,false,true,https://www.gunviolencearchive.org/incident/1652786
1654346,2020-04-02,39.0883,-84.5679,Cincinnati,Ohio,600 block of Delhi Ave,1,0,false,false,false,false,false,false,https://www.gunviolencearchive.org/incident/1654346
1650598,2020-04-02,39.2877,-84.5139,Forest Park,Ohio,11539 Geneva Rd,0,1,false,false,false,false,false,false,https://www.gunviolencearchive.org/incident/1650598
1650283,2020-04-01,39.1147,-84.5247,Cincinnati,Ohio,500 block of Poplar St,0,1,false,false,false,false,false,false,https://www.gunviolencearchive.org/incident/1650283
1650302,2020-03-31,39.1895,-84.5462,Cincinnati,Ohio,Hamilton Ave,2,0,false,false,false,false,false,false,https://www.gunviolencearchive.org/incident/1650302
1649569,2020-03-31,39.1183,-84.5291,Cincinnati,Ohio,Dayton St,1,0,false,false,false,false,false,false,https://www.gunviolencearchive.org/incident/1649569
1648415,2020-03-30,39.1532,-84.603,Cincinnati,Ohio,Boudinot Ave and Mozart Ave,0,1,false,false,false,false,true,false,https://www.gunviolencearchive.org/incident/1648415
1649024,2020-03-29,39.14631547208421,-84.57399010890835,Cincinnati,Ohio,2400 block of Westwood Northern Blvd,0,1,false,false,false,false,false,false,https://www.gunviolencearchive.org/incident/1649024
1647453,2020-03-28,39.114,-84.5299,Cincinnati,Ohio,900 block of Liberty St,1,0,false,false,false,false,false,false,https://www.gunviolencearchive.org/incident/1647453
1645428,2020-03-23,39.1994,-84.5351,Cincinnati,Ohio,1100 block of Atwood Ave,0,1,false,false,false,false,false,false,https://www.gunviolencearchive.org/incident/1645428
1643123,2020-03-19,39.1429,-84.5711,Cincinnati,Ohio,3300 block of Cavanaugh Ave,0,1,false,false,false,false,false,false,https://www.gunviolencearchive.org/incident/1643123
1643307,2020-03-18,39.129715472084214,-84.48849010890835,Cincinnati,Ohio,1700 block of Oak Street SW,0,1,false,false,false,false,false,false,https://www.gunviolencearchive.org/incident/1643307
1641211,2020-03-17,39.2061,-84.4588,Cincinnati,Ohio,Sparkle Dr and Glen Orchard Dr,1,0,false,false,false,false,false,false,https://www.gunviolencearchive.org/incident/1641211
1641213,2020-03-17,39.147540529417654,-84.48865898951026,Avondale,Ohio,3600 block of Reading Rd,1,0,false,false,false,false,false,false,https://www.gunviolencearchive.org/incident/1641213
1640141,2020-03-15,39.1397,-84.4911,Cincinnati,Ohio,3300 block of Perkins Ave,2,1,false,false,false,false,false,false,https://www.gunviolencearchive.org/incident/1640141
1639783,2020-03-14,39.14461547208421,-84.57389010890834,Cincinnati,Ohio,McHenry Ave and Cavanaugh Ave,1,0,false,false,false,false,false,false,https://www.gunviolencearchive.org/incident/1639783
1638551,2020-03-11,39.11474052941765,-84.52475898951025,Cincinnati,Ohio,500 block of Poplar Street,0,1,false,false,false,false,false,false,https://www.gunviolencearchive.org/incident/1638551
1635024,2020-03-06,39.15174052941765,-84.48555898951025,Cincinnati,Ohio,Burton Ave and Reading Rd,0,1,false,false,false,false,false,false,https://www.gunviolencearchive.org/incident/1635024
1634594,2020-03-04,39.2773,-84.5631,Cincinnati,Ohio,10960 Hamilton Ave,2,0,false,false,false,false,false,false,https://www.gunviolencearchive.org/incident/1634594
1633279,2020-03-03,39.107,-84.5622,Cincinnati,Ohio,900 block of Hawthorne Ave,1,0,false,false,false,false,false,false,https://www.gunviolencearchive.org/incident/1633279
1631379,2020-02-29,39.1,-84.5163,Cincinnati,Ohio,435 Elm St,1,0,false,false,false,true,false,false,https://www.gunviolencearchive.org/incident/1631379
1628406,2020-02-23,39.14757909816595,-84.48915755415766,Cincinnati,Ohio,Reading Rd and Glenwood Ave,1,0,false,false,false,false,false,false,https://www.gunviolencearchive.org/incident/1628406
1624705,2020-02-19,39.200440529417655,-84.45925898951025,Cincinnati,Ohio,7617 Reading Rd,3,0,false,false,false,true,false,false,https://www.gunviolencearchive.org/incident/1624705
1623447,2020-02-17,39.1123,-84.5249,Cincinnati,Ohio,600 block of Wade St,1,1,false,false,false,false,false,false,https://www.gunviolencearchive.org/incident/1623447
1623445,2020-02-17,39.13714052941765,-84.53745898951026,Cincinnati,Ohio,Colerain Ave and Hopple St,1,0,false,false,false,false,false,false,https://www.gunviolencearchive.org/incident/1623445
1619614,2020-02-11,39.1408,-84.6193,Cincinnati,Ohio,3076 Jadaro Ct,1,1,false,true,false,false,false,false,https://www.gunviolencearchive.org/incident/1619614
1615188,2020-02-05,39.14764052941765,-84.50125898951025,Avondale,Ohio,330 Forest Ave,1,0,false,false,false,false,true,false,https://www.gunviolencearchive.org/incident/1615188
1614118,2020-02-04,39.1752,-84.4436,Cincinnati,Ohio,5500 block of Bosworth Pl,2,0,false,false,false,false,false,false,https://www.gunviolencearchive.org/incident/1614118
1613176,2020-02-02,39.1257,-84.5016,Cincinnati,Ohio,2400 block of Reading Rd,0,1,false,false,false,true,false,false,https://www.gunviolencearchive.org/incident/1613176
1608804,2020-01-28,39.1324,-84.4918,Cincinnati,Ohio,800 block of Lincoln Ave,1,0,false,false,false,false,false,false,https://www.gunviolencearchive.org/incident/1608804
1603909,2020-01-23,39.181840529417656,-84.41445898951025,Cincinnati,Ohio,3600 block of Northdale Pl,1,0,false,false,false,false,false,false,https://www.gunviolencearchive.org/incident/1603909
1600469,2020-01-19,39.2769,-84.3398,Cincinnati,Ohio,8173 E Kemper Rd,0,2,false,false,false,false,true,false,https://www.gunviolencearchive.org/incident/1600469
1599748,2020-01-17,39.2274,-84.5518,Mount Healthy,Ohio,1800 block of Lakenoll Dr,1,0,false,false,false,false,true,false,https://www.gunviolencearchive.org/incident/1599748
1599419,2020-01-17,39.116,-84.5247,Cincinnati,Ohio,1800 block of John St,1,0,false,false,false,false,false,false,https://www.gunviolencearchive.org/incident/1599419
1599414,2020-01-17,39.1448,-84.4952,Cincinnati,Ohio,600 block of Rockdale Ave,0,1,false,false,false,false,false,false,https://www.gunviolencearchive.org/incident/1599414
1607855,2020-01-16,39.2797,-84.5576,Cincinnati,Ohio,11046 Quailridge Ct,1,0,false,false,false,false,false,false,https://www.gunviolencearchive.org/incident/1607855
1593408,2020-01-10,39.1449,-84.5884,Cincinnati,Ohio,Shaffer Ave,0,1,false,false,false,false,false,false,https://www.gunviolencearchive.org/incident/1593408
1587848,2020-01-03,39.13881547208421,-84.49659010890835,Cincinnati,Ohio,Carplin Pl,1,0,false,false,false,false,false,false,https://www.gunviolencearchive.org/incident/1587848
1588714,2020-01-03,39.0955,-84.5775,Cincinnati,Ohio,1000 block of Delhi Ave,1,0,false,false,false,false,false,false,https://www.gunviolencearchive.org/incident/1588714
1587916,2020-01-03,39.2793,-84.445,Cincinnati,Ohio,11355 Chester Rd,1,0,false,false,false,true,false,false,https://www.gunviolencearchive.org/incident/1587916
1586997,2020-01-02,39.1492,-84.4534,Norwood,Ohio,Burwood Ave and Hudson Ave,1,0,false,false,false,false,false,false,https://www.gunviolencearchive.org/incident/1586997
1587805,2020-01-02,39.2766,-84.4966,Forest Park,Ohio,580 Dewdrop Cir,1,0,false,false,false,false,false,false,https://www.gunviolencearchive.org/incident/1587805
1585716,2020-01-01,39.1881,-84.565,Cincinnati,Ohio,5300 block of Bahama Ter,0,1,false,false,false,false,false,false,https://www.gunviolencearchive.org/incident/1585716
1585859,2020-01-01,39.10824052941765,-84.50925898951026,Cincinnati,Ohio,1100 block of Sycamore St,3,0,false,false,false,false,false,false,https://www.gunviolencearchive.org/incident/1585859
1585854,2020-01-01,39.10811547208421,-84.50919010890836,Cincinnati,Ohio,1100 block of Sycamore St,1,0,false,false,false,false,false,false,https://www.gunviolencearchive.org/incident/1585854
1582950,2019-12-28,39.244,-84.5766,Cincinnati,Ohio,2800 block of Hyannis Dr,1,0,false,false,false,false,false,false,https://www.gunviolencearchive.org/incident/1582950
1581527,2019-12-27,39.138340529417654,-84.49675898951025,Cincinnati,Ohio,Alameda Pl and Ridgeway Ave,1,0,false,false,false,false,false,false,https://www.gunviolencearchive.org/incident/1581527
1579826,2019-12-25,39.2338,-84.509,Cincinnati,Ohio,9176 Winton Rd,1,0,false,false,false,false,false,false,https://www.gunviolencearchive.org/incident/1579826
1579824,2019-12-25,39.1531,-84.5362,Cincinnati,Ohio,Ludlow Ave and Central Pkwy,1,0,false,false,false,false,false,false,https://www.gunviolencearchive.org/incident/1579824
1579726,2019-12-25,39.11,-84.5819,Cincinnati,Ohio,1000 block of Gilsey Ave,1,0,true,false,false,true,false,true,https://www.gunviolencearchive.org/incident/1579726
1583767,2019-12-22,39.1091,-84.5101,Cincinnati,Ohio,1133 Sycamore St,1,0,false,false,false,false,false,false,https://www.gunviolencearchive.org/incident/1583767
1578431,2019-12-22,39.1234,-84.5172,Reading,Ohio,Ohio Ave,2,0,false,false,false,false,false,false,https://www.gunviolencearchive.org/incident/1578431
1573456,2019-12-16,39.148440529417655,-84.55135898951025,Cincinnati,Ohio,Beekman St and Millvale Ct,1,0,false,false,false,false,false,false,https://www.gunviolencearchive.org/incident/1573456
1573462,2019-12-14,39.28034052941765,-84.50045898951025,Cincinnati,Ohio,695 Northland Blvd,1,0,false,false,false,false,false,false,https://www.gunviolencearchive.org/incident/1573462
1584900,2019-12-14,39.1307,-84.6077,Cincinnati,Ohio,205 Mill St,1,0,false,false,false,false,false,false,https://www.gunviolencearchive.org/incident/1584900
1570403,2019-12-12,39.15414052941765,-84.55985898951025,Cincinnati,Ohio,3800 block of President Dr,0,1,false,false,false,false,false,false,https://www.gunviolencearchive.org/incident/1570403
1610797,2019-12-10,39.1126,-84.6631,Cincinnati,Ohio,564b Pontius Rd,0,2,false,false,false,false,false,false,https://www.gunviolencearchive.org/incident/1610797
1568948,2019-12-10,39.112640529417654,-84.66315898951025,Delhi,Ohio,Pontius Rd,0,2,false,false,false,false,false,false,https://www.gunviolencearchive.org/incident/1568948
1566694,2019-12-07,39.114140529417654,-84.57735898951024,Cincinnati,Ohio,1200 block of Beech Ave,0,1,false,false,false,false,false,false,https://www.gunviolencearchive.org/incident/1566694
1566676,2019-12-06,39.1361,-84.4937,Cincinnati,Ohio,1100 block of Van Buren Rd,1,0,false,false,false,false,false,false,https://www.gunviolencearchive.org/incident/1566676
1562794,2019-12-02,39.1778,-84.4614,Cincinnati,Ohio,5100 block of Grafton Ave,0,1,false,false,false,false,true,false,https://www.gunviolencearchive.org/incident/1562794
1562157,2019-12-01,39.111,-84.5039,Cincinnati,Ohio,700 block of Reading Rd,1,0,false,false,false,false,false,false,https://www.gunviolencearchive.org/incident/1562157
1560888,2019-11-29,39.1052,-84.5156,Cincinnati,Ohio,900 block of Race St,1,1,false,false,false,false,false,false,https://www.gunviolencearchive.org/incident/1560888
1561113,2019-11-29,39.128,-84.5741,Cincinnati,Ohio,2196 Queen City Ave,3,0,false,false,false,false,false,false,https://www.gunviolencearchive.org/incident/1561113
1560112,2019-11-27,39.2943,-84.4512,Springdale,Ohio,1235 Chesterdale Rd,0,1,false,false,false,false,false,false,https://www.gunviolencearchive.org/incident/1560112
1556865,2019-11-24,39.15,-84.4945,Cincinnati,Ohio,600 block of Gholson Ave,0,1,false,false,false,false,false,false,https://www.gunviolencearchive.org/incident/1556865
1554512,2019-11-21,39.2733,-84.5747,Cincinnati,Ohio,Newmarket Dr and Butterwick Dr,1,1,false,false,false,false,false,false,https://www.gunviolencearchive.org/incident/1554512
1551154,2019-11-16,39.1813,-84.4278,Cincinnati,Ohio,3184 Woodford Rd,1,0,false,false,false,false,false,false,https://www.gunviolencearchive.org/incident/1551154
1547907,2019-11-12,39.1378,-84.4798,Cincinnati,Ohio,1500 block of Dixmont Ave,1,0,false,false,false,false,false,false,https://www.gunviolencearchive.org/incident/1547907
1544805,2019-11-08,39.1729,-84.4742,Cincinnati,Ohio,1400 block of Joseph St,0,1,false,false,false,false,false,false,https://www.gunviolencearchive.org/incident/1544805
1544794,2019-11-07,39.1694,-84.4551,Cincinnati,Ohio,Lawn Ave and Silver St,0,1,false,false,false,false,false,false,https://www.gunviolencearchive.org/incident/1544794
1543456,2019-11-07,39.134,-84.5686,Cincinnati,Ohio,2100 block of Harrison Ave,1,0,false,false,false,false,false,true,https://www.gunviolencearchive.org/incident/1543456
1544182,2019-11-07,39.1361,-84.5716,Cincinnati,Ohio,2100 block of Karla Ave,0,1,false,false,false,false,false,false,https://www.gunviolencearchive.org/incident/1544182
1542855,2019-11-06,39.1246,-84.5458,Cincinnati,Ohio,1932 Beekman St,1,0,false,false,false,false,false,false,https://www.gunviolencearchive.org/incident/1542855
1542328,2019-11-05,39.3021,-84.4983,Cincinnati,Ohio,676 Harcourt Dr,0,2,false,false,false,false,true,false,https://www.gunviolencearchive.org/incident/1542328
1542337,2019-11-05,39.1595,-84.3958,Cincinnati,Ohio,4900 block of Ebersole Ave,1,0,false,false,false,false,false,false,https://www.gunviolencearchive.org/incident/1542337
1541443,2019-11-04,39.1739,-84.5115,Cincinnati,Ohio,500 block of Flatt Terrace,0,1,false,false,false,false,false,false,https://www.gunviolencearchive.org/incident/1541443
1541890,2019-11-04,39.14514052941765,-84.49045898951024,Cincinnati,Ohio,800 block of Hutchins Ave,0,1,false,false,false,false,false,false,https://www.gunviolencearchive.org/incident/1541890
1540955,2019-11-03,39.1558,-84.6099,Cincinnati,Ohio,3613 Harrison Ave,1,0,false,false,false,false,false,false,https://www.gunviolencearchive.org/incident/1540955
1540025,2019-11-01,39.0934,-84.574,Cincinnati,Ohio,300 block of Fairbanks Ave,2,0,false,false,false,false,false,false,https://www.gunviolencearchive.org/incident/1540025
1540029,2019-11-01,39.2003,-84.3728,Cincinnati,Ohio,2000 Ronald Reagan Dr,1,2,false,false,false,false,false,false,https://www.gunviolencearchive.org/incident/1540029
1537777,2019-10-29,39.2398,-84.5935,Cincinnati,Ohio,Colerain Ave and Round Top,1,0,false,false,false,false,false,false,https://www.gunviolencearchive.org/incident/1537777
1537775,2019-10-29,39.1147,-84.5154,Cincinnati,Ohio,25 Back St,1,0,false,false,false,false,false,false,https://www.gunviolencearchive.org/incident/1537775
1535822,2019-10-25,39.1574,-84.5619,Cincinnati,Ohio,2530 Nottingham Rd,1,0,false,false,false,false,true,false,https://www.gunviolencearchive.org/incident/1535822
1534843,2019-10-25,39.2002,-84.5474,Cincinnati,Ohio,6000 block of Hamilton Ave,0,1,false,false,false,false,false,false,https://www.gunviolencearchive.org/incident/1534843
1537029,2019-10-23,39.1861,-84.4674,Cincinnati,Ohio,1600 block Sternblock Ln,0,1,false,false,false,false,true,false,https://www.gunviolencearchive.org/incident/1537029
1530939,2019-10-20,39.149615472084214,-84.56179010890835,Cincinnati,Ohio,Baltimore Ave and McHenry Ave,1,1,false,false,false,false,false,true,https://www.gunviolencearchive.org/incident/1530939
1542057,2019-10-19,39.1536,-84.5778,Cincinnati,Ohio,2500 block of Mustang Dr,0,1,false,false,false,true,false,false,https://www.gunviolencearchive.org/incident/1542057
1527522,2019-10-15,39.1346,-84.5264,Cincinnati,Ohio,600 block of Probasco St,2,0,false,false,false,false,false,false,https://www.gunviolencearchive.org/incident/1527522
1526981,2019-10-14,39.17887909816595,-84.51065755415765,Cincinnati,Ohio,4800 block of Winneste Ave,1,0,false,false,false,false,false,false,https://www.gunviolencearchive.org/incident/1526981
1526979,2019-10-14,39.1841,-84.4105,Cincinnati,Ohio,6200 block of Coleridge Ave,1,0,false,false,false,false,false,false,https://www.gunviolencearchive.org/incident/1526979
1526346,2019-10-13,39.167,-84.4986,Saint Bernard,Ohio,400 block of Jackson St,1,0,false,false,false,false,false,false,https://www.gunviolencearchive.org/incident/1526346
1525557,2019-10-12,39.1485,-84.6,Cincinnati,Ohio,Montana Ave and Epworth Ave,1,0,false,false,false,false,false,false,https://www.gunviolencearchive.org/incident/1525557
1525953,2019-10-12,39.1563,-84.6103,Cheviot,Ohio,3624 Harrison Ave,1,0,false,false,false,false,false,false,https://www.gunviolencearchive.org/incident/1525953
1523359,2019-10-09,39.2311,-84.5372,Cincinnati,Ohio,1363 Compton Rd,2,0,false,false,false,false,false,false,https://www.gunviolencearchive.org/incident/1523359
1521858,2019-10-08,39.143040529417654,-84.50315898951025,Cincinnati,Ohio,2300 block of Wilson Ave,1,0,false,false,false,false,false,false,https://www.gunviolencearchive.org/incident/1521858
1522590,2019-10-08,39.13244052941765,-84.49185898951025,Cincinnati,Ohio,800 block of Lincoln Ave,2,0,false,false,false,false,false,false,https://www.gunviolencearchive.org/incident/1522590
1526530,2019-10-07,39.1906,-84.4674,Cincinnati,Ohio,7076b Glenmeadow Ln,1,0,false,false,false,false,false,false,https://www.gunviolencearchive.org/incident/1526530
1521860,2019-10-07,39.1062,-84.5658,Cincinnati,Ohio,800 block of Elberon Ave,1,0,false,false,false,false,false,false,https://www.gunviolencearchive.org/incident/1521860
1520691,2019-10-06,39.11468247340933,-84.51601569223835,Cincinnati,Ohio,1700 block of Vine St,0,1,false,false,false,false,false,false,https://www.gunviolencearchive.org/incident/1520691
1520612,2019-10-05,39.1839,-84.5634,Cincinnati,Ohio,5065 Hawaiian Terrace,2,0,false,false,false,false,false,false,https://www.gunviolencearchive.org/incident/1520612
1517451,2019-10-02,39.1378,-84.53,Cincinnati,Ohio,700 block of Riddle Rd,1,0,false,false,false,false,false,false,https://www.gunviolencearchive.org/incident/1517451
1517449,2019-10-02,39.109,-84.5232,Cincinnati,Ohio,500 block of Ezzard Charles Dr,1,0,false,false,false,false,false,false,https://www.gunviolencearchive.org/incident/1517449
1515456,2019-09-29,39.10634052941765,-84.51265898951026,Cincinnati,Ohio,Walnut St,1,0,false,false,false,false,false,false,https://www.gunviolencearchive.org/incident/1515456
1515840,2019-09-29,39.130040529417656,-84.49755898951025,Cincinnati,Ohio,Oak St,1,0,false,false,false,true,false,false,https://www.gunviolencearchive.org/incident/1515840
1514876,2019-09-28,39.1376,-84.4758,Cincinnati,Ohio,Woodburn Ave and Gilbert Ave,1,0,false,false,false,false,false,false,https://www.gunviolencearchive.org/incident/1514876
1515447,2019-09-28,39.113,-84.575,Cincinnati,Ohio,1000 block of Ross Ave,1,0,false,false,false,false,false,false,https://www.gunviolencearchive.org/incident/1515447
1514991,2019-09-27,39.1772,-84.4662,Cincinnati,Ohio,5000 block of Reading Rd,1,0,false,false,false,false,false,false,https://www.gunviolencearchive.org/incident/1514991
1513662,2019-09-27,39.1686,-84.4784,Cincinnati,Ohio,4600 Paddock Rd,2,0,false,false,false,false,false,false,https://www.gunviolencearchive.org/incident/1513662
1511206,2019-09-24,39.1403,-84.4967,Cincinnati,Ohio,3400 block of Hallwood Pl,1,0,false,false,false,false,false,false,https://www.gunviolencearchive.org/incident/1511206
1511349,2019-09-24,39.2946,-84.4514,Cincinnati,Ohio,1122 Chesterdale Dr,0,1,false,false,false,false,false,false,https://www.gunviolencearchive.org/incident/1511349
1510247,2019-09-23,39.231,-84.5371,Mount Healthy,Ohio,1357 Compton Rd,1,0,false,false,false,false,false,false,https://www.gunviolencearchive.org/incident/1510247
1510257,2019-09-21,39.1173,-84.581,Cincinnati,Ohio,1600 block of Gilsey Ave,1,0,false,false,false,false,false,false,https://www.gunviolencearchive.org/incident/1510257
1509357,2019-09-20,39.2311,-84.5353,Springfield Township,Ohio,Compton Rd and Desoto Dr,1,0,false,false,false,false,false,false,https://www.gunviolencearchive.org/incident/1509357
1507153,2019-09-19,39.1936,-84.5329,Cincinnati,Ohio,1040 Groesbeck Rd,1,0,false,false,false,false,false,false,https://www.gunviolencearchive.org/incident/1507153
1504547,2019-09-15,39.1051,-84.5104,Cincinnati,Ohio,800 block of Main St,1,0,false,false,false,false,false,false,https://www.gunviolencearchive.org/incident/1504547
1504073,2019-09-13,39.2462,-84.4624,Cincinnati,Ohio,9972 Chester Rd,1,0,false,false,false,false,false,false,https://www.gunviolencearchive.org/incident/1504073
1503625,2019-09-13,39.2445,-84.457,Cincinnati,Ohio,Leggett St and Adams Rd,0,1,false,false,false,false,false,false,https://www.gunviolencearchive.org/incident/1503625
1502905,2019-09-13,39.184715472084214,-84.51399010890835,Cincinnati,Ohio,Winneste Ave,1,0,false,false,false,false,false,false,https://www.gunviolencearchive.org/incident/1502905
1503526,2019-09-13,39.1438,-84.5572,Cincinnati,Ohio,1990 Westwood Northern Blvd,3,0,false,false,false,true,false,false,https://www.gunviolencearchive.org/incident/1503526
1503542,2019-09-13,39.1633,-84.5401,Cincinnati,Ohio,Hamilton Ave and Chase Ave,1,0,false,false,false,false,false,false,https://www.gunviolencearchive.org/incident/1503542
1503519,2019-09-13,39.11514052941765,-84.54925898951025,Cincinnati,Ohio,Liberty St,1,0,false,false,false,false,false,false,https://www.gunviolencearchive.org/incident/1503519
1502903,2019-09-12,39.1414,-84.552,Cincinnati,Ohio,1900 block of Westwood Northern Blvd,1,0,false,false,false,true,false,false,https://www.gunviolencearchive.org/incident/1502903
1501511,2019-09-11,39.141,-84.4883,Cincinnati,Ohio,900 block of Blair Ave,1,0,false,true,false,false,false,false,https://www.gunviolencearchive.org/incident/1501511
1501513,2019-09-10,39.13594052941765,-84.52635898951026,Cincinnati,Ohio,Riddle Rd,1,0,false,false,false,false,false,false,https://www.gunviolencearchive.org/incident/1501513
1501243,2019-09-09,39.1434,-84.4957,Cincinnati,Ohio,542 Prospect Pl,0,1,false,false,false,false,false,false,https://www.gunviolencearchive.org/incident/1501243
1500553,2019-09-09,39.1421,-84.4865,Cincinnati,Ohio,Ridgeway Ave and Cleveland Ave,1,0,false,false,false,true,false,false,https://www.gunviolencearchive.org/incident/1500553
1499513,2019-09-08,39.15058247340933,-84.48621569223836,Cincinnati,Ohio,3700 block of Reading Rd,1,1,false,false,false,false,false,false,https://www.gunviolencearchive.org/incident/1499513
1499770,2019-09-08,39.14034052941766,-84.49675898951025,Cincinnati,Ohio,Hallwood Pl and Hale Ave,1,0,false,false,false,false,false,false,https://www.gunviolencearchive.org/incident/1499770
1496163,2019-09-03,39.1433,-84.4915,Cincinnati,Ohio,800 block of Wyndam Ave,1,0,false,false,false,false,false,false,https://www.gunviolencearchive.org/incident/1496163
1494084,2019-09-01,39.1572,-84.3909,Cincinnati,Ohio,6100 block of Navarre Pl,1,0,false,false,false,false,false,true,https://www.gunviolencearchive.org/incident/1494084
1494063,2019-09-01,39.142840529417654,-84.49195898951025,Cincinnati,Ohio,Reading Rd and Prospect Pl,2,0,false,false,false,false,false,false,https://www.gunviolencearchive.org/incident/1494063
1494598,2019-09-01,39.1845,-84.5623,Cincinnati,Ohio,4900 block of Hawaiian Terrace,2,0,false,false,false,false,false,true,https://www.gunviolencearchive.org/incident/1494598
1494012,2019-09-01,39.2634,-84.2787,Loveland,Ohio,700 block of Mohican Dr,1,0,false,false,false,false,false,false,https://www.gunviolencearchive.org/incident/1494012
1489307,2019-08-27,39.18551547208421,-84.45619010890834,Cincinnati,Ohio,2026 Seymour Ave,0,1,false,false,false,false,false,false,https://www.gunviolencearchive.org/incident/1489307
1488126,2019-08-25,39.115240529417655,-84.52925898951025,Cincinnati,Ohio,1700 block of Baymiller St,1,0,false,false,false,false,false,false,https://www.gunviolencearchive.org/incident/1488126
1488130,2019-08-25,39.1229,-84.5008,Cincinnati,Ohio,2300 block of Reading Rd,2,0,false,false,false,false,false,false,https://www.gunviolencearchive.org/incident/1488130
1488128,2019-08-25,39.1949,-84.4595,Cincinnati,Ohio,7300 block of Reading Rd,1,0,false,false,false,false,false,false,https://www.gunviolencearchive.org/incident/1488128
1487450,2019-08-23,39.18814052941765,-84.56505898951025,Cincinnati,Ohio,5200 block of Bahama Terrace,3,0,false,false,false,false,false,false,https://www.gunviolencearchive.org/incident/1487450
1487454,2019-08-23,39.2291,-84.3821,Blue Ash,Ohio,4600 block of Hunt Rd,1,0,false,false,false,false,false,false,https://www.gunviolencearchive.org/incident/1487454
1485533,2019-08-21,39.18814052941765,-84.46795898951025,Cincinnati,Ohio,7000 block of Glenmeadow Ln,1,0,false,false,false,false,false,false,https://www.gunviolencearchive.org/incident/1485533
1485215,2019-08-21,39.1141,-84.5782,Cincinnati,Ohio,1200 block of Manss Ave,1,0,false,false,false,false,false,false,https://www.gunviolencearchive.org/incident/1485215
1485213,2019-08-21,39.1767,-84.4775,Cincinnati,Ohio,4934 Paddock Rd,1,0,false,false,false,false,false,false,https://www.gunviolencearchive.org/incident/1485213
1483507,2019-08-20,39.115,-84.5141,Cincinnati,Ohio,Hust Alley and Lang St,0,1,false,false,false,false,false,false,https://www.gunviolencearchive.org/incident/1483507
1483509,2019-08-20,39.20244052941765,-84.45685898951025,Cincinnati,Ohio,7700 block of Stillwell Rd,1,0,false,false,false,false,false,false,https://www.gunviolencearchive.org/incident/1483509
1484452,2019-08-20,39.10711547208421,-84.56569010890836,Cincinnati,Ohio,900 block of Elberon Ave,1,0,false,false,false,false,false,false,https://www.gunviolencearchive.org/incident/1484452
1483511,2019-08-19,39.1884,-84.5099,Cincinnati,Ohio,500 block of Dutch Colony Dr,1,0,false,false,false,true,false,false,https://www.gunviolencearchive.org/incident/1483511
1482416,2019-08-18,39.12814052941766,-84.51315898951025,Cincinnati,Ohio,Calhoun St and Scioto St,2,0,false,false,false,false,false,false,https://www.gunviolencearchive.org/incident/1482416
1481942,2019-08-17,39.2089,-84.562,Cincinnati,Ohio,6409 Simpson Ave,0,1,false,false,false,false,false,false,https://www.gunviolencearchive.org/incident/1481942
1482423,2019-08-17,39.15268247340933,-84.48431569223835,Cincinnati,Ohio,900 block of Dana Ave,0,1,false,false,false,true,false,false,https://www.gunviolencearchive.org/incident/1482423
1482414,2019-08-17,39.1085,-84.526,Cincinnati,Ohio,700 block of Hopkins St,0,1,false,false,false,false,false,false,https://www.gunviolencearchive.org/incident/1482414
1483274,2019-08-16,39.1044,-84.5155,Cincinnati,Ohio,100 Garfield Pl,1,0,false,false,false,true,false,false,https://www.gunviolencearchive.org/incident/1483274
1477445,2019-08-13,39.2845,-84.427,Cincinnati,Ohio,2670 E Kemper Rd,1,0,false,true,false,false,true,false,https://www.gunviolencearchive.org/incident/1477445
1478512,2019-08-13,39.1071,-84.5645,Cincinnati,Ohio,900 block of Purcell Ave,1,0,false,false,false,false,false,false,https://www.gunviolencearchive.org/incident/1478512
1476870,2019-08-11,39.2565,-84.3111,Montgomery,Ohio,Moss Hill Ln,1,0,false,false,false,false,true,false,https://www.gunviolencearchive.org/incident/1476870
1476878,2019-08-11,39.162140529417655,-84.50725898951025,Cincinnati,Ohio,110 W Mitchell Ave,1,0,false,false,false,false,false,false,https://www.gunviolencearchive.org/incident/1476878
1476537,2019-08-11,39.1288,-84.5704,Cincinnati,Ohio,2100 block of Queen City Ave,1,1,false,false,false,true,false,false,https://www.gunviolencearchive.org/incident/1476537
1475903,2019-08-11,39.1734,-84.5113,Cincinnati,Ohio,500 block of Orient Ave,0,1,false,false,false,false,false,false,https://www.gunviolencearchive.org/incident/1475903
1475776,2019-08-09,39.1546,-84.5765,Cincinnati,Ohio,3800 block of Yearling Ct,1,0,false,false,false,false,false,false,https://www.gunviolencearchive.org/incident/1475776
1472693,2019-08-07,39.1485,-84.5533,Cincinnati,Ohio,Millvale Ct,1,0,false,false,false,false,false,false,https://www.gunviolencearchive.org/incident/1472693
1475000,2019-08-07,39.18488247340933,-84.51391569223836,Cincinnati,Ohio,Winneste Ave,1,0,false,false,false,false,false,false,https://www.gunviolencearchive.org/incident/1475000
1472695,2019-08-06,39.2449,-84.4603,Cincinnati,Ohio,800 block of Adams St,1,0,false,false,false,false,false,false,https://www.gunviolencearchive.org/incident/1472695
1471514,2019-08-06,39.1551,-84.4244,Cincinnati,Ohio,4382 Marburg Ave,1,0,false,false,false,false,false,false,https://www.gunviolencearchive.org/incident/1471514
1465622,2019-08-02,39.13484052941765,-84.47725898951025,Cincinnati,Ohio,3100 block of Harvard Ave,1,0,false,false,false,false,false,false,https://www.gunviolencearchive.org/incident/1465622
1465624,2019-08-01,39.148,-84.5804,Cincinnati,Ohio,2500 block of Westwood Northern Blvd,0,1,false,false,false,false,false,false,https://www.gunviolencearchive.org/incident/1465624
1464156,2019-07-31,39.1403,-84.5996,Cincinnati,Ohio,Geyer Woods Ln and Werk Rd,0,1,false,true,false,false,false,false,https://www.gunviolencearchive.org/incident/1464156
1463609,2019-07-30,39.1914,-84.5116,Cincinnati,Ohio,5600 block of Gardenhill Ln,1,0,false,false,false,false,false,false,https://www.gunviolencearchive.org/incident/1463609
1462314,2019-07-30,39.14474052941765,-84.46875898951025,Cincinnati,Ohio,1800 block of Clarion Ave,0,1,false,false,false,false,false,false,https://www.gunviolencearchive.org/incident/1462314
1461795,2019-07-29,39.1335,-84.4899,Cincinnati,Ohio,Beecher St,1,0,false,false,false,false,false,false,https://www.gunviolencearchive.org/incident/1461795
1458297,2019-07-25,39.123,-84.5241,Cincinnati,Ohio,2200 block of Victor St,0,1,false,false,false,false,false,false,https://www.gunviolencearchive.org/incident/1458297
1456163,2019-07-24,39.1079,-84.526,Cincinnati,Ohio,700 block of Clark St,1,0,false,false,false,false,false,false,https://www.gunviolencearchive.org/incident/1456163
1457108,2019-07-24,39.2433,-84.7892,Harrison,Ohio,10000 block of Winding Way Dr,0,1,false,false,false,true,false,false,https://www.gunviolencearchive.org/incident/1457108
1456160,2019-07-22,39.186,-84.4081,Cincinnati,Ohio,3800 block of Zinsle Ave,2,0,false,false,false,false,false,false,https://www.gunviolencearchive.org/incident/1456160
1454089,2019-07-22,39.176440529417654,-84.50905898951025,Cincinnati,Ohio,400 block of Kings Run Dr,1,0,false,false,false,false,false,false,https://www.gunviolencearchive.org/incident/1454089
1454075,2019-07-22,39.0971,-84.5122,Cincinnati,Ohio,16 W Freedom Way,1,0,false,false,false,false,false,false,https://www.gunviolencearchive.org/incident/1454075
1453674,2019-07-21,39.1348,-84.4784,Cincinnati,Ohio,3100 block of Durrell Ave,0,1,false,false,false,false,false,false,https://www.gunviolencearchive.org/incident/1453674
1454079,2019-07-21,39.125540529417655,-84.49525898951025,Cincinnati,Ohio,700 block of Wayne St,0,1,false,false,false,false,false,false,https://www.gunviolencearchive.org/incident/1454079
1450857,2019-07-17,39.14534052941765,-84.49755898951025,Cincinnati,Ohio,500 block of Rockdale Ave,1,0,false,false,false,false,false,false,https://www.gunviolencearchive.org/incident/1450857
1449787,2019-07-16,39.0961,-84.5675,Cincinnati,Ohio,300 block of Crestline Ave,1,0,false,true,false,false,false,false,https://www.gunviolencearchive.org/incident/1449787
1447265,2019-07-12,39.1413,-84.4964,Cincinnati,Ohio,500 block of Blair Ave,1,0,false,false,false,false,false,false,https://www.gunviolencearchive.org/incident/1447265
1444909,2019-07-11,39.10728247340933,-84.56561569223837,Cincinnati,Ohio,900 block of Elberon Ave,1,0,false,false,false,false,false,false,https://www.gunviolencearchive.org/incident/1444909
1444349,2019-07-10,39.1447,-84.4953,Cincinnati,Ohio,Rockdale Ave and Washington Ave,2,0,false,false,false,false,false,false,https://www.gunviolencearchive.org/incident/1444349
1444096,2019-07-09,39.1964,-84.5433,Cincinnati,Ohio,5800 block of Saranac Ave,1,0,false,false,false,false,false,false,https://www.gunviolencearchive.org/incident/1444096
1444098,2019-07-09,39.1572,-84.5614,Cincinnati,Ohio,2500 block of Nottingham Rd,1,0,false,false,false,false,false,false,https://www.gunviolencearchive.org/incident/1444098
1444094,2019-07-09,39.0883,-84.5669,Cincinnati,Ohio,600 block of Steiner Ave,1,0,false,false,false,false,false,false,https://www.gunviolencearchive.org/incident/1444094
1443765,2019-07-09,39.1217,-84.5828,Cincinnati,Ohio,1750 block of Gilsey Ave,0,1,false,false,false,false,false,false,https://www.gunviolencearchive.org/incident/1443765
1442876,2019-07-08,39.11571547208421,-84.52679010890834,Cincinnati,Ohio,549 Findlay St,0,1,false,false,false,false,false,false,https://www.gunviolencearchive.org/incident/1442876
1442880,2019-07-07,39.1268,-84.5929,Cincinnati,Ohio,2600 block of Wendee Dr,1,0,false,false,false,false,false,false,https://www.gunviolencearchive.org/incident/1442880
1441699,2019-07-07,39.1117,-84.5247,Cincinnati,Ohio,Clayers Ln and David St,1,0,false,false,false,false,false,false,https://www.gunviolencearchive.org/incident/1441699
1441590,2019-07-06,39.10314052941765,-84.55095898951025,Cincinnati,Ohio,2100 block of Storrs St,0,1,false,false,false,false,false,false,https://www.gunviolencearchive.org/incident/1441590
1440463,2019-07-05,39.1919,-84.4883,Carthage,Ohio,Rosewood St,1,0,false,false,false,false,false,false,https://www.gunviolencearchive.org/incident/1440463
1439368,2019-07-04,39.1514,-84.3882,Cincinnati,Ohio,6300 Bramble Ave,1,0,false,true,false,false,false,false,https://www.gunviolencearchive.org/incident/1439368
1439361,2019-07-04,39.2202,-84.5408,Cincinnati,Ohio,1465 Clovernoll Dr,1,0,false,false,false,false,false,false,https://www.gunviolencearchive.org/incident/1439361
1440460,2019-07-04,39.1141,-84.5792,Cincinnati,Ohio,Glenway Ave and 1st Ave,0,1,false,false,false,false,false,false,https://www.gunviolencearchive.org/incident/1440460
1438830,2019-07-02,39.127,-84.5453,Cincinnati,Ohio,1500 block of Tremont Ave,1,0,false,false,false,false,false,false,https://www.gunviolencearchive.org/incident/1438830
1435813,2019-06-30,39.11304193055015,-84.51405087184656,Cincinnati,Ohio,1600 block of Walnut St,0,1,false,false,false,false,false,false,https://www.gunviolencearchive.org/incident/1435813
1435264,2019-06-29,39.1987,-84.5467,Cincinnati,Ohio,Hamilton Ave and Cedar Ave,1,0,false,false,false,false,false,false,https://www.gunviolencearchive.org/incident/1435264
1435332,2019-06-28,39.131740529417655,-84.47465898951025,Cincinnati,Ohio,3000 block of Hackberry St,0,1,false,false,false,false,false,false,https://www.gunviolencearchive.org/incident/1435332
1433708,2019-06-27,39.1915,-84.5191,Cincinnati,Ohio,866 Gwinnett Dr,2,0,false,false,false,false,false,false,https://www.gunviolencearchive.org/incident/1433708
1432952,2019-06-27,39.1143,-84.5153,Cincinnati,Ohio,39 Back St,0,1,false,false,false,false,false,true,https://www.gunviolencearchive.org/incident/1432952
1434061,2019-06-27,39.1977,-84.3954,Cincinnati,Ohio,400 block of East Ave,0,1,false,false,false,false,false,false,https://www.gunviolencearchive.org/incident/1434061
1430994,2019-06-25,39.2036,-84.5616,Cincinnati,Ohio,2104 W North Bend Rd,1,0,false,false,false,false,false,false,https://www.gunviolencearchive.org/incident/1430994
1430665,2019-06-24,39.1318,-84.5327,Cincinnati,Ohio,I-75,1,1,false,false,false,false,false,true,https://www.gunviolencearchive.org/incident/1430665
1428831,2019-06-22,39.1492,-84.4885,Cincinnati,Ohio,3635 Reading Rd,0,1,false,false,false,false,false,false,https://www.gunviolencearchive.org/incident/1428831
1427114,2019-06-20,39.1904,-84.5157,Cincinnati,Ohio,732 Dutch Colony Dr,1,1,false,false,false,false,false,false,https://www.gunviolencearchive.org/incident/1427114
1425956,2019-06-18,39.13124052941765,-84.56865898951025,Cincinnati,Ohio,2500 block of Hansford Pl,0,1,false,false,false,false,false,false,https://www.gunviolencearchive.org/incident/1425956
1422673,2019-06-15,39.14741547208421,-84.48859010890835,Cincinnati,Ohio,3600 block of Reading Rd,3,0,false,false,false,false,false,false,https://www.gunviolencearchive.org/incident/1422673
1422671,2019-06-15,39.1298,-84.5607,Cincinnati,Ohio,Knox St and Saturn St,1,0,false,false,false,false,false,false,https://www.gunviolencearchive.org/incident/1422671
1421091,2019-06-13,39.11924052941765,-84.52135898951025,Cincinnati,Ohio,200 block of McMicken Ave,1,0,false,false,false,false,false,false,https://www.gunviolencearchive.org/incident/1421091
1421267,2019-06-13,39.17724052941765,-84.46625898951025,Cincinnati,Ohio,5000 Reading Rd,1,0,false,false,false,false,false,false,https://www.gunviolencearchive.org/incident/1421267
1420035,2019-06-12,39.1241,-84.4618,Cincinnati,Ohio,2500 block of Riverside Dr,1,0,false,false,false,false,false,false,https://www.gunviolencearchive.org/incident/1420035
1421097,2019-06-12,39.1929,-84.4623,Cincinnati,Ohio,7200 block of Scottwood Ave,1,0,false,false,false,false,false,false,https://www.gunviolencearchive.org/incident/1421097
1419287,2019-06-11,39.1398,-84.4825,Cincinnati,Ohio,Victory Pkwy,1,0,false,false,false,false,false,false,https://www.gunviolencearchive.org/incident/1419287
1419291,2019-06-10,39.1444,-84.4662,Cincinnati,Ohio,Clarion Ave,1,0,false,false,false,false,false,false,https://www.gunviolencearchive.org/incident/1419291
1418502,2019-06-09,39.102,-84.5532,Cincinnati,Ohio,600 block of Neave St,0,1,false,false,false,false,false,false,https://www.gunviolencearchive.org/incident/1418502
1416974,2019-06-07,39.1053,-84.5206,Cincinnati,Ohio,1000 block of Central Ave,0,1,false,false,false,false,false,false,https://www.gunviolencearchive.org/incident/1416974
1415318,2019-06-06,39.1103,-84.5562,Cincinnati,Ohio,2500 block of Ring Pl,1,0,false,false,false,false,true,false,https://www.gunviolencearchive.org/incident/1415318
1416358,2019-06-06,39.1721,-84.4679,Cincinnati,Ohio,Berkley Ave and Reading Rd,0,1,false,false,false,false,false,false,https://www.gunviolencearchive.org/incident/1416358
1415103,2019-06-05,39.1755,-84.4621,Cincinnati,Ohio,1900 block of Garden Ln,0,1,false,false,false,false,false,false,https://www.gunviolencearchive.org/incident/1415103
1415128,2019-06-05,39.1901,-84.5706,Cincinnati,Ohio,5453 Colerain Ave,0,1,false,false,false,false,false,true,https://www.gunviolencearchive.org/incident/1415128
1412867,2019-06-03,39.1293,-84.5544,Cincinnati,Ohio,Knox St and Seegar Ave,1,0,false,false,false,false,false,true,https://www.gunviolencearchive.org/incident/1412867
1412724,2019-06-02,39.100740529417656,-84.56525898951026,Cincinnati,Ohio,3300 block of Bassett Rd,0,1,false,false,false,false,false,false,https://www.gunviolencearchive.org/incident/1412724
1411916,2019-05-31,39.13484052941765,-84.47845898951024,Cincinnati,Ohio,3100 block of Durrell Ave,1,1,false,false,false,false,false,false,https://www.gunviolencearchive.org/incident/1411916
1410119,2019-05-30,39.10941547208421,-84.42649010890835,Cincinnati,Ohio,4300 block of Eastern Ave,0,1,false,false,false,false,false,false,https://www.gunviolencearchive.org/incident/1410119
1407223,2019-05-28,39.1512,-84.4842,Cincinnati,Ohio,920 Burton Ave,1,0,false,false,false,false,false,false,https://www.gunviolencearchive.org/incident/1407223
1406113,2019-05-26,39.11024052941765,-84.56725898951025,Cincinnati,Ohio,Warsaw Ave and Woodlawn Ave,1,0,false,false,false,false,false,false,https://www.gunviolencearchive.org/incident/1406113
1405697,2019-05-26,39.1459,-84.5763,Cincinnati,Ohio,2453 Westwood Northern Blvd,2,0,false,false,false,false,false,false,https://www.gunviolencearchive.org/incident/1405697
1405892,2019-05-24,39.198740529417655,-84.45785898951026,Cincinnati,Ohio,Northwood Dr and Reading Rd,1,0,false,false,false,false,false,false,https://www.gunviolencearchive.org/incident/1405892
1399092,2019-05-16,39.1227,-84.5013,Cincinnati,Ohio,Reading Rd and McGregor Ave,1,0,false,false,false,false,false,false,https://www.gunviolencearchive.org/incident/1399092
1394853,2019-05-14,39.107015472084214,-84.52799010890836,Cincinnati,Ohio,1100 block of Linn St,0,1,false,false,false,false,false,false,https://www.gunviolencearchive.org/incident/1394853
1393277,2019-05-12,39.1922,-84.5734,Cincinnati,Ohio,Hillvista Ln,1,0,false,false,false,false,false,false,https://www.gunviolencearchive.org/incident/1393277
1392100,2019-05-10,39.11488247340933,-84.51421569223837,Cincinnati,Ohio,100 block of E McMicken Ave,1,0,false,false,false,true,false,false,https://www.gunviolencearchive.org/incident/1392100
1392799,2019-05-10,39.1889,-84.4619,Cincinnati,Ohio,1858 E Seymour Ave,1,0,false,false,false,false,false,true,https://www.gunviolencearchive.org/incident/1392799
1392122,2019-05-09,39.1494,-84.5051,Cincinnati,Ohio,Haven St and Ehrman Ave,1,0,false,false,false,false,false,false,https://www.gunviolencearchive.org/incident/1392122
1390694,2019-05-08,39.114779098165954,-84.51445755415766,Cincinnati,Ohio,100 block of E McMicken Ave,0,1,false,false,false,false,false,false,https://www.gunviolencearchive.org/incident/1390694
1394373,2019-05-07,39.1397,-84.5904,Cincinnati,Ohio,Eugenie Ln and LaFeuille Ave,1,0,true,false,false,false,false,false,https://www.gunviolencearchive.org/incident/1394373
1386662,2019-05-04,39.1246,-84.5032,Cincinnati,Ohio,2400 block of Highland Ave,1,0,false,false,false,false,false,true,https://www.gunviolencearchive.org/incident/1386662
1387505,2019-05-03,39.14501547208421,-84.49039010890834,Cincinnati,Ohio,800 block of Hutchins Ave,2,0,false,false,false,false,false,false,https://www.gunviolencearchive.org/incident/1387505
1384397,2019-04-29,39.16271547208421,-84.47309010890835,Cincinnati,Ohio,Reading Rd,1,0,false,false,false,false,false,false,https://www.gunviolencearchive.org/incident/1384397
1383188,2019-04-29,39.1329,-84.5092,Cincinnati,Ohio,Short Vine St and University Ave,1,0,false,false,false,false,false,false,https://www.gunviolencearchive.org/incident/1383188
1375148,2019-04-18,39.152415472084215,-84.56129010890835,Cincinnati,Ohio,3700 block of President Dr,1,0,false,false,false,false,false,false,https://www.gunviolencearchive.org/incident/1375148
1373982,2019-04-16,39.2085,-84.5604,Cincinnati,Ohio,6409 Simpson Ave,0,1,false,false,false,false,false,false,https://www.gunviolencearchive.org/incident/1373982
1373112,2019-04-16,39.126,-84.5744,Cincinnati,Ohio,2303 Wyoming Ave,1,0,false,false,false,false,false,false,https://www.gunviolencearchive.org/incident/1373112
1370967,2019-04-14,39.14381547208421,-84.49259010890835,Cincinnati,Ohio,636 Prospect Pl,1,0,false,false,false,false,false,false,https://www.gunviolencearchive.org/incident/1370967
1367467,2019-04-09,39.1271,-84.4843,Cincinnati,Ohio,William Howard Taft Rd and Victory Pkwy,2,0,false,false,false,false,false,false,https://www.gunviolencearchive.org/incident/1367467
1365699,2019-04-06,39.11288247340933,-84.51411569223836,Cincinnati,Ohio,Walnut St and E Liberty St,1,0,false,false,false,false,false,false,https://www.gunviolencearchive.org/incident/1365699
1364003,2019-04-05,39.1501,-84.562,Cincinnati,Ohio,2311 Baltimore Ave,2,0,false,false,false,false,false,false,https://www.gunviolencearchive.org/incident/1364003
1364312,2019-04-05,39.11444052941766,-84.51635898951025,Cincinnati,Ohio,Vine St and Green St,1,0,false,false,false,false,false,false,https://www.gunviolencearchive.org/incident/1364312
1361870,2019-04-02,39.2605,-84.6023,Cincinnati,Ohio,10240 Colerain Ave,1,0,false,false,false,false,false,false,https://www.gunviolencearchive.org/incident/1361870
1359397,2019-03-29,39.2411,-84.4566,Cincinnati,Ohio,1100 block of Chamberlain Ave,0,1,false,false,false,false,false,false,https://www.gunviolencearchive.org/incident/1359397
1358065,2019-03-28,39.114968680153524,-84.52752184293347,Cincinnati,Ohio,Linn St and Poplar St,2,0,false,false,false,false,false,false,https://www.gunviolencearchive.org/incident/1358065
1355310,2019-03-26,39.1168,-84.5169,Cincinnati,Ohio,Vine St and E McMicken Ave,1,0,false,false,false,false,false,false,https://www.gunviolencearchive.org/incident/1355310
1353970,2019-03-23,39.2462,-84.4531,Cincinnati,Ohio,1211 Dixie Court,0,1,false,false,false,false,false,false,https://www.gunviolencearchive.org/incident/1353970
1352189,2019-03-21,39.162882473409326,-84.47301569223836,Cincinnati,Ohio,Reading Rd,1,0,false,false,false,false,false,false,https://www.gunviolencearchive.org/incident/1352189
1348791,2019-03-17,39.1302,-84.496,Cincinnati,Ohio,2800 block of Winslow Ave,1,0,false,false,false,false,false,false,https://www.gunviolencearchive.org/incident/1348791
1348383,2019-03-16,39.12491547208421,-84.55339010890835,Cincinnati,Ohio,1700 block of Westwood Ave,0,1,false,false,false,false,false,false,https://www.gunviolencearchive.org/incident/1348383
1346304,2019-03-13,39.20471547208421,-84.45769010890835,Cincinnati,Ohio,7800 block of New Bedford Ave,0,1,false,false,false,false,false,false,https://www.gunviolencearchive.org/incident/1346304
1344708,2019-03-11,39.1302,-84.5905,Cincinnati,Ohio,2700 block of Erlene Dr,0,1,false,false,false,false,false,false,https://www.gunviolencearchive.org/incident/1344708
1339257,2019-03-04,39.113,-84.5193,Cincinnati,Ohio,Elm St and W Liberty St,1,0,false,false,false,false,false,false,https://www.gunviolencearchive.org/incident/1339257
1339948,2019-03-04,39.1138,-84.5764,Cincinnati,Ohio,3801 Glenway Ave,1,0,false,false,false,false,false,false,https://www.gunviolencearchive.org/incident/1339948
1337599,2019-02-28,39.217,-84.4519,Arlington Heights,Ohio,700 block of Elliott Ave,1,0,false,false,false,false,false,false,https://www.gunviolencearchive.org/incident/1337599
1336298,2019-02-27,39.1419,-84.5834,Cincinnati,Ohio,2520 Harrison Ave,0,1,false,false,false,false,false,false,https://www.gunviolencearchive.org/incident/1336298
1334179,2019-02-24,39.1487,-84.4884,Cincinnati,Ohio,Reading Rd and Gholson Ave,1,0,false,false,false,false,false,false,https://www.gunviolencearchive.org/incident/1334179
1332594,2019-02-22,39.1985,-84.4579,Cincinnati,Ohio,Reading Rd and Stonybrook Dr,1,0,false,false,false,false,false,false,https://www.gunviolencearchive.org/incident/1332594
1330910,2019-02-19,39.23114052941765,-84.53725898951025,Cincinnati,Ohio,1363 Compton Rd,1,0,false,false,false,false,false,false,https://www.gunviolencearchive.org/incident/1330910
1376442,2019-02-16,39.16484052941765,-84.55475898951025,Cincinnati,Ohio,4400 block of Ammon Ave,0,1,false,false,false,false,false,false,https://www.gunviolencearchive.org/incident/1376442
1325731,2019-02-12,39.173,-84.4676,Cincinnati,Ohio,4800 block of Reading Rd,1,0,false,false,false,false,false,false,https://www.gunviolencearchive.org/incident/1325731
1323045,2019-02-08,39.2648,-84.4105,Cincinnati,Ohio,3490 Verbena Dr,1,0,false,false,false,true,false,false,https://www.gunviolencearchive.org/incident/1323045
1316444,2019-01-30,39.2167,-84.5538,Cincinnati,Ohio,1800 block of Goodman Ave,1,0,false,false,false,false,false,false,https://www.gunviolencearchive.org/incident/1316444
1314560,2019-01-28,39.1038,-84.5521,Cincinnati,Ohio,2100 block of Staebler St,2,0,false,false,false,false,false,false,https://www.gunviolencearchive.org/incident/1314560
1313571,2019-01-27,39.11624052941765,-84.52935898951026,Cincinnati,Ohio,900 block of Findlay St,1,1,false,false,false,false,false,false,https://www.gunviolencearchive.org/incident/1313571
1314141,2019-01-27,39.1053,-84.5207,Cincinnati,Ohio,Central Ave and W Court St,1,0,false,false,false,false,false,false,https://www.gunviolencearchive.org/incident/1314141
1309323,2019-01-23,39.1196,-84.6002,Cincinnati,Ohio,4931 Glenway Ave,0,1,false,false,false,false,false,false,https://www.gunviolencearchive.org/incident/1309323
1309747,2019-01-23,39.12884052941765,-84.57045898951026,Cincinnati,Ohio,2100 block of Queen City Ave,0,1,false,false,false,false,false,false,https://www.gunviolencearchive.org/incident/1309747
1305169,2019-01-17,39.1103,-84.5892,Cincinnati,Ohio,Schiff Ave and Kreis Ln,1,0,false,false,false,false,false,false,https://www.gunviolencearchive.org/incident/1305169
1303424,2019-01-17,39.1416,-84.5908,Cincinnati,Ohio,2716 Harrison Ave,1,0,false,false,false,false,false,false,https://www.gunviolencearchive.org/incident/1303424
1303172,2019-01-17,39.11121547208421,-84.51369010890835,Cincinnati,Ohio,1400 block of Walnut St,2,0,false,false,false,false,false,false,https://www.gunviolencearchive.org/incident/1303172
1302627,2019-01-16,39.195,-84.5399,Cincinnati,Ohio,1200 block of Groesbeck Rd,2,0,false,false,false,false,false,false,https://www.gunviolencearchive.org/incident/1302627
1299048,2019-01-12,39.128,-84.5481,Cincinnati,Ohio,1600 block of Waverly Ave,0,2,false,false,false,false,true,false,https://www.gunviolencearchive.org/incident/1299048
1296586,2019-01-09,39.13974052941765,-84.49115898951025,Cincinnati,Ohio,Perkins Ave and Ridgeway Ave,1,0,false,false,false,false,false,false,https://www.gunviolencearchive.org/incident/1296586
1289707,2019-01-01,39.144,-84.4979,Cincinnati,Ohio,Hickory St and Harvey Ave,1,0,false,false,false,false,false,true,https://www.gunviolencearchive.org/incident/1289707
1290320,2019-01-01,39.2036,-84.5375,Cincinnati,Ohio,1175 Wionna Ave,1,0,false,false,false,false,false,false,https://www.gunviolencearchive.org/incident/1290320
1289703,2019-01-01,39.10861547208421,-84.59509010890835,Cincinnati,Ohio,Hermosa Ave and 8th St W,2,0,false,false,false,false,false,false,https://www.gunviolencearchive.org/incident/1289703
1289198,2018-12-31,39.137,-84.467,Cincinnati,Ohio,Hewitt Ave and Trimble Ave,1,0,false,false,false,false,false,false,https://www.gunviolencearchive.org/incident/1289198
1288752,2018-12-31,39.1501,-84.5625,Cincinnati,Ohio,3627 McHenry Ave,0,1,false,false,false,false,false,false,https://www.gunviolencearchive.org/incident/1288752
1288075,2018-12-30,39.1683,-84.4786,Cincinnati,Ohio,Paddock Rd and Tennesee Ave,2,0,false,false,false,false,false,true,https://www.gunviolencearchive.org/incident/1288075
1288759,2018-12-30,39.1571,-84.3973,Cincinnati,Ohio,Vendome Pl and Tompkins Ave,1,0,false,false,false,false,false,false,https://www.gunviolencearchive.org/incident/1288759
1288078,2018-12-29,39.202340529417654,-84.45795898951025,Cincinnati,Ohio,Newbedford Ave and Summit Rd,2,0,false,false,false,false,false,false,https://www.gunviolencearchive.org/incident/1288078
1286792,2018-12-28,39.15161547208421,-84.48549010890835,Cincinnati,Ohio,900 block of Burton Ave,1,0,true,false,false,true,false,false,https://www.gunviolencearchive.org/incident/1286792
1291839,2018-12-26,39.281,-84.4963,Cincinnati,Ohio,631 Northland Blvd,1,0,false,false,false,false,false,false,https://www.gunviolencearchive.org/incident/1291839
1285939,2018-12-26,39.28104052941765,-84.49635898951026,Cincinnati,Ohio,631 Northland Blvd,1,0,false,false,false,false,false,false,https://www.gunviolencearchive.org/incident/1285939
1284827,2018-12-25,39.1884,-84.4485,Cincinnati,Ohio,6400 block of Mayflower Ave,1,0,false,false,false,false,false,false,https://www.gunviolencearchive.org/incident/1284827
1284831,2018-12-24,39.15024052941765,-84.61275898951025,Cheviot,Ohio,Dina Ave and Glenmore Ave,2,0,false,false,false,false,false,false,https://www.gunviolencearchive.org/incident/1284831
1282903,2018-12-22,39.1157,-84.5164,Cincinnati,Ohio,1800 block of Vine St,2,0,false,false,false,false,false,false,https://www.gunviolencearchive.org/incident/1282903
1280980,2018-12-19,39.2162,-84.5494,North College Hill,Ohio,Hamilton Ave and Goodman Ave,1,0,false,false,false,false,false,false,https://www.gunviolencearchive.org/incident/1280980
1279274,2018-12-17,39.1321,-84.4867,Cincinnati,Ohio,1003 Lincoln Ave,0,1,false,false,false,false,false,false,https://www.gunviolencearchive.org/incident/1279274
1278838,2018-12-17,39.20231547208421,-84.45679010890835,Cincinnati,Ohio,7700 block of Stillwell Rd,1,0,false,false,false,false,false,false,https://www.gunviolencearchive.org/incident/1278838
1279265,2018-12-17,39.1383,-84.4789,Cincinnati,Ohio,1500 block of St Leger Place,3,0,false,false,false,false,false,false,https://www.gunviolencearchive.org/incident/1279265
1271004,2018-12-06,39.1411,-84.4927,Cincinnati,Ohio,Reading Rd and Hale Ave,1,0,false,false,false,false,false,false,https://www.gunviolencearchive.org/incident/1271004
1269762,2018-12-04,39.1361,-84.5264,Cincinnati,Ohio,600 block of Riddle Rd,1,0,false,false,false,false,false,false,https://www.gunviolencearchive.org/incident/1269762
1262002,2018-11-24,39.1761,-84.472,Cincinnati,Ohio,1500 block of California Ave,0,1,false,false,false,false,false,false,https://www.gunviolencearchive.org/incident/1262002
1261998,2018-11-24,39.2152,-84.4628,Cincinnati,Ohio,Anthony Wayne Ave and Sheehan Ave,1,0,false,false,false,false,false,false,https://www.gunviolencearchive.org/incident/1261998
1259072,2018-11-18,39.197240529417655,-84.47675898951024,Cincinnati,Ohio,7400 block of Vine St,1,0,false,false,false,false,false,false,https://www.gunviolencearchive.org/incident/1259072
1251820,2018-11-10,39.108840529417655,-84.52785898951025,Cincinnati,Ohio,Linn St,1,0,false,false,false,false,false,false,https://www.gunviolencearchive.org/incident/1251820
1251822,2018-11-09,39.18778247340933,-84.51041569223835,Cincinnati,Ohio,5300 block of Bettman Dr,1,0,false,false,false,false,false,false,https://www.gunviolencearchive.org/incident/1251822
1249071,2018-11-07,39.1299,-84.4903,Cincinnati,Ohio,Oak St and Melrose Ave,1,0,false,false,false,false,false,false,https://www.gunviolencearchive.org/incident/1249071
1249866,2018-11-07,39.129840529417656,-84.54415898951025,Cincinnati,Ohio,2500 block of Beekman St,1,0,false,false,false,false,false,false,https://www.gunviolencearchive.org/incident/1249866
1248617,2018-11-06,39.11684052941765,-84.51695898951026,Cincinnati,Ohio,E McMicken St and Vine St,1,0,false,false,false,false,false,false,https://www.gunviolencearchive.org/incident/1248617
1250554,2018-11-05,39.1393,-84.4953,Cincinnati,Ohio,Stewart Pl,1,0,false,false,false,false,false,false,https://www.gunviolencearchive.org/incident/1250554
1247824,2018-11-05,39.14978247340933,-84.56171569223837,Cincinnati,Ohio,Baltimore Ave and McHenry Ave,1,0,false,false,false,false,false,false,https://www.gunviolencearchive.org/incident/1247824
1248274,2018-11-05,39.1166,-84.6052,Cincinnati,Ohio,Cherevilla Ln,1,0,false,false,false,false,false,false,https://www.gunviolencearchive.org/incident/1248274
1462996,2018-11-04,39.1426,-84.4909,Cincinnati,Ohio,816 Cleveland Ave,1,0,false,false,false,false,false,false,https://www.gunviolencearchive.org/incident/1462996
1247819,2018-11-04,39.1699,-84.5437,Cincinnati,Ohio,4500 block of Hamilton Ave,1,0,false,false,false,false,false,false,https://www.gunviolencearchive.org/incident/1247819
1244969,2018-10-31,39.1311,-84.487,Cincinnati,Ohio,1000 block of Chapel Street,1,0,false,false,false,false,false,false,https://www.gunviolencearchive.org/incident/1244969
1243904,2018-10-29,39.113740529417655,-84.52755898951025,Cincinnati,Ohio,1600 block of Linn St,1,1,false,false,false,false,false,false,https://www.gunviolencearchive.org/incident/1243904
1243270,2018-10-28,39.2015,-84.4599,Cincinnati,Ohio,7700 block of Greeland Pl,1,0,false,false,false,false,false,false,https://www.gunviolencearchive.org/incident/1243270
1242903,2018-10-28,39.204,-84.5269,Cincinnati,Ohio,1000 block of Harbury Dr,1,0,false,false,false,false,false,false,https://www.gunviolencearchive.org/incident/1242903
1241661,2018-10-26,39.1325,-84.5458,Cincinnati,Ohio,2600 block of Beekman St,2,0,false,false,false,false,false,false,https://www.gunviolencearchive.org/incident/1241661
1236313,2018-10-19,39.102,-84.5101,Cincinnati,Ohio,5th St and Main St,1,0,false,false,false,false,false,false,https://www.gunviolencearchive.org/incident/1236313
1235362,2018-10-17,39.122,-84.5005,Cincinnati,Ohio,2200 block of Iowa Ave,1,0,false,false,false,false,false,false,https://www.gunviolencearchive.org/incident/1235362
1235427,2018-10-17,39.1154,-84.5637,Cincinnati,Ohio,Purcell Ave and Lehman Rd,1,0,false,false,false,false,false,false,https://www.gunviolencearchive.org/incident/1235427
1233061,2018-10-14,39.1555,-84.5058,Cincinnati,Ohio,Vine St and Glenwood Ave,1,0,false,false,false,false,false,false,https://www.gunviolencearchive.org/incident/1233061
1231551,2018-10-12,39.1871,-84.5124,Cincinnati,Ohio,Holland Dr and Strand Ln,1,0,false,false,false,false,false,false,https://www.gunviolencearchive.org/incident/1231551
1230219,2018-10-10,39.1372,-84.4697,Cincinnati,Ohio,Hewitt Ave and Graydon Ave,1,0,false,false,false,false,false,false,https://www.gunviolencearchive.org/incident/1230219
1228721,2018-10-09,39.1157,-84.5149,Cincinnati,Ohio,Sharp Alley,1,0,false,false,false,false,false,false,https://www.gunviolencearchive.org/incident/1228721
1229057,2018-10-09,39.17631547208421,-84.50899010890835,Cincinnati,Ohio,400 block of Kings Run Dr,1,0,false,false,false,false,false,false,https://www.gunviolencearchive.org/incident/1229057
1228713,2018-10-08,39.2773,-84.563,Cincinnati,Ohio,10960 Hamilton Ave,1,0,false,false,false,false,false,false,https://www.gunviolencearchive.org/incident/1228713
1227982,2018-10-08,39.105840529417655,-84.58125898951025,Cincinnati,Ohio,3951 Eighth St W,1,0,false,false,false,false,false,false,https://www.gunviolencearchive.org/incident/1227982
1227290,2018-10-07,39.1787,-84.5122,Cincinnati,Ohio,Kings Run Dr,1,0,false,false,false,false,false,false,https://www.gunviolencearchive.org/incident/1227290
1226898,2018-10-06,39.12734052941765,-84.48385898951025,Cincinnati,Ohio,2600 block of Victory Pkwy,0,1,false,false,false,false,false,false,https://www.gunviolencearchive.org/incident/1226898
1226148,2018-10-05,39.21874052941765,-84.53805898951025,Mount Healthy,Ohio,7840 Clovernook Ave,0,1,true,false,false,true,false,false,https://www.gunviolencearchive.org/incident/1226148
1223249,2018-10-02,39.14474052941765,-84.55145898951025,Cincinnati,Ohio,Beekman St and Moosewood Ave,0,1,false,false,false,false,false,false,https://www.gunviolencearchive.org/incident/1223249
1221197,2018-09-30,39.1141,-84.5821,Cincinnati,Ohio,4115 Glenway Ave,0,1,false,false,false,false,false,false,https://www.gunviolencearchive.org/incident/1221197
1220455,2018-09-29,39.241140529417656,-84.45665898951025,Cincinnati,Ohio,1100 block of Chamberlain Ave,2,0,false,false,false,false,true,false,https://www.gunviolencearchive.org/incident/1220455
1218713,2018-09-26,39.2436,-84.5431,Springfield Township,Ohio,Meredith Dr and Arvin Ave,1,0,false,false,false,false,false,false,https://www.gunviolencearchive.org/incident/1218713
1217764,2018-09-25,39.2164,-84.5316,Cincinnati,Ohio,1200 W Galbraith Rd,1,0,false,false,false,false,false,false,https://www.gunviolencearchive.org/incident/1217764
1216151,2018-09-23,39.2158,-84.5308,Cincinnati,Ohio,1197 W Galbraith Rd,0,2,false,false,false,false,false,false,https://www.gunviolencearchive.org/incident/1216151
1216560,2018-09-23,39.1135,-84.566,Cincinnati,Ohio,Blanchard Ave and Glenway Ave,1,0,false,false,false,false,false,false,https://www.gunviolencearchive.org/incident/1216560
1212757,2018-09-18,39.1456,-84.5731,Cincinnati,Ohio,3251 McHenry Ave,1,0,false,false,false,false,false,false,https://www.gunviolencearchive.org/incident/1212757
1211209,2018-09-16,39.2904,-84.3131,Cincinnati,Ohio,12000 Mason Way Ct,1,0,false,false,false,false,false,false,https://www.gunviolencearchive.org/incident/1211209
1211014,2018-09-15,39.14474052941765,-84.49535898951025,Cincinnati,Ohio,600 block of Rockdale Ave,2,0,false,false,false,false,false,true,https://www.gunviolencearchive.org/incident/1211014
1211447,2018-09-14,39.173040529417655,-84.46765898951026,Cincinnati,Ohio,4800 block of Reading Rd,1,0,false,false,false,false,false,false,https://www.gunviolencearchive.org/incident/1211447
1208812,2018-09-12,39.2075,-84.466,Cincinnati,Ohio,Anthony Wayne Ave,1,0,false,false,false,false,false,false,https://www.gunviolencearchive.org/incident/1208812
1205940,2018-09-07,39.1434,-84.5589,Cincinnati,Ohio,Westwood Northern Blvd,2,0,false,false,false,false,false,false,https://www.gunviolencearchive.org/incident/1205940
1204538,2018-09-06,39.1017,-84.5118,Cincinnati,Ohio,511 Walnut St,2,4,false,true,true,false,false,false,https://www.gunviolencearchive.org/incident/1204538
1204640,2018-09-06,39.1526,-84.4884,Cincinnati,Ohio,725 Greenwood Ave,1,0,false,false,false,false,false,false,https://www.gunviolencearchive.org/incident/1204640
1204350,2018-09-05,39.1401,-84.4754,Cincinnati,Ohio,3400 block of Woodburn Ave,1,0,false,false,false,false,false,false,https://www.gunviolencearchive.org/incident/1204350
1203208,2018-09-04,39.0927,-84.3894,Cincinnati,Ohio,6100 block of Plymouth Ave,1,0,false,false,false,false,false,false,https://www.gunviolencearchive.org/incident/1203208
1198081,2018-08-28,39.2456,-84.4515,Cincinnati,Ohio,Dantzler Dr,1,0,true,false,false,true,false,false,https://www.gunviolencearchive.org/incident/1198081
1197402,2018-08-27,39.1143,-84.5269,Cincinnati,Ohio,552 Oliver St,3,0,false,false,false,false,false,false,https://www.gunviolencearchive.org/incident/1197402
1196901,2018-08-27,39.1118,-84.6345,Cincinnati,Ohio,Rapid Run Rd,1,0,false,false,false,false,false,false,https://www.gunviolencearchive.org/incident/1196901
1195006,2018-08-24,39.1281,-84.4838,Cincinnati,Ohio,2630 Victory Pkwy,1,1,false,true,false,false,false,false,https://www.gunviolencearchive.org/incident/1195006
1193498,2018-08-22,39.182040529417655,-84.51245898951025,Cincinnati,Ohio,Topridge Pl and Winneste Ave,1,0,false,false,false,false,false,false,https://www.gunviolencearchive.org/incident/1193498
1192687,2018-08-21,39.1842,-84.562,Cincinnati,Ohio,4832 Hawaiian Terrace,1,1,false,false,false,false,false,false,https://www.gunviolencearchive.org/incident/1192687
1192574,2018-08-20,39.2119,-84.5606,Cincinnati,Ohio,2000 block of Emerson Ave,1,0,false,false,false,false,true,false,https://www.gunviolencearchive.org/incident/1192574
1188937,2018-08-16,39.1944,-84.5387,Cincinnati,Ohio,Groesbeck Rd,1,0,false,false,false,false,false,false,https://www.gunviolencearchive.org/incident/1188937
1185031,2018-08-11,39.10984052941765,-84.56075898951025,Cincinnati,Ohio,Warsaw Ave and Grand Ave,1,0,false,false,false,false,false,false,https://www.gunviolencearchive.org/incident/1185031
1185892,2018-08-11,39.1568,-84.6363,Cincinnati,Ohio,3700 block of Moonridge Dr,1,0,false,false,false,false,true,false,https://www.gunviolencearchive.org/incident/1185892
1185890,2018-08-11,39.217,-84.5413,Cincinnati,Ohio,W Galbraith Rd,1,0,false,false,false,false,false,false,https://www.gunviolencearchive.org/incident/1185890
1183822,2018-08-10,39.1403,-84.4961,Cincinnati,Ohio,Hale Ave,1,0,false,false,false,false,false,false,https://www.gunviolencearchive.org/incident/1183822
1183819,2018-08-08,39.1144,-84.5774,Cincinnati,Ohio,3900 block of Glenway Ave,1,0,false,false,false,false,false,false,https://www.gunviolencearchive.org/incident/1183819
1184122,2018-08-06,39.2495,-84.4586,Cincinnati,Ohio,900 block of Wabash Ave,0,1,false,false,false,false,false,false,https://www.gunviolencearchive.org/incident/1184122
1179420,2018-08-04,39.1557,-84.4642,Cincinnati,Ohio,1900 block of Hopkins Ave,1,0,false,false,false,false,false,false,https://www.gunviolencearchive.org/incident/1179420
1178652,2018-08-03,39.1338,-84.5482,Cincinnati,Ohio,Baltimore St and Liddell St,1,0,false,false,false,false,false,false,https://www.gunviolencearchive.org/incident/1178652
1176316,2018-07-31,39.14064052941765,-84.49815898951024,Cincinnati,Ohio,500 block of Hale Ave,0,2,false,false,false,false,false,false,https://www.gunviolencearchive.org/incident/1176316
1176838,2018-07-31,39.1529,-84.394,Cincinnati,Ohio,Whetsel Ave and Adelphi St,1,0,false,false,false,false,false,false,https://www.gunviolencearchive.org/incident/1176838
1176019,2018-07-30,39.1917,-84.4007,Silverton,Ohio,Plainfield Rd and St James Ave,1,0,false,false,false,false,false,false,https://www.gunviolencearchive.org/incident/1176019
1175444,2018-07-29,39.1229,-84.515,Cincinnati,Ohio,2267 Vine St,0,1,false,false,false,true,false,false,https://www.gunviolencearchive.org/incident/1175444
1174181,2018-07-27,39.1367,-84.477,Cincinnati,Ohio,Gilbert Ave and Harvard Ave,1,0,false,false,false,false,false,false,https://www.gunviolencearchive.org/incident/1174181
1174171,2018-07-27,39.17784052941765,-84.47765898951025,Cincinnati,Ohio,1200 block of Laidlaw Ave,1,1,false,false,false,false,false,false,https://www.gunviolencearchive.org/incident/1174171
1173199,2018-07-27,39.1549,-84.5473,Cincinnati,Ohio,1700 block of Weber St,0,1,false,false,false,false,false,false,https://www.gunviolencearchive.org/incident/1173199
1172325,2018-07-25,39.1499,-84.5553,Cincinnati,Ohio,2300 block of Millvale Circle,2,1,false,false,false,false,false,false,https://www.gunviolencearchive.org/incident/1172325
1171618,2018-07-25,39.18801547208421,-84.56499010890835,Cincinnati,Ohio,5300 Bahama Terrace,1,0,false,false,false,false,true,false,https://www.gunviolencearchive.org/incident/1171618
1170522,2018-07-24,39.16864052941765,-84.47845898951024,Cincinnati,Ohio,4600 Paddock Rd,2,0,false,false,false,true,false,false,https://www.gunviolencearchive.org/incident/1170522
1169852,2018-07-22,39.1248,-84.5207,Cincinnati,Ohio,Warner St and Wheeler St,1,0,false,false,false,false,false,false,https://www.gunviolencearchive.org/incident/1169852
1169359,2018-07-22,39.14495912192929,-84.4905975556292,Cincinnati,Ohio,Hutchins Avenue and Reading Road,2,0,false,false,false,false,false,false,https://www.gunviolencearchive.org/incident/1169359
1168631,2018-07-21,39.1508,-84.5097,Cincinnati,Ohio,3680 Vine St,1,0,false,false,false,false,false,false,https://www.gunviolencearchive.org/incident/1168631
1167014,2018-07-19,39.1885,-84.4137,Cincinnati,Ohio,6600 block of Montgomery Rd,1,0,false,false,false,false,true,false,https://www.gunviolencearchive.org/incident/1167014
1166536,2018-07-18,39.287,-84.5284,Cincinnati,Ohio,1242 Komura Ct,0,1,false,false,false,false,false,false,https://www.gunviolencearchive.org/incident/1166536
1165390,2018-07-17,39.1755,-84.4648,Cincinnati,Ohio,Garden Ln and Phantom Ave,1,0,false,false,false,false,false,false,https://www.gunviolencearchive.org/incident/1165390
1164547,2018-07-15,39.12891547208421,-84.48869010890834,Cincinnati,Ohio,Yale Ave and Gilbert Ave,1,0,false,false,false,false,false,false,https://www.gunviolencearchive.org/incident/1164547
1163843,2018-07-15,39.189,-84.4676,Cincinnati,Ohio,7000 block of Glenmeadow Ln,1,0,false,false,false,false,false,false,https://www.gunviolencearchive.org/incident/1163843
1163636,2018-07-14,39.1984,-84.7366,Cleves,Ohio,4817 E Miami River Rd,1,0,false,false,false,false,false,false,https://www.gunviolencearchive.org/incident/1163636
1161491,2018-07-11,39.1914,-84.517,Cincinnati,Ohio,Gardenview Ln,2,0,false,false,false,false,false,false,https://www.gunviolencearchive.org/incident/1161491
1160441,2018-07-10,39.14854052941765,-84.55335898951024,Cincinnati,Ohio,2000 block of Millvale Ct,1,0,false,false,false,false,false,false,https://www.gunviolencearchive.org/incident/1160441
1160439,2018-07-09,39.1087,-84.5725,Cincinnati,Ohio,3700 block of Wieman Ave,0,1,false,false,false,false,false,false,https://www.gunviolencearchive.org/incident/1160439
1158896,2018-07-06,39.132140529417654,-84.48805898951025,Cincinnati,Ohio,Gilbert Ave and Lincoln Ave,1,0,false,false,false,false,false,false,https://www.gunviolencearchive.org/incident/1158896
1157740,2018-07-06,39.1211,-84.5157,Cincinnati,Ohio,St Joe St and Vine St,1,0,false,false,false,false,false,false,https://www.gunviolencearchive.org/incident/1157740
1158888,2018-07-06,39.1224,-84.5166,Cincinnati,Ohio,40 block of Graham St,1,0,false,false,false,false,false,false,https://www.gunviolencearchive.org/incident/1158888
1156551,2018-07-05,39.1905,-84.5177,Cincinnati,Ohio,800 block of Dutch Colony Dr,1,0,false,false,false,false,false,true,https://www.gunviolencearchive.org/incident/1156551
1155786,2018-07-03,39.19244052941765,-84.48395898951026,Cincinnati,Ohio,W 68th St and Fairpark Ave,2,0,false,false,false,false,false,true,https://www.gunviolencearchive.org/incident/1155786
1155658,2018-07-02,39.1923,-84.4836,Cincinnati,Ohio,6800 Fairpark Avenue,2,0,false,false,false,false,false,true,https://www.gunviolencearchive.org/incident/1155658
1153180,2018-06-30,39.1052,-84.587,Cincinnati,Ohio,4000 block of Flower Ave,1,0,false,false,false,false,false,false,https://www.gunviolencearchive.org/incident/1153180
1152701,2018-06-29,39.11361547208421,-84.52749010890835,Cincinnati,Ohio,1600 block of Linn St,1,0,false,false,false,false,false,true,https://www.gunviolencearchive.org/incident/1152701
1152706,2018-06-29,39.2755,-84.6673,Harrison,Ohio,Fort Scott Blvd,0,1,false,false,false,false,false,false,https://www.gunviolencearchive.org/incident/1152706
1151622,2018-06-28,39.1074,-84.5696,Cincinnati,Ohio,Wells St and Price Ave,1,1,false,false,false,false,false,false,https://www.gunviolencearchive.org/incident/1151622
1151631,2018-06-27,39.1047,-84.5214,Cincinnati,Ohio,400 block of W 9th St,1,0,false,false,false,false,false,false,https://www.gunviolencearchive.org/incident/1151631
1149235,2018-06-25,39.1161,-84.5158,Cincinnati,Ohio,38 McMicken Ave,1,1,false,false,false,false,false,false,https://www.gunviolencearchive.org/incident/1149235
1147511,2018-06-22,39.2204,-84.5201,Cincinnati,Ohio,8428 Cottonwood Dr,1,0,false,false,false,false,false,false,https://www.gunviolencearchive.org/incident/1147511
1147465,2018-06-21,39.1288,-84.5343,Cincinnati,Ohio,1100 block of Alfred St,0,1,false,false,false,false,false,false,https://www.gunviolencearchive.org/incident/1147465
1145987,2018-06-19,39.2187,-84.5459,Cincinnati,Ohio,1560 W Galbraith Rd,1,0,false,false,false,false,false,false,https://www.gunviolencearchive.org/incident/1145987
1144830,2018-06-18,39.1985,-84.5205,Cincinnati,Ohio,6000 block of Winton Ridge Ln,0,1,false,false,false,false,false,false,https://www.gunviolencearchive.org/incident/1144830
1142775,2018-06-16,39.1548,-84.5764,Cincinnati,Ohio,3924 Yearling Ct,2,0,false,false,false,false,false,false,https://www.gunviolencearchive.org/incident/1142775
1141914,2018-06-14,39.1148,-84.5293,Cincinnati,Ohio,835 Poplar St,1,0,false,false,false,false,false,false,https://www.gunviolencearchive.org/incident/1141914
1141040,2018-06-14,39.245,-84.5887,Cincinnati,Ohio,3300 block of Hidden Creek Dr,1,0,false,false,false,false,false,false,https://www.gunviolencearchive.org/incident/1141040
1141044,2018-06-14,39.0892,-84.5645,Cincinnati,Ohio,2857 River Rd,1,0,false,false,false,false,false,false,https://www.gunviolencearchive.org/incident/1141044
1138053,2018-06-10,39.1776,-84.5099,Cincinnati,Ohio,38 Kings Run Court,0,1,false,false,false,false,false,false,https://www.gunviolencearchive.org/incident/1138053
1138130,2018-06-10,39.191,-84.3991,Silverton,Ohio,6800 block of Sampson Lane,1,0,false,false,false,false,false,false,https://www.gunviolencearchive.org/incident/1138130
1134645,2018-06-06,39.2805,-84.5008,Cincinnati,Ohio,695 Northland Blvd,1,0,false,false,false,false,false,false,https://www.gunviolencearchive.org/incident/1134645
1132478,2018-06-04,39.1127,-84.5142,Cincinnati,Ohio,E Liberty St and Walnut St,2,1,false,false,false,false,false,false,https://www.gunviolencearchive.org/incident/1132478
1132480,2018-06-04,39.1464,-84.5012,Cincinnati,Ohio,330 Forest Ave,0,1,false,false,false,false,false,false,https://www.gunviolencearchive.org/incident/1132480
1132488,2018-06-03,39.1121,-84.5149,Cincinnati,Ohio,E 15th St and Moore St,1,1,false,false,false,false,false,false,https://www.gunviolencearchive.org/incident/1132488
1132485,2018-06-03,39.1737,-84.544,Cincinnati,Ohio,Woodford Rd and Robinson Rd,1,0,false,false,false,false,false,false,https://www.gunviolencearchive.org/incident/1132485
1131187,2018-06-01,39.1151,-84.5137,Cincinnati,Ohio,205 E Clifton Ave,0,1,false,false,false,false,false,false,https://www.gunviolencearchive.org/incident/1131187
1130750,2018-06-01,39.1987,-84.4571,Roselawn,Ohio,1700 block of Stonybrook Dr,1,0,false,false,false,false,false,false,https://www.gunviolencearchive.org/incident/1130750
1130753,2018-05-31,39.1139,-84.6001,Cincinnati,Ohio,Rulison Ave and Zula Ave,1,0,false,false,false,false,false,false,https://www.gunviolencearchive.org/incident/1130753
1129555,2018-05-30,39.11424052941765,-84.51795898951025,Cincinnati,Ohio,Green St and Race St,0,1,false,false,false,false,false,false,https://www.gunviolencearchive.org/incident/1129555
1128511,2018-05-29,39.108,-84.5598,Cincinnati,Ohio,936 Chateau Ave,0,1,false,false,false,false,false,false,https://www.gunviolencearchive.org/incident/1128511
1127597,2018-05-28,39.1121,-84.6012,Cincinnati,Ohio,1018 Coronado Avenue,0,2,false,false,false,false,true,false,https://www.gunviolencearchive.org/incident/1127597
1127722,2018-05-28,39.1296,-84.5608,Cincinnati,Ohio,2473 Saturn St,2,0,false,false,false,false,true,false,https://www.gunviolencearchive.org/incident/1127722
1126702,2018-05-27,39.1397,-84.5503,Cincinnati,Ohio,Moosewood Ave and Yonkers Ave,1,0,false,false,false,false,false,false,https://www.gunviolencearchive.org/incident/1126702
1126157,2018-05-26,39.1608,-84.3941,Cincinnati,Ohio,5812 Madison Rd,1,0,false,false,false,false,false,false,https://www.gunviolencearchive.org/incident/1126157
1124777,2018-05-25,39.11304052941765,-84.57505898951025,Cincinnati,Ohio,1000 block of Ross Avenue,4,0,false,false,true,false,false,false,https://www.gunviolencearchive.org/incident/1124777
1124839,2018-05-23,39.1145,-84.5157,Cincinnati,Ohio,Hamer St,1,0,false,false,false,false,false,false,https://www.gunviolencearchive.org/incident/1124839
1124836,2018-05-23,39.1867,-84.4462,Golf Manor,Ohio,Hammel Ave and Canterbury Ave,1,0,false,false,false,false,true,false,https://www.gunviolencearchive.org/incident/1124836
1121706,2018-05-20,39.204,-84.5647,Cincinnati,Ohio,Banning Rd and Renee Ct,1,0,false,false,false,false,false,false,https://www.gunviolencearchive.org/incident/1121706
1120926,2018-05-19,39.1336,-84.5918,Cincinnati,Ohio,2643 Westbrook Dr,0,1,false,false,false,false,false,false,https://www.gunviolencearchive.org/incident/1120926
1115729,2018-05-15,39.1361,-84.5591,Cincinnati,Ohio,1900 block of Baltimore Ave,0,1,false,false,false,false,false,false,https://www.gunviolencearchive.org/incident/1115729
1116399,2018-05-14,39.1438,-84.5,Avondale,Ohio,Burnet Ave and Northern Ave,1,0,false,false,false,false,false,false,https://www.gunviolencearchive.org/incident/1116399
1113693,2018-05-12,39.1353,-84.6128,Cincinnati,Ohio,5709 Glenway Ave,1,0,false,false,false,false,false,false,https://www.gunviolencearchive.org/incident/1113693
1114336,2018-05-12,39.10717909816595,-84.56585755415766,Cincinnati,Ohio,Price Ave and Elberon Ave,1,0,false,false,false,false,false,false,https://www.gunviolencearchive.org/incident/1114336
1114328,2018-05-12,39.147,-84.5715,Cincinnati,Ohio,McHenry Ave,1,0,false,false,false,false,false,false,https://www.gunviolencearchive.org/incident/1114328
1112897,2018-05-11,39.1485,-84.5543,Cincinnati,Ohio,2059 E Millvale Circle,1,0,false,false,false,false,false,false,https://www.gunviolencearchive.org/incident/1112897
1111538,2018-05-08,39.2754,-84.5545,Springfield,Ohio,200 block of Mistyhill Dr,1,0,false,false,false,false,false,false,https://www.gunviolencearchive.org/incident/1111538
1110373,2018-05-07,39.2479,-84.4544,Cincinnati,Ohio,1200 block of Congress Ave,2,0,false,false,false,false,false,false,https://www.gunviolencearchive.org/incident/1110373
1110900,2018-05-07,39.11701547208421,-84.57989010890834,Cincinnati,Ohio,W Liberty St and Iliff Ave,1,0,false,false,false,false,false,false,https://www.gunviolencearchive.org/incident/1110900
1109960,2018-05-07,39.1073,-84.5838,Cincinnati,Ohio,807 Rosemont Avenue,1,1,false,false,false,false,false,false,https://www.gunviolencearchive.org/incident/1109960
1109124,2018-05-06,39.1818,-84.5116,Cincinnati,Ohio,100 block of Topridge Place,2,0,false,false,false,false,false,false,https://www.gunviolencearchive.org/incident/1109124
1108606,2018-05-04,39.091040529417654,-84.57165898951025,Cincinnati,Ohio,200 block of Fairbanks Ave,0,1,false,false,false,false,false,false,https://www.gunviolencearchive.org/incident/1108606
1106271,2018-05-02,39.1432,-84.5931,Westwood,Ohio,Harrison Ave and McKinley Ave,1,0,false,false,false,false,false,true,https://www.gunviolencearchive.org/incident/1106271
1103780,2018-04-30,39.1114,-84.5832,Cincinnati,Ohio,1024 Rosemont Ave,1,0,false,false,false,false,false,false,https://www.gunviolencearchive.org/incident/1103780
1103020,2018-04-29,39.11461547208421,-84.52469010890835,Cincinnati,Ohio,500 block of Poplar Street,1,0,false,false,false,false,false,false,https://www.gunviolencearchive.org/incident/1103020
1102691,2018-04-28,39.2154,-84.5499,North College Hill,Ohio,1600 block of De Armand Ave,0,1,false,false,false,false,false,false,https://www.gunviolencearchive.org/incident/1102691
1102621,2018-04-22,39.1769,-84.4627,Cincinnati,Ohio,5000 block of Lillian Dr,1,0,false,false,false,false,false,false,https://www.gunviolencearchive.org/incident/1102621
1097322,2018-04-22,39.2033,-84.5747,Cincinnati,Ohio,2500 block of Rack Court,1,0,false,false,false,false,false,false,https://www.gunviolencearchive.org/incident/1097322
1097320,2018-04-22,39.20484052941765,-84.46125898951026,Cincinnati,Ohio,1500 block of Crest Hill Avenue,0,1,false,false,false,false,false,false,https://www.gunviolencearchive.org/incident/1097320
1089723,2018-04-11,39.2315,-84.3555,Cincinnati,Ohio,Ross Ave,1,0,false,false,false,false,false,false,https://www.gunviolencearchive.org/incident/1089723
1084399,2018-04-04,39.1922,-84.4588,Cincinnati,Ohio,7100 Eastlawn Dr,1,0,false,false,false,false,false,false,https://www.gunviolencearchive.org/incident/1084399
1084083,2018-04-03,39.14404052941765,-84.49795898951025,Avondale,Ohio,Hickory St,0,1,false,false,false,false,false,false,https://www.gunviolencearchive.org/incident/1084083
1081810,2018-03-31,39.1458,-84.5831,Cincinnati,Ohio,3100 block of Ferncrest Ct,0,1,false,false,false,false,false,false,https://www.gunviolencearchive.org/incident/1081810
1078114,2018-03-26,39.129,-84.5017,Cincinnati,Ohio,Burnet Ave and William Howard Taft Rd,1,0,false,false,false,false,false,false,https://www.gunviolencearchive.org/incident/1078114
1078591,2018-03-26,39.10712799037533,-84.56554906446436,Cincinnati,Ohio,Elberon Ave and Price Ave,1,0,false,false,false,false,false,false,https://www.gunviolencearchive.org/incident/1078591
1073679,2018-03-19,39.122740529417655,-84.50135898951025,Cincinnati,Ohio,Reading Rd and McGregor Ave,2,0,false,false,false,false,false,false,https://www.gunviolencearchive.org/incident/1073679
1072219,2018-03-18,39.1418,-84.5513,Cincinnati,Ohio,Moosewood Ave,1,0,false,false,false,false,false,false,https://www.gunviolencearchive.org/incident/1072219
1071889,2018-03-17,39.2309,-84.59,Cincinnati,Ohio,8750 Colerain Ave,1,0,false,false,false,false,false,false,https://www.gunviolencearchive.org/incident/1071889
1070299,2018-03-15,39.2944,-84.5047,Cincinnati,Ohio,Hamlet Rd,2,0,false,false,false,false,false,false,https://www.gunviolencearchive.org/incident/1070299
1069051,2018-03-13,39.1159,-84.4445,Cincinnati,Ohio,200 block of Strader Avenue,1,0,false,false,false,true,false,false,https://www.gunviolencearchive.org/incident/1069051
1067099,2018-03-10,39.153,-84.3951,Madisonville,Ohio,5800 block of Adelphi Street,0,2,false,false,false,false,false,false,https://www.gunviolencearchive.org/incident/1067099
1066329,2018-03-09,39.17882799037533,-84.51034906446435,Cincinnati,Ohio,Craft St and Winneste Ave,1,0,false,false,false,false,false,false,https://www.gunviolencearchive.org/incident/1066329
1061073,2018-03-02,39.2487,-84.4478,Cincinnati,Ohio,3300 block of Wabash Ave,0,1,false,false,false,false,false,false,https://www.gunviolencearchive.org/incident/1061073
1059264,2018-02-28,39.1505,-84.4869,Cincinnati,Ohio,S Fred Shuttleworth Circle and Reading Rd,1,0,false,false,false,false,false,false,https://www.gunviolencearchive.org/incident/1059264
1056455,2018-02-24,39.2737,-84.5622,Cincinnati,Ohio,Hamilton Ave and Roosevelt Ave,3,0,true,false,false,false,false,false,https://www.gunviolencearchive.org/incident/1056455
1060370,2018-02-21,39.2492,-84.4501,Cincinnati,Ohio,Shivers Ct,0,1,false,false,false,false,false,false,https://www.gunviolencearchive.org/incident/1060370
1052494,2018-02-19,39.1297,-84.5308,Cincinnati,Ohio,W McMicken Ave,1,0,false,false,false,false,false,false,https://www.gunviolencearchive.org/incident/1052494
1050789,2018-02-16,39.1664,-84.5529,Cincinnati,Ohio,Colerain Ave and Ammon Ave,0,1,false,false,false,false,false,false,https://www.gunviolencearchive.org/incident/1050789
1050975,2018-02-16,39.115582473409326,-84.52721569223836,Cincinnati,Ohio,Livingston Street and Linn Street,1,0,false,false,false,false,false,false,https://www.gunviolencearchive.org/incident/1050975
1050445,2018-02-15,39.2186,-84.3813,Blue Ash,Ohio,Elizabeth Pl,1,0,false,false,false,false,false,false,https://www.gunviolencearchive.org/incident/1050445
1046575,2018-02-09,39.2344,-84.5608,Cincinnati,Ohio,9000 block of Tag Drive,1,1,false,true,false,false,true,false,https://www.gunviolencearchive.org/incident/1046575
1061079,2018-02-04,39.1561,-84.5504,Cincinnati,Ohio,1900 block of Elmore St,1,0,false,false,false,false,false,false,https://www.gunviolencearchive.org/incident/1061079
1041144,2018-02-01,39.2043,-84.4646,Cincinnati,Ohio,Ronald Reagan Cross County Hwy and I-75,1,0,false,false,false,false,false,true,https://www.gunviolencearchive.org/incident/1041144
1039002,2018-01-28,39.1149,-84.5274,Cincinnati,Ohio,800 block of Poplar St,0,1,false,false,false,false,false,false,https://www.gunviolencearchive.org/incident/1039002
1037433,2018-01-27,39.1142,-84.5275,Cincinnati,Ohio,1621 Linn St,0,1,false,false,false,false,false,false,https://www.gunviolencearchive.org/incident/1037433
1035633,2018-01-25,39.1879,-84.5745,Cincinnati,Ohio,5300 block of Ponderosa Dr,1,0,false,false,false,false,false,false,https://www.gunviolencearchive.org/incident/1035633
1034352,2018-01-24,39.1702,-84.4783,Cincinnati,Ohio,4600 Paddock Rd,0,1,false,false,false,false,false,false,https://www.gunviolencearchive.org/incident/1034352
1034276,2018-01-23,39.1465,-84.5773,Cincinnati,Ohio,2459 Westwood Northern Blvd,1,1,false,false,false,false,false,false,https://www.gunviolencearchive.org/incident/1034276
1031442,2018-01-20,39.1516,-84.4831,Cincinnati,Ohio,927 Dana Avenue,1,0,false,false,false,false,false,false,https://www.gunviolencearchive.org/incident/1031442
1030017,2018-01-17,39.1116,-84.5949,Cincinnati,Ohio,4700 block of Rapid Run Rd,1,0,false,false,false,false,false,false,https://www.gunviolencearchive.org/incident/1030017
1028522,2018-01-15,39.2062,-84.461,Cincinnati,Ohio,Dawn Rd,1,0,false,false,false,false,false,false,https://www.gunviolencearchive.org/incident/1028522
1025784,2018-01-12,39.1459,-84.4637,Cincinnati,Ohio,Dana Ave and Wabash Ave,1,0,false,false,false,false,false,false,https://www.gunviolencearchive.org/incident/1025784
1025261,2018-01-11,39.1165,-84.5165,Cincinnati,Ohio,14 E McMicken Ave,0,1,false,false,false,false,false,false,https://www.gunviolencearchive.org/incident/1025261
1022043,2018-01-07,39.12114052941765,-84.51575898951025,Cincinnati,Ohio,2200 block of Vine St,1,0,false,false,false,false,false,false,https://www.gunviolencearchive.org/incident/1022043
1022045,2018-01-06,39.15584052941765,-84.54835898951025,Cincinnati,Ohio,Borden St and Elmosre St,0,1,false,false,false,false,false,false,https://www.gunviolencearchive.org/incident/1022045
1021841,2018-01-05,39.0871,-84.5714,Cincinnati,Ohio,3100 block of River Rd,1,0,false,false,false,false,false,false,https://www.gunviolencearchive.org/incident/1021841
1021827,2018-01-05,39.1956,-84.4789,Cincinnati,Ohio,7201 Vine St,0,1,false,false,false,false,false,false,https://www.gunviolencearchive.org/incident/1021827
1020195,2018-01-03,39.1584,-84.502,Cincinnati,Ohio,Rion Ln and Clinton Springs Ln,1,1,false,false,false,false,false,false,https://www.gunviolencearchive.org/incident/1020195
1018530,2018-01-01,39.119,-84.5327,Cincinnati,Ohio,2012 Colerain Ave,0,1,false,false,false,false,false,false,https://www.gunviolencearchive.org/incident/1018530
1015568,2017-12-27,39.2023,-84.4558,Cincinnati,Ohio,7701 Reading Rd,0,1,false,false,false,false,false,false,https://www.gunviolencearchive.org/incident/1015568
1014546,2017-12-25,39.1175,-84.5163,Cincinnati,Ohio,E Clifton Ave,1,0,false,false,false,false,false,false,https://www.gunviolencearchive.org/incident/1014546
1013631,2017-12-24,39.0847,-84.3867,Cincinnati,Ohio,Mears Ave,1,0,false,false,false,false,false,false,https://www.gunviolencearchive.org/incident/1013631
1010922,2017-12-20,39.1388,-84.5005,Cincinnati,Ohio,3200 Burnet Ave,1,1,false,true,false,false,false,false,https://www.gunviolencearchive.org/incident/1010922
1007578,2017-12-13,39.0727,-84.344,Cincinnati,Ohio,7671 Beechmont Ave,2,0,false,false,false,false,true,false,https://www.gunviolencearchive.org/incident/1007578
1007007,2017-12-13,39.14404052941765,-84.47295898951025,Cincinnati,Ohio,Idlewild Ave and Brewster Ave,1,0,false,false,false,false,false,false,https://www.gunviolencearchive.org/incident/1007007
1005503,2017-12-11,39.14752799037533,-84.48884906446436,Cincinnati,Ohio,800 block of Glenwood Avenue,0,1,false,false,false,false,false,false,https://www.gunviolencearchive.org/incident/1005503
1005459,2017-12-11,39.1894,-84.4565,Cincinnati,Ohio,7100 block of Eastlawn Dr,0,2,false,false,false,false,false,false,https://www.gunviolencearchive.org/incident/1005459
1005450,2017-12-11,39.1438,-84.5541,Cincinnati,Ohio,Bowling Green Ct,1,0,false,false,false,false,false,false,https://www.gunviolencearchive.org/incident/1005450
1005588,2017-12-11,39.1239,-84.6054,Cincinnati,Ohio,Hilsun Pl,1,0,false,false,false,false,false,false,https://www.gunviolencearchive.org/incident/1005588
1003876,2017-12-08,39.137,-84.5373,Cincinnati,Ohio,Hopple St and Colerain Ave,2,0,false,false,false,false,false,false,https://www.gunviolencearchive.org/incident/1003876
2546625,2017-12-08,39.1259,-84.5331,Cincinnati,Ohio,2400 block of Central Pkwy,0,1,false,false,false,false,false,false,https://www.gunviolencearchive.org/incident/2546625
1002454,2017-12-05,39.127,-84.4983,Cincinnati,Ohio,Essex Pl and Mink Alley,1,0,false,false,false,false,false,false,https://www.gunviolencearchive.org/incident/1002454
1002137,2017-12-05,39.1068,-84.56,Cincinnati,Ohio,Chateau Avenue and Price Avenue,0,1,false,false,false,false,false,false,https://www.gunviolencearchive.org/incident/1002137
1001803,2017-12-04,39.1091,-84.5998,Cincinnati,Ohio,W 8th St and Overlook Ave,1,0,false,false,false,false,false,false,https://www.gunviolencearchive.org/incident/1001803
1000671,2017-12-03,39.1494,-84.4817,Avondale,Ohio,1000 block of Burton Ave,1,0,false,false,false,false,false,false,https://www.gunviolencearchive.org/incident/1000671
1000116,2017-12-01,39.2289,-84.4609,Lockland,Ohio,Maple St and N Wayne Ave,1,0,false,false,false,false,false,false,https://www.gunviolencearchive.org/incident/1000116
998779,2017-11-30,39.1842,-84.5635,Cincinnati,Ohio,5000 block of Hawaiian Terrace,2,0,false,false,false,false,false,false,https://www.gunviolencearchive.org/incident/998779
998191,2017-11-28,39.155040529417654,-84.58165898951025,Westwood,Ohio,Montana Ave and Quante Ave,1,0,false,false,false,false,false,false,https://www.gunviolencearchive.org/incident/998191
995939,2017-11-25,39.1794,-84.4071,Cincinnati,Ohio,6024 Lillian Ave,2,0,false,false,false,false,false,false,https://www.gunviolencearchive.org/incident/995939
994557,2017-11-24,39.2407,-84.696,Cincinnati,Ohio,Thompson Rd and Indian Ridge Rd,1,0,false,true,false,false,false,false,https://www.gunviolencearchive.org/incident/994557
994298,2017-11-23,39.1978,-84.4583,Roselawn,Ohio,7532 Redding Road,0,1,false,false,false,false,false,false,https://www.gunviolencearchive.org/incident/994298
993936,2017-11-23,39.1085,-84.5134,Cincinnati,Ohio,56 E 12th St,1,0,false,false,false,false,false,true,https://www.gunviolencearchive.org/incident/993936
993126,2017-11-20,39.2193,-84.4813,Cincinnati,Ohio,Leeds Ln,1,0,false,false,false,false,false,false,https://www.gunviolencearchive.org/incident/993126
992018,2017-11-20,39.1466,-84.572,Cincinnati,Ohio,McHenry Ave,1,0,false,false,false,false,false,false,https://www.gunviolencearchive.org/incident/992018
991830,2017-11-19,39.1349,-84.5363,Cincinnati,Ohio,2900 block of Colerain Ave,0,1,false,false,false,false,false,false,https://www.gunviolencearchive.org/incident/991830
991812,2017-11-19,39.1122,-84.5233,Cincinnati,Ohio,500 Wade St,1,0,false,false,false,false,false,false,https://www.gunviolencearchive.org/incident/991812
991150,2017-11-18,39.148,-84.5697,Westwood,Ohio,3400 McHenry Ave,1,0,false,false,false,false,false,false,https://www.gunviolencearchive.org/incident/991150
990388,2017-11-17,39.2379,-84.4566,Lincoln Heights,Ohio,1153 Behles Ave,0,1,false,false,false,false,false,false,https://www.gunviolencearchive.org/incident/990388
989918,2017-11-16,39.1603,-84.5045,Cincinnati,Ohio,W Mitchell Ave and Vine St,1,0,false,false,false,false,false,false,https://www.gunviolencearchive.org/incident/989918
987207,2017-11-13,39.1269,-84.5047,Cincinnati,Ohio,E MacMillan St and Maplewood Ave,1,0,false,false,false,false,false,false,https://www.gunviolencearchive.org/incident/987207
988278,2017-11-12,39.0974,-84.5026,Cincinnati,Ohio,US 27,1,0,false,false,false,false,false,false,https://www.gunviolencearchive.org/incident/988278
986556,2017-11-10,39.2421,-84.5943,Colerain Township,Ohio,9430 Colerain Ave,1,0,false,false,false,false,false,false,https://www.gunviolencearchive.org/incident/986556
984807,2017-11-09,39.1543,-84.5544,Cumminsville,Ohio,3842 Cass Ave,0,3,false,false,false,false,false,false,https://www.gunviolencearchive.org/incident/984807
982858,2017-11-06,39.1102,-84.5765,Cincinnati,Ohio,1000 block of Seton Ave,0,1,false,false,false,false,false,false,https://www.gunviolencearchive.org/incident/982858
980434,2017-11-04,39.1381,-84.5541,Cincinnati,Ohio,1900 block of Knob Court,0,1,false,false,false,false,false,false,https://www.gunviolencearchive.org/incident/980434
980480,2017-11-04,39.1757,-84.5092,Cincinnati,Ohio,Kings Run Dr and Este Ave,1,0,false,false,false,false,false,false,https://www.gunviolencearchive.org/incident/980480
978238,2017-11-01,39.1125,-84.5842,Cincinnati,Ohio,Winfield Ave,1,0,false,false,false,false,false,false,https://www.gunviolencearchive.org/incident/978238
978224,2017-10-31,39.2179,-84.5915,Cincinnati,Ohio,Cella Dr and Rocker Dr,1,0,false,false,false,false,false,false,https://www.gunviolencearchive.org/incident/978224
975474,2017-10-29,39.1156,-84.5171,Cincinnati,Ohio,1800 block of Republic Street,1,0,false,false,false,false,false,false,https://www.gunviolencearchive.org/incident/975474
971595,2017-10-24,39.175,-84.4672,Cincinnati,Ohio,4871 Reading Rd,1,0,false,false,false,false,false,false,https://www.gunviolencearchive.org/incident/971595
965627,2017-10-22,39.11494052941765,-84.52745898951025,Cincinnati,Ohio,800 block of Poplar St,1,0,false,false,false,false,false,false,https://www.gunviolencearchive.org/incident/965627
965625,2017-10-22,39.1324,-84.5593,Cincinnati,Ohio,2500 block of St. Leo Place,1,0,false,false,false,false,false,false,https://www.gunviolencearchive.org/incident/965625
962452,2017-10-18,39.1442,-84.3378,Cincinnati,Ohio,8290 Wooster Pike,0,2,false,false,false,false,true,false,https://www.gunviolencearchive.org/incident/962452
959838,2017-10-16,39.1,-84.5172,Cincinnati,Ohio,Plum St and W 5th St,1,0,false,false,false,false,false,false,https://www.gunviolencearchive.org/incident/959838
959841,2017-10-16,39.2268,-84.5329,Springfield,Ohio,Grenada Dr and Aldrich Ave,1,0,false,false,false,false,false,false,https://www.gunviolencearchive.org/incident/959841
959208,2017-10-15,39.1606,-84.5044,Saint Bernard,Ohio,4200 block of Vine St,1,0,false,false,false,false,false,false,https://www.gunviolencearchive.org/incident/959208
959210,2017-10-15,39.2261,-84.533,Springfield,Ohio,8800 block of Grenada Dr,1,0,false,false,false,false,false,false,https://www.gunviolencearchive.org/incident/959210
962502,2017-10-14,39.1609,-84.5057,Cincinnati,Ohio,10 W Mitchell Ave,1,0,false,false,false,false,false,false,https://www.gunviolencearchive.org/incident/962502
959078,2017-10-14,39.14554052941765,-84.50285898951024,Avondale,Ohio,3500 block of Wilson Avenue,1,0,false,false,false,false,false,false,https://www.gunviolencearchive.org/incident/959078
957585,2017-10-12,39.1965,-84.4577,Cincinnati,Ohio,Blackstone Pl and Brookcrest Dr,1,0,false,false,false,false,false,false,https://www.gunviolencearchive.org/incident/957585
958039,2017-10-12,39.0904,-84.5704,Sedamsville,Ohio,700 block of Sedam St,0,1,false,false,false,false,false,false,https://www.gunviolencearchive.org/incident/958039
958043,2017-10-12,39.19654052941765,-84.45775898951025,Roselawn,Ohio,Blackstone Pl and Brookcrest Dr,1,0,false,false,false,false,false,false,https://www.gunviolencearchive.org/incident/958043
956011,2017-10-10,39.1761,-84.4707,Cincinnati,Ohio,1600 block of California Ave,1,0,false,false,false,false,false,false,https://www.gunviolencearchive.org/incident/956011
955546,2017-10-05,39.1155,-84.5649,Cincinnati,Ohio,1267 Elberon Ave,0,1,false,false,false,false,true,false,https://www.gunviolencearchive.org/incident/955546
953378,2017-10-05,39.1453,-84.5899,Westwood,Ohio,2800 block of Shaffer Ave,1,0,false,false,false,false,false,false,https://www.gunviolencearchive.org/incident/953378
953376,2017-10-05,39.2481,-84.5852,Cincinnati,Ohio,9700 block of Condor Dr,1,0,false,false,false,false,false,false,https://www.gunviolencearchive.org/incident/953376
950904,2017-10-03,39.1424,-84.6088,Westwood,Ohio,Mayridge Ct,1,0,false,false,false,false,false,true,https://www.gunviolencearchive.org/incident/950904
950898,2017-10-03,39.148315472084214,-84.55129010890835,South Cumminsville,Ohio,3341 Beekman St,1,0,false,false,false,false,false,false,https://www.gunviolencearchive.org/incident/950898
950889,2017-10-03,39.1305,-84.4996,Cincinnati,Ohio,523 Oak St,1,1,false,false,false,false,false,false,https://www.gunviolencearchive.org/incident/950889
946491,2017-10-01,39.1419,-84.5003,Cincinnati,Ohio,3400 block of Burnet Avenue,1,0,false,false,false,false,false,false,https://www.gunviolencearchive.org/incident/946491
945468,2017-09-30,39.1278,-84.5155,Cincinnati,Ohio,100 block of W McMillan,0,1,false,false,false,false,false,false,https://www.gunviolencearchive.org/incident/945468
942125,2017-09-25,39.11368247340933,-84.52741569223836,Cincinnati,Ohio,Linn St and W Liberty St,2,0,false,false,false,false,false,false,https://www.gunviolencearchive.org/incident/942125
939236,2017-09-21,39.1584,-84.3933,Cincinnati,Ohio,Whetsel Ave and Peabody Ave,1,0,false,false,false,false,false,false,https://www.gunviolencearchive.org/incident/939236
939240,2017-09-21,39.1163,-84.5272,Cincinnati,Ohio,800 block of Findlay,1,0,false,false,false,false,false,false,https://www.gunviolencearchive.org/incident/939240
938286,2017-09-20,39.1477,-84.5525,Cincinnati,Ohio,3317 Beekman St,2,0,false,false,false,false,false,false,https://www.gunviolencearchive.org/incident/938286
938096,2017-09-20,39.1291,-84.5618,Cincinnati,Ohio,1932 Harrison Ave,0,1,false,false,false,false,false,false,https://www.gunviolencearchive.org/incident/938096
937677,2017-09-20,39.11547909816595,-84.52745755415765,Cincinnati,Ohio,Livingston Street,1,0,false,false,false,false,false,false,https://www.gunviolencearchive.org/incident/937677
937398,2017-09-19,39.216,-84.4451,Reading,Ohio,Jefferson Ave and Reading Rd,1,1,false,false,false,false,true,false,https://www.gunviolencearchive.org/incident/937398
936303,2017-09-18,39.1446,-84.468,Cincinnati,Ohio,1824 Clarion Avenue,1,0,false,false,false,false,false,false,https://www.gunviolencearchive.org/incident/936303
936300,2017-09-18,39.1455,-84.4685,Cincinnati,Ohio,1800 block of Rutland Avenue,1,1,false,false,false,false,false,false,https://www.gunviolencearchive.org/incident/936300
934889,2017-09-17,39.1812,-84.3698,Madeira,Ohio,7300 block of Shawnee Run,1,0,false,false,false,false,false,false,https://www.gunviolencearchive.org/incident/934889
933733,2017-09-14,39.1326,-84.5334,Camp Washington,Ohio,2813 Massachusetts Ave,1,0,false,false,false,false,false,false,https://www.gunviolencearchive.org/incident/933733
931992,2017-09-12,39.1834,-84.5655,Cincinnati,Ohio,5065 Hawaiian Ter,2,0,false,false,false,false,false,false,https://www.gunviolencearchive.org/incident/931992
931573,2017-09-11,39.1116,-84.583,Cincinnati,Ohio,1042 Rosemont Ave,2,1,false,false,false,false,false,false,https://www.gunviolencearchive.org/incident/931573
930449,2017-09-10,39.1444,-84.4566,Evanston,Ohio,Duck Creek Rd and Dana Ave,1,0,false,false,false,false,false,false,https://www.gunviolencearchive.org/incident/930449
930119,2017-09-09,39.1337,-84.5687,Cincinnati,Ohio,2100 block of Harrison Ave,0,1,false,false,false,false,false,false,https://www.gunviolencearchive.org/incident/930119
928687,2017-09-07,39.1412,-84.5809,Cincinnati,Ohio,2454 Harrison Ave,1,0,false,false,false,false,false,false,https://www.gunviolencearchive.org/incident/928687
927912,2017-09-05,39.1348,-84.4969,Cincinnati,Ohio,Martin Luther King Dr and Reading Rd,1,0,false,false,false,false,false,false,https://www.gunviolencearchive.org/incident/927912
927944,2017-09-04,39.1523,-84.5903,Westwood,Ohio,Westwood Northern Blvd,1,0,false,false,false,false,false,false,https://www.gunviolencearchive.org/incident/927944
926272,2017-09-03,39.1141,-84.5291,Cincinnati,Ohio,850 block of W Liberty St,3,0,false,false,false,false,false,false,https://www.gunviolencearchive.org/incident/926272
924275,2017-08-31,39.20091547208421,-84.57809010890836,Cincinnati,Ohio,5800 block of Shadymist Ln,1,1,false,false,false,false,false,false,https://www.gunviolencearchive.org/incident/924275
924401,2017-08-30,39.1264,-84.5039,Cincinnati,Ohio,195 E McMillan St,1,0,false,false,false,false,false,false,https://www.gunviolencearchive.org/incident/924401
921678,2017-08-27,39.11411547208421,-84.51789010890835,Cincinnati,Ohio,1700 block of Race St,0,1,false,false,false,false,false,false,https://www.gunviolencearchive.org/incident/921678
920101,2017-08-24,39.1385,-84.4952,Cincinnati,Ohio,3305 Reading Rd,0,1,false,false,false,false,false,false,https://www.gunviolencearchive.org/incident/920101
919810,2017-08-23,39.2122,-84.4674,Cincinnati,Ohio,East Galbraith Road and Woodbine Avenue,1,0,false,false,false,false,false,false,https://www.gunviolencearchive.org/incident/919810
919213,2017-08-22,39.11357909816595,-84.52765755415766,Cincinnati,Ohio,Linn Street and Liberty street,2,0,false,false,false,false,false,true,https://www.gunviolencearchive.org/incident/919213
917689,2017-08-21,39.1166,-84.5152,Cincinnati,Ohio,100 block of E Clifton Ave,0,1,false,false,false,false,false,false,https://www.gunviolencearchive.org/incident/917689
917705,2017-08-20,39.1434,-84.5914,Westwood,Ohio,2751 McKinley Ave,0,1,false,false,false,false,false,false,https://www.gunviolencearchive.org/incident/917705
915919,2017-08-17,39.15401547208421,-84.55979010890835,Cincinnati,Ohio,3800 block of President Dr,1,1,false,false,false,false,false,false,https://www.gunviolencearchive.org/incident/915919
915942,2017-08-17,39.2255,-84.4607,Cincinnati,Ohio,200 block of S Wayne Ave,1,0,false,false,false,false,true,false,https://www.gunviolencearchive.org/incident/915942
914944,2017-08-16,39.1809,-84.5114,Cincinnati,Ohio,4910 Winneste Ave,1,0,false,false,false,false,false,false,https://www.gunviolencearchive.org/incident/914944
915929,2017-08-16,39.1129,-84.515,Cincinnati,Ohio,30 E Liberty St,1,0,false,false,false,false,false,false,https://www.gunviolencearchive.org/incident/915929
914950,2017-08-16,39.1133,-84.5143,Cincinnati,Ohio,Walnut St and Corwine Ave,1,0,false,false,false,false,false,false,https://www.gunviolencearchive.org/incident/914950
914930,2017-08-15,39.1939,-84.4824,Cincinnati,Ohio,70th St and Fairpark Ave,1,0,false,false,false,false,false,false,https://www.gunviolencearchive.org/incident/914930
914928,2017-08-15,39.2401,-84.4528,Cincinnati,Ohio,Byrd Ave and McIntyre Ave,1,0,false,false,false,false,false,false,https://www.gunviolencearchive.org/incident/914928
913147,2017-08-14,39.148640529417655,-84.49485898951025,Cincinnati,Ohio,3600 block of Washington Ave,1,0,false,false,false,false,false,false,https://www.gunviolencearchive.org/incident/913147
912167,2017-08-12,39.2438,-84.5423,Cincinnati,Ohio,1500 block of Meredith,1,0,false,false,false,false,false,false,https://www.gunviolencearchive.org/incident/912167
911312,2017-08-11,39.1155,-84.5115,Cincinnati,Ohio,313 Seitz St,1,0,false,false,false,false,false,false,https://www.gunviolencearchive.org/incident/911312
910719,2017-08-10,39.14594052941765,-84.49515898951024,Cincinnati,Ohio,Washington Ave and Forest Ave,1,0,false,false,false,false,false,false,https://www.gunviolencearchive.org/incident/910719
910735,2017-08-10,39.14144052941765,-84.55205898951026,Cincinnati,Ohio,1900 block of Westwood Northern Blvd,1,0,false,false,false,false,false,false,https://www.gunviolencearchive.org/incident/910735
906810,2017-08-05,39.2726,-84.5619,Springfield,Ohio,9600 block of Hamilton Ave,2,0,false,false,false,false,false,false,https://www.gunviolencearchive.org/incident/906810
905555,2017-08-02,39.1411,-84.5005,Cincinnati,Ohio,3333 Burnet Ave,1,0,false,false,false,false,false,false,https://www.gunviolencearchive.org/incident/905555
904239,2017-08-02,39.1931,-84.4015,Silverton,Ohio,7208 Montgomery Rd,1,0,false,false,false,false,false,false,https://www.gunviolencearchive.org/incident/904239
901604,2017-07-30,39.1104,-84.5695,Cincinnati,Ohio,1000 block of Wells St,0,1,false,false,false,false,false,false,https://www.gunviolencearchive.org/incident/901604
901389,2017-07-29,39.1615,-84.5328,Cincinnati,Ohio,1326 Knowlton St,3,0,false,false,false,false,false,false,https://www.gunviolencearchive.org/incident/901389
901418,2017-07-29,39.2245,-84.451,Lockland,Ohio,309 E Wyoming Ave,0,1,false,false,false,false,false,false,https://www.gunviolencearchive.org/incident/901418
901614,2017-07-28,39.1878,-84.5732,Cincinnati,Ohio,Eastknoll Ct,1,0,false,false,false,false,false,false,https://www.gunviolencearchive.org/incident/901614
901063,2017-07-28,39.1401,-84.477,Cincinnati,Ohio,3000 block of Fernside Place,0,1,false,false,false,false,false,false,https://www.gunviolencearchive.org/incident/901063
901606,2017-07-28,39.1867,-84.5121,Cincinnati,Ohio,Holland Dr,1,0,false,false,false,false,false,false,https://www.gunviolencearchive.org/incident/901606
899130,2017-07-26,39.1429,-84.5521,Cincinnati,Ohio,3200 block of Bowling Green Ct,1,0,false,false,false,false,true,false,https://www.gunviolencearchive.org/incident/899130
899518,2017-07-26,39.181,-84.3686,Cincinnati,Ohio,7370 Shawnee Run Rd,2,0,true,false,false,false,false,false,https://www.gunviolencearchive.org/incident/899518
898292,2017-07-25,39.1025,-84.5121,Cincinnati,Ohio,6th St and I-75,0,1,false,false,false,false,false,false,https://www.gunviolencearchive.org/incident/898292
897688,2017-07-24,39.1078,-84.5708,Cincinnati,Ohio,900 block of McPherson Ave,0,1,false,false,false,true,false,false,https://www.gunviolencearchive.org/incident/897688
896149,2017-07-22,39.116,-84.5145,Cincinnati,Ohio,130 E Clifton Ave,5,0,false,false,true,false,false,false,https://www.gunviolencearchive.org/incident/896149
896155,2017-07-22,39.1903,-84.516,Cincinnati,Ohio,736 Dutch Colony Dr,1,0,false,false,false,false,false,false,https://www.gunviolencearchive.org/incident/896155
895964,2017-07-22,39.1718,-84.4166,Cincinnati,Ohio,3593 Kenoak Ln,2,0,false,false,false,false,false,false,https://www.gunviolencearchive.org/incident/895964
896375,2017-07-20,39.1448,-84.4953,Cincinnati,Ohio,3500 block of Washington Ave,1,0,false,false,false,false,false,false,https://www.gunviolencearchive.org/incident/896375
892598,2017-07-17,39.144,-84.5521,Cincinnati,Ohio,3300 block of Moosewood Ave,0,1,false,false,false,false,false,false,https://www.gunviolencearchive.org/incident/892598
892182,2017-07-17,39.1293,-84.5099,Cincinnati,Ohio,2601 Vine St,2,0,false,false,false,false,false,false,https://www.gunviolencearchive.org/incident/892182
891391,2017-07-16,39.202482473409326,-84.45671569223836,Cincinnati,Ohio,Stillwell Rd and Summit Rd,2,0,false,false,false,false,false,false,https://www.gunviolencearchive.org/incident/891391
891394,2017-07-15,39.2915,-84.5439,Forest Park,Ohio,Mandarin Ct,1,0,false,false,false,false,false,false,https://www.gunviolencearchive.org/incident/891394
889627,2017-07-13,39.1142,-84.5851,Cincinnati,Ohio,OH 264 and Sunset Ave,1,0,false,false,false,false,false,false,https://www.gunviolencearchive.org/incident/889627
889586,2017-07-13,39.2154,-84.585,Colerain Township,Ohio,7580 Colerain Ave,1,0,false,false,false,false,false,false,https://www.gunviolencearchive.org/incident/889586
888709,2017-07-12,39.112940529417656,-84.51505898951025,Cincinnati,Ohio,30 E Liberty,1,0,false,false,false,false,false,false,https://www.gunviolencearchive.org/incident/888709
887288,2017-07-10,39.116140529417656,-84.51615898951025,Cincinnati,Ohio,33 East McMicken Ave,0,1,false,false,false,false,false,false,https://www.gunviolencearchive.org/incident/887288
886220,2017-07-08,39.254,-84.5966,Cincinnati,Ohio,9917 Capstan Dr,8,1,true,false,true,false,false,false,https://www.gunviolencearchive.org/incident/886220
885211,2017-07-07,39.145640529417655,-84.57315898951025,Westwood,Ohio,McHenry Ave and Saffer St,1,0,false,false,false,false,false,false,https://www.gunviolencearchive.org/incident/885211
883707,2017-07-05,39.1622,-84.5364,Northside,Ohio,1500 block of Lingo Street,0,1,false,false,false,false,false,false,https://www.gunviolencearchive.org/incident/883707
882576,2017-07-04,39.1296,-84.4948,Cincinnati,Ohio,700 block of Oak St,0,1,false,false,false,false,false,false,https://www.gunviolencearchive.org/incident/882576
881807,2017-07-03,39.2161,-84.5499,Cincinnati,Ohio,1625 Goodman Ave,1,0,false,false,false,false,false,false,https://www.gunviolencearchive.org/incident/881807
880722,2017-07-02,39.205682473409325,-84.45871569223836,Roselawn,Ohio,7800 block of Glen Orchard Dr,0,1,false,false,false,false,false,false,https://www.gunviolencearchive.org/incident/880722
879360,2017-06-29,39.11274052941765,-84.51425898951025,Cincinnati,Ohio,Walnut St and E Liberty,1,0,false,false,false,false,false,false,https://www.gunviolencearchive.org/incident/879360
877268,2017-06-27,39.18904052941765,-84.46765898951026,Cincinnati,Ohio,7000 block of Glenmeadow Ln,2,0,false,false,false,false,false,false,https://www.gunviolencearchive.org/incident/877268
871962,2017-06-21,39.2053,-84.3928,Cincinnati,Ohio,7912 Blue Ash Rd,1,1,false,false,false,false,false,true,https://www.gunviolencearchive.org/incident/871962
873337,2017-06-21,39.1265,-84.5537,Cincinnati,Ohio,1700 block of Wickham Alley,2,0,false,false,false,false,false,false,https://www.gunviolencearchive.org/incident/873337
871690,2017-06-20,39.11611547208421,-84.52929010890836,Cincinnati,Ohio,Findlay St and Baymiller St,0,1,false,false,false,false,false,false,https://www.gunviolencearchive.org/incident/871690
868596,2017-06-15,39.16034052941765,-84.50455898951024,Cincinnati,Ohio,Vine St and Mitchell Ave,1,0,false,false,false,false,false,true,https://www.gunviolencearchive.org/incident/868596
867783,2017-06-14,39.1762,-84.4668,Cincinnati,Ohio,4901 Reading Rd,0,1,false,false,false,false,false,false,https://www.gunviolencearchive.org/incident/867783
864971,2017-06-10,39.2097,-84.441,Cincinnati,Ohio,E Lake Shore Dr,0,1,false,false,false,false,false,false,https://www.gunviolencearchive.org/incident/864971
862016,2017-06-07,39.1474,-84.3941,Cincinnati,Ohio,3900 block of S Whetzel Ave,0,1,false,false,false,false,false,false,https://www.gunviolencearchive.org/incident/862016
859433,2017-06-04,39.12734052941765,-84.51175898951026,Cincinnati,Ohio,E McMillan and Vine St,0,1,false,false,false,false,false,false,https://www.gunviolencearchive.org/incident/859433
859435,2017-06-03,39.10744052941765,-84.56965898951024,Cincinnati,Ohio,900 block of Wells St,1,0,false,false,false,false,false,false,https://www.gunviolencearchive.org/incident/859435
858006,2017-06-01,39.1763,-84.5088,Cincinnati,Ohio,4700 block of Este Ave,1,0,false,false,false,false,false,false,https://www.gunviolencearchive.org/incident/858006
856953,2017-05-31,39.11511547208421,-84.51589010890835,Cincinnati,Ohio,Back St and Hamer St,1,0,false,false,false,false,false,false,https://www.gunviolencearchive.org/incident/856953
856440,2017-05-31,39.1305,-84.5606,Cincinnati,Ohio,Fairmount Ave and Saturn St,0,1,false,false,false,false,false,false,https://www.gunviolencearchive.org/incident/856440
857426,2017-05-30,39.2657,-84.5245,Cincinnati,Ohio,Chalmers Court,1,0,false,false,false,false,false,false,https://www.gunviolencearchive.org/incident/857426
857750,2017-05-30,39.11574052941765,-84.51605898951026,Cincinnati,Ohio,Hamer St and Elder St,1,0,false,false,false,false,false,false,https://www.gunviolencearchive.org/incident/857750
855373,2017-05-29,39.1788,-84.5104,Cincinnati,Ohio,100 block of Craft Street,2,0,true,false,false,false,false,true,https://www.gunviolencearchive.org/incident/855373
856724,2017-05-28,39.1884,-84.5113,Cincinnati,Ohio,5400 block of Bettman Dr,1,0,false,false,false,false,false,false,https://www.gunviolencearchive.org/incident/856724
853492,2017-05-27,39.14648247340933,-84.57391569223836,Westwood,Ohio,2400 block of Westwood Northern Blvd,1,0,false,false,false,false,false,false,https://www.gunviolencearchive.org/incident/853492
850683,2017-05-24,39.1153,-84.5151,Cincinnati,Ohio,70 E McMicken Ave,2,0,false,true,false,false,false,false,https://www.gunviolencearchive.org/incident/850683
851301,2017-05-23,39.1276,-84.5739,Cincinnati,Ohio,Wyoming Ave and Queen City Ave,1,0,false,false,false,false,false,false,https://www.gunviolencearchive.org/incident/851301
851303,2017-05-23,39.1364,-84.477,Cincinnati,Ohio,14716 Harvard Ave,2,0,false,false,false,true,false,true,https://www.gunviolencearchive.org/incident/851303
850177,2017-05-22,39.1337,-84.4864,Cincinnati,Ohio,900 block of Churchhill Ave,0,1,false,false,false,false,false,false,https://www.gunviolencearchive.org/incident/850177
849116,2017-05-21,39.13161547208421,-84.47459010890834,Evanston,Ohio,3000 block of Hackberry St,1,0,false,false,false,false,false,true,https://www.gunviolencearchive.org/incident/849116
845094,2017-05-16,39.1102,-84.5659,Cincinnati,Ohio,3406 Warsaw Ave,1,0,false,false,false,false,false,false,https://www.gunviolencearchive.org/incident/845094
843295,2017-05-14,39.1313,-84.5657,Cincinnati,Ohio,2000 block of Ley Av,0,1,false,false,false,false,false,false,https://www.gunviolencearchive.org/incident/843295
841844,2017-05-10,39.1382,-84.4402,Hyde Park,Ohio,2700 block of Linshaw Court,1,0,false,false,false,false,false,false,https://www.gunviolencearchive.org/incident/841844
838091,2017-05-07,39.2402,-84.5474,Mount Healthy,Ohio,8134 Hamilton Av,1,0,false,false,false,false,false,false,https://www.gunviolencearchive.org/incident/838091
838665,2017-05-07,39.1312,-84.5536,Cincinnati,Ohio,2500 block of Trevor Pl,1,0,false,false,false,false,false,false,https://www.gunviolencearchive.org/incident/838665
837668,2017-05-06,39.1457,-84.4967,Cincinnati,Ohio,517 block of Forest Av,1,0,true,false,false,false,false,true,https://www.gunviolencearchive.org/incident/837668
837670,2017-05-06,39.2159,-84.5302,Cincinnati,Ohio,1197 W Galbraith Rd,1,0,false,false,false,false,false,false,https://www.gunviolencearchive.org/incident/837670
838109,2017-05-06,39.1187,-84.5751,Cincinnati,Ohio,Wyoming Avenue and Davoran Av,1,0,false,false,false,false,false,false,https://www.gunviolencearchive.org/incident/838109
834123,2017-05-02,39.1594,-84.5048,Cincinnati,Ohio,Vine St,1,0,false,false,false,false,false,false,https://www.gunviolencearchive.org/incident/834123
834083,2017-05-02,39.1323,-84.4901,Cincinnati,Ohio,Melrose and Lincoln Av,1,0,false,false,false,false,false,false,https://www.gunviolencearchive.org/incident/834083
834071,2017-05-01,39.1519,-84.3959,Cincinnati,Ohio,Bramble Av and Azalea,1,0,false,false,false,false,false,false,https://www.gunviolencearchive.org/incident/834071
829672,2017-04-26,39.116340529417656,-84.52725898951024,Cincinnati,Ohio,800 block of Findlay St,0,1,false,false,false,false,false,false,https://www.gunviolencearchive.org/incident/829672
827999,2017-04-25,39.21594052941765,-84.53025898951024,Cincinnati,Ohio,1197 W Galbraith Rd,0,1,false,false,false,false,false,false,https://www.gunviolencearchive.org/incident/827999
827705,2017-04-23,39.1766,-84.4395,Cincinnati,Ohio,5640 Montgomery Rd,1,0,false,false,false,false,false,false,https://www.gunviolencearchive.org/incident/827705
824058,2017-04-18,39.187,-84.5732,Cincinnati,Ohio,5300 block of East Knoll Court,1,1,false,false,false,false,false,false,https://www.gunviolencearchive.org/incident/824058
824066,2017-04-18,39.1157,-84.5166,Cincinnati,Ohio,Vine and Elder street,1,1,false,false,false,false,false,false,https://www.gunviolencearchive.org/incident/824066
823336,2017-04-17,39.1125,-84.5275,Cincinnati,Ohio,Wade and Linn,0,1,false,false,false,false,false,false,https://www.gunviolencearchive.org/incident/823336
816204,2017-04-10,39.1998,-84.5419,Cincinnati,Ohio,6000 block of Lantana Ave,1,0,false,false,false,false,false,false,https://www.gunviolencearchive.org/incident/816204
815292,2017-04-08,39.1074,-84.5895,Cincinnati,Ohio,4201 W 8th St,1,0,false,false,false,false,false,false,https://www.gunviolencearchive.org/incident/815292
819313,2017-04-07,39.1458,-84.484,Avondale,Ohio,3500 block of Magill Avenue,1,0,false,false,false,false,false,false,https://www.gunviolencearchive.org/incident/819313
811575,2017-04-04,39.15418247340933,-84.55971569223836,Cincinnati,Ohio,President Dr and Williamsburg Dr,1,0,false,false,false,false,false,false,https://www.gunviolencearchive.org/incident/811575
810035,2017-04-02,39.2014,-84.5781,Cincinnati,Ohio,5816 Shadymist Ln,1,1,false,false,false,false,false,false,https://www.gunviolencearchive.org/incident/810035
805990,2017-03-29,39.1285,-84.5321,Cincinnati,Ohio,Halstead St,1,0,false,false,false,false,false,false,https://www.gunviolencearchive.org/incident/805990
807236,2017-03-29,39.18,-84.4146,Cincinnati,Ohio,6000 block of Kennedy Ave,1,0,false,false,false,false,false,false,https://www.gunviolencearchive.org/incident/807236
805985,2017-03-29,39.2475,-84.38,Blue Ash,Ohio,10000 Alliance Rd,2,0,false,false,false,false,true,false,https://www.gunviolencearchive.org/incident/805985
805575,2017-03-28,39.1892,-84.5111,Cincinnati,Ohio,567 Dutch Colony Drive,2,0,false,false,false,false,false,false,https://www.gunviolencearchive.org/incident/805575
805948,2017-03-28,39.1491,-84.5697,Cincinnati,Ohio,3409 McHenry Ave,1,0,false,false,false,false,false,false,https://www.gunviolencearchive.org/incident/805948
803054,2017-03-26,39.0929,-84.4284,Cincinnati,Ohio,4601 Kellogg Ave,15,2,false,false,true,false,false,false,https://www.gunviolencearchive.org/incident/803054
802810,2017-03-25,39.1449,-84.4844,Avondale,Ohio,Hutchins Av,1,0,false,false,false,false,false,false,https://www.gunviolencearchive.org/incident/802810
801812,2017-03-24,39.1225,-84.4943,Walnut Hills,Ohio,2300 block of Kenton St,0,1,true,false,false,false,false,false,https://www.gunviolencearchive.org/incident/801812
800576,2017-03-22,39.2269,-84.4619,Cincinnati,Ohio,619 W Wyoming Ave,1,1,false,false,false,false,false,false,https://www.gunviolencearchive.org/incident/800576
797803,2017-03-18,39.1507,-84.5888,Westwood,Ohio,2700 block of Westwood Northern Blvd,1,0,false,false,false,false,false,true,https://www.gunviolencearchive.org/incident/797803
797133,2017-03-18,39.1549,-84.3837,Cincinnati,Ohio,6615 Roe St,0,1,false,false,false,false,false,false,https://www.gunviolencearchive.org/incident/797133
796954,2017-03-17,39.2111,-84.5607,Cincinnati,Ohio,6501 Simpson Ave,0,1,false,false,false,false,false,false,https://www.gunviolencearchive.org/incident/796954
793268,2017-03-13,39.1892,-84.5128,Cincinnati,Ohio,5400 block of Holland Drive,0,1,false,false,false,false,false,false,https://www.gunviolencearchive.org/incident/793268
792596,2017-03-12,39.1291,-84.4888,Walnut Hills,Ohio,2651 Gilbert Av,2,0,false,true,false,false,true,false,https://www.gunviolencearchive.org/incident/792596
791687,2017-03-10,39.2292,-84.534,Cincinnati,Ohio,Ebro Court and Ovid Avenue,1,0,false,false,false,false,false,false,https://www.gunviolencearchive.org/incident/791687
791128,2017-03-08,39.11528247340933,-84.51581569223836,Cincinnati,Ohio,Hamer St and Back St,1,0,false,false,false,false,false,false,https://www.gunviolencearchive.org/incident/791128
788395,2017-03-06,39.0999,-84.5915,Cincinnati,Ohio,4240 Fehr Road,1,0,true,false,false,true,false,false,https://www.gunviolencearchive.org/incident/788395
788282,2017-03-06,39.11254052941765,-84.52755898951025,Cincinnati,Ohio,Wade St and Linn St,1,0,false,false,false,false,false,false,https://www.gunviolencearchive.org/incident/788282
788280,2017-03-05,39.1203,-84.5749,Cincinnati,Ohio,Wyoming Av & Latham Av,1,0,false,false,false,false,false,false,https://www.gunviolencearchive.org/incident/788280
785926,2017-03-01,39.2736,-84.3823,Blue Ash,Ohio,Classic Drive,0,1,false,false,false,false,true,false,https://www.gunviolencearchive.org/incident/785926
785262,2017-02-28,39.17784052941765,-84.54625898951025,Cincinnati,Ohio,1700 of Casey Dr,6,0,false,false,true,false,false,false,https://www.gunviolencearchive.org/incident/785262
782359,2017-02-24,39.1768,-84.4394,Cincinnati,Ohio,Lawndale Av and Montgomery Rd,1,0,false,false,false,false,false,false,https://www.gunviolencearchive.org/incident/782359
778081,2017-02-19,39.1129,-84.5143,Cincinnati,Ohio,1600 block of Walnut Street,0,1,false,false,false,false,false,false,https://www.gunviolencearchive.org/incident/778081
778079,2017-02-19,39.1157,-84.5156,Cincinnati,Ohio,52 E. McMicken,1,0,false,false,false,false,false,false,https://www.gunviolencearchive.org/incident/778079
777377,2017-02-18,39.1003,-84.518,Cincinnati,Ohio,301 W 5th St,1,0,false,false,false,false,false,false,https://www.gunviolencearchive.org/incident/777377
776325,2017-02-16,39.1254,-84.483,Walnut Hills,Ohio,E. McMillan Street and Ashland Avenue,1,0,false,false,false,false,false,false,https://www.gunviolencearchive.org/incident/776325
776320,2017-02-16,39.1235,-84.5143,Cincinnati,Ohio,2300 block of Vine Street,0,1,false,false,false,false,false,false,https://www.gunviolencearchive.org/incident/776320
776315,2017-02-16,39.1586,-84.5049,Cincinnati,Ohio,3948 Vine Street,0,1,false,false,false,false,false,false,https://www.gunviolencearchive.org/incident/776315
775901,2017-02-15,39.2095,-84.4142,Cincinnati,Ohio,East Galbraith Road,1,0,false,false,false,false,false,false,https://www.gunviolencearchive.org/incident/775901
774901,2017-02-14,39.1247,-84.5084,Cincinnati,Ohio,200 block of McCormick Pl,0,1,false,false,false,false,false,false,https://www.gunviolencearchive.org/incident/774901
774142,2017-02-13,39.1245,-84.5015,Cincinnati,Ohio,2330 Reading Rd,1,0,false,false,false,false,false,false,https://www.gunviolencearchive.org/incident/774142
774147,2017-02-10,39.107,-84.5378,Cincinnati,Ohio,Gest Street,1,0,false,false,false,false,false,false,https://www.gunviolencearchive.org/incident/774147
772234,2017-02-10,39.216240529417654,-84.54945898951026,North College Hill,Ohio,Hamilton Ave and Goodman Ave,1,0,false,false,false,false,false,false,https://www.gunviolencearchive.org/incident/772234
769915,2017-02-06,39.205,-84.4565,Cincinnati,Ohio,1700 block of Crest Hill Ave,0,1,false,false,false,false,false,false,https://www.gunviolencearchive.org/incident/769915
768232,2017-02-06,39.1276,-84.5533,Cincinnati,Ohio,Tremont St and Harrison Ave,1,0,false,false,false,false,false,false,https://www.gunviolencearchive.org/incident/768232
769021,2017-02-06,39.1525,-84.5852,Westwood,Ohio,Montana Ave,1,0,false,false,false,false,false,false,https://www.gunviolencearchive.org/incident/769021
763800,2017-01-30,39.1332,-84.497,Cincinnati,Ohio,3000 Reading Rd,1,0,false,false,false,false,false,false,https://www.gunviolencearchive.org/incident/763800
904474,2017-01-28,39.1348,-84.552,Cincinnati,Ohio,Carll St,1,0,false,false,false,false,false,false,https://www.gunviolencearchive.org/incident/904474
762217,2017-01-28,39.148,-84.5597,Cincinnati,Ohio,Weron Ln,0,1,false,false,false,false,false,false,https://www.gunviolencearchive.org/incident/762217
760370,2017-01-26,39.2942,-84.4842,Springdale,Ohio,340 Glensprings Dr,0,1,false,false,false,false,false,false,https://www.gunviolencearchive.org/incident/760370
760403,2017-01-26,39.2345,-84.5707,Cincinnati,Ohio,2500 block of Compton Ave,1,0,false,false,false,false,false,false,https://www.gunviolencearchive.org/incident/760403
760232,2017-01-25,39.1018,-84.5104,Cincinnati,Ohio,100 block of E 5th St,1,0,false,false,false,false,false,false,https://www.gunviolencearchive.org/incident/760232
758901,2017-01-24,39.2225,-84.5462,North College Hill,Ohio,7100 block of Salmar Court,0,1,false,false,false,false,true,false,https://www.gunviolencearchive.org/incident/758901
757431,2017-01-22,39.11574052941765,-84.51665898951025,Cincinnati,Ohio,1800 block of Vine Street,1,0,false,false,false,false,false,false,https://www.gunviolencearchive.org/incident/757431
757288,2017-01-21,39.2147,-84.5608,North College Hill,Ohio,2000 block of Sundale Avenue,0,1,false,false,false,false,false,false,https://www.gunviolencearchive.org/incident/757288
755639,2017-01-19,39.106,-84.5282,Cincinnati,Ohio,1027 Linn St,1,0,false,false,false,false,false,false,https://www.gunviolencearchive.org/incident/755639
754472,2017-01-18,39.1221,-84.5027,Cincinnati,Ohio,2235 Burnet Avenue,1,1,true,false,false,false,false,false,https://www.gunviolencearchive.org/incident/754472
752504,2017-01-16,39.1423,-84.4922,Cincinnati,Ohio,Reading Rd and Cleveland Ave,1,0,false,false,false,false,false,false,https://www.gunviolencearchive.org/incident/752504
751394,2017-01-14,39.2413,-84.64,North College Hill,Ohio,6800 block of Parish Road,1,0,false,false,false,true,false,false,https://www.gunviolencearchive.org/incident/751394
750018,2017-01-13,39.1466,-84.3809,Cincinnati,Ohio,400 block of Chestnut Street,0,1,false,false,false,false,false,false,https://www.gunviolencearchive.org/incident/750018
750182,2017-01-12,39.1372,-84.4874,Cincinnati,Ohio,32 Washington Terrace,0,1,false,false,false,false,false,false,https://www.gunviolencearchive.org/incident/750182
748601,2017-01-11,39.1239,-84.4944,Walnut Hills,Ohio,Kenton St and Burbank St,1,0,false,false,false,false,false,false,https://www.gunviolencearchive.org/incident/748601
748448,2017-01-11,39.135,-84.5505,Cincinnati,Ohio,1700 Block of Carll Ave,2,0,false,false,false,false,false,false,https://www.gunviolencearchive.org/incident/748448
747425,2017-01-10,39.2704,-84.3764,Blue Ash,Ohio,4752 Cornell Rd,1,0,false,false,false,false,false,false,https://www.gunviolencearchive.org/incident/747425
747003,2017-01-10,39.2285,-84.5484,Cincinnati,Ohio,7300 Hamilton Ave,2,0,false,false,false,false,false,false,https://www.gunviolencearchive.org/incident/747003
746247,2017-01-09,39.115,-84.5181,Cincinnati,Ohio,1730 Race Street,1,1,false,false,false,false,true,false,https://www.gunviolencearchive.org/incident/746247
745297,2017-01-06,39.1284,-84.4993,Cincinnati,Ohio,2650 Reading Rd,1,0,false,false,false,false,false,false,https://www.gunviolencearchive.org/incident/745297
739959,2017-01-01,39.1446,-84.5808,Westwood,Ohio,3000 block of Worthington Avenue,1,0,false,false,false,false,false,false,https://www.gunviolencearchive.org/incident/739959
740864,2017-01-01,39.2736,-84.564,Evanston,Ohio,Ruth Avenue,0,1,false,false,false,false,false,false,https://www.gunviolencearchive.org/incident/740864
740996,2017-01-01,39.122540529417655,-84.49435898951025,Cincinnati,Ohio,2300 block of Kenton Street,1,0,false,false,false,false,false,false,https://www.gunviolencearchive.org/incident/740996
740852,2017-01-01,39.2325,-84.5162,Cincinnati,Ohio,994 Twincrest Ct,0,1,false,true,false,false,true,false,https://www.gunviolencearchive.org/incident/740852
736289,2016-12-28,39.1351,-84.6002,Cincinnati,Ohio,Queen City Avenue and Ferguson Road,1,0,false,false,false,false,false,false,https://www.gunviolencearchive.org/incident/736289
736287,2016-12-28,39.1736,-84.5426,Cincinnati,Ohio,4600 block of Hamilton Avenue,1,0,false,false,false,false,false,false,https://www.gunviolencearchive.org/incident/736287
736868,2016-12-28,39.1931,-84.4831,Cincinnati,Ohio,69th Street and Fairpark Avenue,2,0,false,false,false,false,false,false,https://www.gunviolencearchive.org/incident/736868
737863,2016-12-28,39.1293,-84.5895,Cincinnati,Ohio,2703 Erlene Dr,1,0,false,false,false,false,false,false,https://www.gunviolencearchive.org/incident/737863
735371,2016-12-26,39.1058,-84.5623,Cincinnati,Ohio,3100 block of W 8th St,1,0,false,false,false,false,false,true,https://www.gunviolencearchive.org/incident/735371
734523,2016-12-26,39.1092,-84.5117,Cincinnati,Ohio,12th and Main,0,1,false,false,false,false,false,false,https://www.gunviolencearchive.org/incident/734523
731183,2016-12-22,39.193140529417654,-84.48315898951024,Carthage,Ohio,69th and Fairpark,1,0,false,false,false,false,false,false,https://www.gunviolencearchive.org/incident/731183
732276,2016-12-22,39.1731,-84.511,Cincinnati,Ohio,Chickering and Este,1,0,false,false,false,false,false,false,https://www.gunviolencearchive.org/incident/732276
730048,2016-12-20,39.1172,-84.5872,Cincinnati,Ohio,Rapid Run Road and Rutledge Avenue,1,0,false,false,false,false,false,false,https://www.gunviolencearchive.org/incident/730048
728422,2016-12-18,39.1365,-84.4875,Cincinnati,Ohio,Kerper Ave,1,0,false,false,false,false,false,false,https://www.gunviolencearchive.org/incident/728422
728411,2016-12-17,39.1081,-84.5164,Cincinnati,Ohio,12th and Race Street,1,0,false,false,false,false,false,false,https://www.gunviolencearchive.org/incident/728411
726161,2016-12-14,39.2388,-84.5467,Mount Healthy,Ohio,8000 block of Hamilton Avenue,0,1,false,false,false,false,false,false,https://www.gunviolencearchive.org/incident/726161
725045,2016-12-13,39.1837,-84.5649,Cincinnati,Ohio,5100 block of Hawaiian Terrace,1,0,false,false,false,true,false,false,https://www.gunviolencearchive.org/incident/725045
724682,2016-12-12,39.184,-84.5651,Cincinnati,Ohio,5100 block of Hawaiian Terrace,1,0,false,false,false,true,false,false,https://www.gunviolencearchive.org/incident/724682
722338,2016-12-09,39.1324,-84.5642,Westwood,Ohio,2000 block of Harrison Avenue,2,0,false,false,false,false,false,false,https://www.gunviolencearchive.org/incident/722338
716328,2016-12-01,39.1447,-84.5947,Cincinnati,Ohio,Harrison Ave,1,0,false,false,false,false,false,false,https://www.gunviolencearchive.org/incident/716328
717344,2016-12-01,39.1395,-84.4962,Cincinnati,Ohio,3200 Block of Wolseley Lane,1,0,false,false,false,false,false,false,https://www.gunviolencearchive.org/incident/717344
713226,2016-11-28,39.1111,-84.5039,Roselawn,Ohio,770 Reading Road,1,0,false,false,false,false,false,false,https://www.gunviolencearchive.org/incident/713226
711793,2016-11-27,39.20471547208421,-84.46119010890835,Roselawn,Ohio,7800 block of Dawn Road,0,1,false,false,false,false,false,false,https://www.gunviolencearchive.org/incident/711793
710267,2016-11-24,39.1077,-84.5245,Cincinnati,Ohio,700 Block of Clark Street,0,1,false,false,false,false,false,false,https://www.gunviolencearchive.org/incident/710267
708659,2016-11-23,39.129082473409326,-84.48861569223835,Walnut Hills,Ohio,900 block of Yale Avenue,1,0,false,false,false,false,false,false,https://www.gunviolencearchive.org/incident/708659
706592,2016-11-21,39.20614052941765,-84.45885898951025,Roselawn,Ohio,1600 block of Sparkle Drive,0,1,false,false,false,false,false,false,https://www.gunviolencearchive.org/incident/706592
705892,2016-11-20,39.135340529417654,-84.46815898951026,Evanston,Ohio,1900 block of Fairfax Avenue,0,1,false,false,false,false,false,false,https://www.gunviolencearchive.org/incident/705892
705056,2016-11-19,39.2349,-84.5917,Cincinnati,Ohio,3200 block of Colerain Avenue,1,0,false,false,false,false,false,false,https://www.gunviolencearchive.org/incident/705056
700463,2016-11-14,39.1354,-84.5094,Cincinnati,Ohio,2800 block of Vine Street,0,1,false,false,false,false,false,false,https://www.gunviolencearchive.org/incident/700463
700685,2016-11-14,39.1699,-84.5436,Cincinnati,Ohio,4500 Block of Hamilton Ave,1,0,false,false,false,false,false,false,https://www.gunviolencearchive.org/incident/700685
699817,2016-11-13,39.2245,-84.4507,Cincinnati,Ohio,E Wyoming Ave,1,0,false,false,false,false,false,false,https://www.gunviolencearchive.org/incident/699817
698214,2016-11-10,39.18754052941765,-84.48275898951024,Elmwood Place,Ohio,6500 block of Hasler Lane,1,0,false,false,false,false,false,false,https://www.gunviolencearchive.org/incident/698214
696896,2016-11-08,39.2153,-84.5581,North College Hill,Ohio,1920 Dallas Ave,1,1,false,false,false,false,false,false,https://www.gunviolencearchive.org/incident/696896
695563,2016-11-08,39.1021,-84.5166,Cincinnati,Ohio,6th and Elm,1,0,false,false,false,false,false,false,https://www.gunviolencearchive.org/incident/695563
695620,2016-11-06,39.13974052941765,-84.57915898951025,Cincinnati,Ohio,2400 block of Harrison Ave,1,0,false,false,false,false,false,false,https://www.gunviolencearchive.org/incident/695620
691974,2016-11-02,39.11214052941765,-84.51565898951026,Cincinnati,Ohio,1500 block of Vine,1,0,false,false,false,false,false,false,https://www.gunviolencearchive.org/incident/691974
691803,2016-11-01,39.11584052941765,-84.52335898951026,Cincinnati,Ohio,Central Avenue and Findlay,1,0,false,false,false,false,false,true,https://www.gunviolencearchive.org/incident/691803
690873,2016-11-01,39.2061,-84.4611,Cincinnati,Ohio,Dawn Rd,1,0,false,false,false,false,false,false,https://www.gunviolencearchive.org/incident/690873
691502,2016-10-31,39.1156,-84.5172,Cincinnati,Ohio,W Elder and Republic St,3,0,false,false,false,false,false,false,https://www.gunviolencearchive.org/incident/691502
688378,2016-10-29,39.11834052941765,-84.52915898951025,Cincinnati,Ohio,Baymiller and Dayton street,1,0,false,false,false,false,false,false,https://www.gunviolencearchive.org/incident/688378
688376,2016-10-29,39.1176,-84.5269,Cincinnati,Ohio,1920 Linn Street,1,0,false,false,false,false,false,false,https://www.gunviolencearchive.org/incident/688376
686068,2016-10-26,39.1881,-84.5727,Cincinnati,Ohio,5323 E Knoll Court,2,0,false,false,false,false,false,false,https://www.gunviolencearchive.org/incident/686068
687114,2016-10-26,39.1248,-84.4767,Cincinnati,Ohio,2500 Block of Moorman Ave,2,0,false,false,false,false,false,false,https://www.gunviolencearchive.org/incident/687114
683253,2016-10-24,39.107882473409326,-84.52781569223836,Cincinnati,Ohio,Linn St and Clark St,1,0,false,false,false,false,false,false,https://www.gunviolencearchive.org/incident/683253
683918,2016-10-24,39.1871,-84.5121,Cincinnati,Ohio,5300 Block of Holland Dr,1,0,false,false,false,false,false,false,https://www.gunviolencearchive.org/incident/683918
682017,2016-10-22,39.1181,-84.5913,Price Hill,Ohio,4700 block of Guerley Road,1,0,true,false,false,true,false,false,https://www.gunviolencearchive.org/incident/682017
679918,2016-10-19,39.1685,-84.6138,Cincinnati,Ohio,3500 block of Washington Avenue,1,0,false,false,false,false,false,false,https://www.gunviolencearchive.org/incident/679918
679056,2016-10-18,39.1783,-84.4407,Cincinnati,Ohio,Knight Avenue,1,0,false,false,false,false,false,false,https://www.gunviolencearchive.org/incident/679056
678344,2016-10-17,39.135,-84.4783,Evanston,Ohio,1500 block of Merrimac Street,1,0,false,false,false,false,true,false,https://www.gunviolencearchive.org/incident/678344
745762,2016-10-15,39.14124052941765,-84.49295898951026,Cincinnati,Ohio,3400 block of Reading Road,1,0,false,false,false,false,false,false,https://www.gunviolencearchive.org/incident/745762
674496,2016-10-12,39.1999,-84.5444,Cincinnati,Ohio,1500 block of Marlowe Street,0,1,false,false,false,false,false,false,https://www.gunviolencearchive.org/incident/674496
674056,2016-10-11,39.1429,-84.4767,Cincinnati,Ohio,Jonathan Ave,1,0,false,false,false,false,false,false,https://www.gunviolencearchive.org/incident/674056
673430,2016-10-10,39.10534052941765,-84.52075898951026,Cincinnati,Ohio,W Court St and Central Ave,2,0,false,false,false,false,false,false,https://www.gunviolencearchive.org/incident/673430
674192,2016-10-10,39.1407,-84.6083,Cincinnati,Ohio,3200 block of Werk Rd,0,1,false,false,false,false,false,false,https://www.gunviolencearchive.org/incident/674192
673153,2016-10-10,39.1351,-84.4683,Cincinnati,Ohio,Fairfax Ave,1,0,false,false,false,false,true,false,https://www.gunviolencearchive.org/incident/673153
672512,2016-10-08,39.2012,-84.5476,Cincinnati,Ohio,Hamilton and Ambrose,1,0,false,false,false,false,false,false,https://www.gunviolencearchive.org/incident/672512
672507,2016-10-08,39.1996,-84.3793,Silverton,Ohio,Montgomery Road,1,0,false,false,false,false,false,false,https://www.gunviolencearchive.org/incident/672507
671528,2016-10-07,39.1291,-84.531,Cincinnati,Ohio,McMicken Street,1,0,false,false,false,false,false,false,https://www.gunviolencearchive.org/incident/671528
669144,2016-10-03,39.1113,-84.5275,Cincinnati,Ohio,Derrick Turnbow Avenue and Linn Street,1,0,false,false,false,false,false,false,https://www.gunviolencearchive.org/incident/669144
667953,2016-10-02,39.1437,-84.3801,Cincinnati,Ohio,Pleasant Street,1,0,false,false,false,false,false,false,https://www.gunviolencearchive.org/incident/667953
668233,2016-10-02,39.1251,-84.5232,Cincinnati,Ohio,300 block of Warner Street,2,0,false,false,false,false,false,false,https://www.gunviolencearchive.org/incident/668233
668227,2016-10-01,39.11671547208421,-84.51689010890836,Cincinnati,Ohio,McMicken Avenue and Vine Street,1,0,false,false,false,false,false,false,https://www.gunviolencearchive.org/incident/668227
668224,2016-10-01,39.1461,-84.4899,Cincinnati,Ohio,800 block of Lexington Avenue,1,0,false,false,false,false,false,false,https://www.gunviolencearchive.org/incident/668224
666736,2016-09-30,39.1543,-84.6075,Cincinnati,Ohio,3600 block of Everett Ave,1,0,false,false,false,false,false,false,https://www.gunviolencearchive.org/incident/666736
668217,2016-09-30,39.129715472084214,-84.54409010890835,Cincinnati,Ohio,Beekman and Cummins,1,0,false,false,false,false,false,false,https://www.gunviolencearchive.org/incident/668217
668213,2016-09-30,39.134,-84.5471,Cincinnati,Ohio,2700 block of Beekman Street,1,0,false,false,false,false,false,false,https://www.gunviolencearchive.org/incident/668213
664511,2016-09-27,39.11964052941765,-84.53285898951025,Cincinnati,Ohio,Bank Street and Colerain,1,0,false,false,false,false,false,false,https://www.gunviolencearchive.org/incident/664511
665277,2016-09-27,39.1119,-84.58,Cincinnati,Ohio,3900 Vincent Ave,3,0,false,false,false,false,false,false,https://www.gunviolencearchive.org/incident/665277
663292,2016-09-26,39.126,-84.4908,Cincinnati,Ohio,McMillan Street and Melrose Avenue,2,0,false,false,false,false,false,false,https://www.gunviolencearchive.org/incident/663292
664492,2016-09-26,39.1118,-84.6122,Elmwood Place,Ohio,500 block of Maple Street,1,0,false,false,false,false,true,false,https://www.gunviolencearchive.org/incident/664492
663827,2016-09-26,39.1282,-84.5608,Cincinnati,Ohio,1900 block of Harrison Ave,1,0,false,false,false,false,false,false,https://www.gunviolencearchive.org/incident/663827
660986,2016-09-22,39.1442,-84.6129,Westwood,Ohio,3200 block of Glenmore Avenue,0,1,false,false,false,false,false,false,https://www.gunviolencearchive.org/incident/660986
659771,2016-09-21,39.1219,-84.5195,Cincinnati,Ohio,2191 Ohio Avenue,1,0,false,false,false,false,true,false,https://www.gunviolencearchive.org/incident/659771
657843,2016-09-18,39.2444,-84.4585,Lincoln Heights,Ohio,931 Adams Street,4,0,false,false,false,false,false,false,https://www.gunviolencearchive.org/incident/657843
687831,2016-09-16,39.13,-84.4921,Cincinnati,Ohio,Stanton Avenue,1,0,false,false,false,false,false,false,https://www.gunviolencearchive.org/incident/687831
652768,2016-09-11,39.1911,-84.5705,Cincinnati,Ohio,Colerain Ave and W North Bend Rd,1,0,false,false,false,false,false,false,https://www.gunviolencearchive.org/incident/652768
650369,2016-09-07,39.18988247340933,-84.51181569223836,Cincinnati,Ohio,600 block of Dutch Colony Drive,2,0,false,false,false,false,false,false,https://www.gunviolencearchive.org/incident/650369
661007,2016-09-07,39.1241,-84.5361,Cincinnati,Ohio,Western Hills Viaduct and I-75,1,0,false,false,false,false,false,true,https://www.gunviolencearchive.org/incident/661007
651949,2016-09-07,39.1374,-84.472,Evanston,Ohio,Hewitt Avenue and Fairfield Avenue,1,0,false,false,false,false,false,true,https://www.gunviolencearchive.org/incident/651949
650386,2016-09-06,39.11718247340933,-84.57981569223836,Cincinnati,Ohio,1800 block of Iliff Ave.,2,0,false,false,false,false,false,false,https://www.gunviolencearchive.org/incident/650386
647769,2016-09-04,39.1232,-84.5447,Cincinnati,Ohio,1400 block of Ernst Street,1,0,false,false,false,false,false,false,https://www.gunviolencearchive.org/incident/647769
647766,2016-09-04,39.0968,-84.5051,Cincinnati,Ohio,Broadway and Mehring Way,1,0,false,false,false,false,false,false,https://www.gunviolencearchive.org/incident/647766
647894,2016-09-04,39.1052,-84.5152,Cincinnati,Ohio,Baldwin and West 9th street,2,0,false,false,false,false,false,false,https://www.gunviolencearchive.org/incident/647894
647151,2016-09-02,39.1354,-84.52,Cincinnati,Ohio,2900 block of Clifton Avenue and Martin Luther King Drive,1,0,false,false,false,false,false,false,https://www.gunviolencearchive.org/incident/647151
646457,2016-09-02,39.1912,-84.5709,Cincinnati,Ohio,5500 block of Colerain Avenue,1,1,true,false,false,false,false,false,https://www.gunviolencearchive.org/incident/646457
642116,2016-08-29,39.1981,-84.5397,Cincinnati,Ohio,Cedar Ave and Kenneth Ave,1,0,false,false,false,false,false,false,https://www.gunviolencearchive.org/incident/642116
640554,2016-08-28,39.1614,-84.5325,Cincinnati,Ohio,1300 block of Knowlton St,0,1,false,false,false,false,false,false,https://www.gunviolencearchive.org/incident/640554
640269,2016-08-27,39.1793,-84.5115,Cincinnati,Ohio,200 block of Craft St,1,0,false,false,false,false,false,false,https://www.gunviolencearchive.org/incident/640269
640285,2016-08-26,39.18924052941765,-84.56685898951025,Cincinnati,Ohio,Bahama Terrace,1,0,false,false,false,false,false,false,https://www.gunviolencearchive.org/incident/640285
638759,2016-08-25,39.1398,-84.6097,Cincinnati,Ohio,3310 Queen City Avenue,2,0,false,false,false,false,false,false,https://www.gunviolencearchive.org/incident/638759
638058,2016-08-24,39.1113,-84.5154,Cincinnati,Ohio,1400 Vine Street,1,0,false,false,false,false,false,false,https://www.gunviolencearchive.org/incident/638058
636413,2016-08-22,39.2014,-84.4562,Sharonville,Ohio,11000 block of Reading Road,1,0,false,false,false,false,false,false,https://www.gunviolencearchive.org/incident/636413
635253,2016-08-21,39.1141,-84.5915,Cincinnati,Ohio,4600 block of Glenway Avenue,0,1,false,false,false,false,false,false,https://www.gunviolencearchive.org/incident/635253
635251,2016-08-21,39.1495,-84.461,Bond Hill,Ohio,1400 block of Regent Avenue,0,1,false,false,false,false,false,false,https://www.gunviolencearchive.org/incident/635251
631075,2016-08-16,39.1055,-84.587,Cincinnati,Ohio,4100 block of Flower Avenue,0,1,false,false,false,false,false,false,https://www.gunviolencearchive.org/incident/631075
628117,2016-08-10,39.1992,-84.4021,Cincinnati,Ohio,4300 block of Virginia Avenue,0,1,false,false,false,false,false,false,https://www.gunviolencearchive.org/incident/628117
623489,2016-08-07,39.1016,-84.5097,Cincinnati,Ohio,Fifth Street and Main Street,0,1,false,true,false,false,false,false,https://www.gunviolencearchive.org/incident/623489
621888,2016-08-04,39.2171,-84.5422,Finneytown,Ohio,900 block of W. Galbraith Road,1,0,false,false,false,false,false,false,https://www.gunviolencearchive.org/incident/621888
618500,2016-08-01,39.1014,-84.5769,Cincinnati,Ohio,4000 block of St Lawrence Avenue,0,1,false,false,false,false,false,false,https://www.gunviolencearchive.org/incident/618500
617673,2016-07-30,39.137740529417655,-84.54835898951025,Camp Washington,Ohio,3000 block of Beekman Street,1,0,false,false,false,false,false,true,https://www.gunviolencearchive.org/incident/617673
617257,2016-07-29,39.16,-84.6198,Cincinnati,Ohio,4150 Harrison Ave,0,1,false,false,false,false,false,false,https://www.gunviolencearchive.org/incident/617257
611520,2016-07-25,39.1971,-84.541,Cincinnati,Ohio,5797 St. Elmo Avenue,1,0,false,false,false,false,false,false,https://www.gunviolencearchive.org/incident/611520
610598,2016-07-24,39.125140529417656,-84.52325898951025,Cincinnati,Ohio,300 block of Warner Street,2,0,false,false,false,false,false,false,https://www.gunviolencearchive.org/incident/610598
610304,2016-07-23,39.1138,-84.5298,Cincinnati,Ohio,1600 block of Lockhurst Lane,0,1,false,false,false,false,false,false,https://www.gunviolencearchive.org/incident/610304
610310,2016-07-23,39.116882473409326,-84.51681569223837,Cincinnati,Ohio,McMicken Avenue and Vine Street,1,0,false,false,false,false,false,false,https://www.gunviolencearchive.org/incident/610310
610093,2016-07-23,39.1491,-84.5512,Cincinnati,Ohio,3400 block of Beekman St,2,2,false,false,true,false,false,false,https://www.gunviolencearchive.org/incident/610093
610307,2016-07-23,39.14644052941765,-84.48965898951025,Cincinnati,Ohio,800 block of Lexington Ave,1,0,false,false,false,false,false,false,https://www.gunviolencearchive.org/incident/610307
609839,2016-07-22,39.1073,-84.5145,Cincinnati,Ohio,Vine Street and Central Parkway,1,0,false,false,false,false,false,false,https://www.gunviolencearchive.org/incident/609839
610295,2016-07-22,39.12988247340933,-84.54401569223836,Cincinnati,Ohio,Beekman and Cummins,2,0,false,false,false,false,false,false,https://www.gunviolencearchive.org/incident/610295
610087,2016-07-22,39.1295,-84.5449,Cincinnati,Ohio,2500 block of Liddell Street,2,0,false,false,false,false,false,false,https://www.gunviolencearchive.org/incident/610087
607661,2016-07-19,39.1768,-84.4707,Cincinnati,Ohio,1600 block of Rose Place,1,0,false,false,false,false,false,false,https://www.gunviolencearchive.org/incident/607661
606224,2016-07-18,39.1261,-84.5527,Cincinnati,Ohio,1685 Queen City Ave,1,0,false,false,false,false,false,false,https://www.gunviolencearchive.org/incident/606224
604450,2016-07-16,39.1263,-84.5531,Cincinnati,Ohio,1700 block of Queen City Avenue,1,0,false,false,false,false,true,false,https://www.gunviolencearchive.org/incident/604450
604190,2016-07-16,39.1636,-84.3893,Cincinnati,Ohio,6200 block of Chandler St,0,1,true,false,false,true,false,false,https://www.gunviolencearchive.org/incident/604190
604492,2016-07-15,39.1255,-84.4845,Cincinnati,Ohio,2500 block of Victory Parkway.,1,0,false,false,false,false,false,false,https://www.gunviolencearchive.org/incident/604492
603945,2016-07-15,39.1987,-84.5656,Cincinnati,Ohio,2300 block of West North Bend Road,1,1,false,false,false,false,false,false,https://www.gunviolencearchive.org/incident/603945
602865,2016-07-14,39.1413,-84.6183,Cincinnati,Ohio,3500 block of Werk Road,1,0,false,false,false,false,false,false,https://www.gunviolencearchive.org/incident/602865
602468,2016-07-13,39.1637,-84.3924,Cincinnati,Ohio,5300 block of Whetsel Avenue,2,0,true,false,false,false,false,true,https://www.gunviolencearchive.org/incident/602468
599076,2016-07-09,39.176,-84.4668,Cincinnati,Ohio,California Ave and Reading Rd,1,0,false,false,false,false,false,false,https://www.gunviolencearchive.org/incident/599076
595883,2016-07-05,39.1105,-84.5162,Cincinnati,Ohio,14th and Republic,1,0,false,false,false,false,false,false,https://www.gunviolencearchive.org/incident/595883
595889,2016-07-05,39.1799,-84.4146,Cincinnati,Ohio,Kennedy Avenue and Woodford Road,1,0,false,false,false,false,false,false,https://www.gunviolencearchive.org/incident/595889
591862,2016-06-30,39.1459,-84.5832,Cincinnati,Ohio,3175 Ferncrest Court,0,1,false,false,false,false,false,false,https://www.gunviolencearchive.org/incident/591862
590591,2016-06-28,39.1917,-84.5139,Cincinnati,Ohio,5600 block of Winneste Avenue,0,1,false,false,false,false,false,false,https://www.gunviolencearchive.org/incident/590591
590600,2016-06-28,39.1017,-84.5518,Cincinnati,Ohio,Elberon Avenue and Warsaw,1,0,false,false,false,false,false,true,https://www.gunviolencearchive.org/incident/590600
590699,2016-06-27,39.1544,-84.6047,Cincinnati,Ohio,Higbee Street,1,0,false,false,false,false,false,true,https://www.gunviolencearchive.org/incident/590699
588865,2016-06-26,39.2383,-84.5779,Cincinnati,Ohio,2856 Compton Road,1,0,false,false,false,false,false,false,https://www.gunviolencearchive.org/incident/588865
587941,2016-06-25,39.14131547208421,-84.55199010890836,Cincinnati,Ohio,1900 block of Westwood Northern Blvd,2,0,false,false,false,false,false,false,https://www.gunviolencearchive.org/incident/587941
587588,2016-06-24,39.11561547208421,-84.51659010890835,Cincinnati,Ohio,Vine and Elder,2,0,false,false,false,false,false,false,https://www.gunviolencearchive.org/incident/587588
582341,2016-06-16,39.15254052941766,-84.58525898951025,Cincinnati,Ohio,Montana Avenue,1,1,false,false,false,false,false,false,https://www.gunviolencearchive.org/incident/582341
583042,2016-06-16,39.1621,-84.6057,Cincinnati,Ohio,Camvic Terrace,1,0,false,false,false,false,false,false,https://www.gunviolencearchive.org/incident/583042
580670,2016-06-14,39.2692,-84.3272,Cincinnati,Ohio,8713 Harper Point Dr,1,0,false,false,false,false,true,false,https://www.gunviolencearchive.org/incident/580670
579861,2016-06-13,39.1137,-84.5502,Cincinnati,Ohio,State Avenue,2,0,false,false,false,false,false,false,https://www.gunviolencearchive.org/incident/579861
578460,2016-06-10,39.189,-84.468,Cincinnati,Ohio,7000 block of Glen Meadow Drive,1,0,false,false,false,false,false,false,https://www.gunviolencearchive.org/incident/578460
576871,2016-06-10,39.2863,-84.5315,Cincinnati,Ohio,Kary Ln and Karahill Dr,1,0,false,false,false,false,false,false,https://www.gunviolencearchive.org/incident/576871
575076,2016-06-08,39.13764052941765,-84.53005898951025,Cincinnati,Ohio,700 block of Riddle Road,3,0,false,false,false,false,false,false,https://www.gunviolencearchive.org/incident/575076
573367,2016-06-06,39.1214,-84.5309,Cincinnati,Ohio,Central and Freeman,1,0,false,false,false,false,false,false,https://www.gunviolencearchive.org/incident/573367
573360,2016-06-06,39.1279,-84.5474,Cincinnati,Ohio,1600 block of Waverly Avenue,0,1,false,false,false,false,false,false,https://www.gunviolencearchive.org/incident/573360
572564,2016-06-05,39.17574052941765,-84.50925898951026,Cincinnati,Ohio,Kings Run Drive and Este Avenue,1,0,false,false,false,false,false,false,https://www.gunviolencearchive.org/incident/572564
571804,2016-06-03,39.1217,-84.6064,Cincinnati,Ohio,1400 block of Covedale Ave,1,1,false,false,false,false,false,false,https://www.gunviolencearchive.org/incident/571804
571617,2016-06-03,39.20144052941765,-84.52095898951025,Cincinnati,Ohio,W North Bend Rd and Winton Rd,1,0,false,false,false,false,false,false,https://www.gunviolencearchive.org/incident/571617
567768,2016-05-29,39.1902,-84.515,Cincinnati,Ohio,700 block of Dutch Colony Drive,1,0,false,false,false,false,false,false,https://www.gunviolencearchive.org/incident/567768
569320,2016-05-28,39.1481,-84.4902,Cincinnati,Ohio,700 block of Glenwood Ave,0,1,false,false,false,false,true,false,https://www.gunviolencearchive.org/incident/569320
567354,2016-05-26,39.10734193055015,-84.56575087184657,Cincinnati,Ohio,900 block of Elberon Avenue,2,0,false,false,false,false,false,false,https://www.gunviolencearchive.org/incident/567354
566417,2016-05-26,39.242,-84.5454,Mount Healthy,Ohio,8200 block of Hamilton Avenue,1,0,false,false,false,false,false,false,https://www.gunviolencearchive.org/incident/566417
590623,2016-05-26,39.11104052941765,-84.51545898951025,Cincinnati,Ohio,Vine and 14th,1,0,false,false,false,false,false,false,https://www.gunviolencearchive.org/incident/590623
565675,2016-05-25,39.1607,-84.3956,Cincinnati,Ohio,5717 Madison Road,0,1,false,true,false,false,false,false,https://www.gunviolencearchive.org/incident/565675
566406,2016-05-25,39.110140529417656,-84.51035898951025,Cincinnati,Ohio,300 block of E 13th St,0,1,false,false,false,false,false,false,https://www.gunviolencearchive.org/incident/566406
562692,2016-05-20,39.11924052941765,-84.52335898951026,Cincinnati,Ohio,700 block of Stark Street,1,0,false,false,false,false,false,false,https://www.gunviolencearchive.org/incident/562692
562819,2016-05-18,39.1417,-84.5828,Cincinnati,Ohio,2500 block of Harrison Avenue,2,0,false,false,false,false,false,false,https://www.gunviolencearchive.org/incident/562819
562704,2016-05-18,39.1046,-84.5138,Cincinnati,Ohio,Vine Street and Garfield Place,1,0,false,false,false,false,false,false,https://www.gunviolencearchive.org/incident/562704
561080,2016-05-17,39.234,-84.6339,Cincinnati,Ohio,1700 block of Blue Rock Road,1,0,false,false,false,false,false,false,https://www.gunviolencearchive.org/incident/561080
561675,2016-05-16,39.2018,-84.5476,Cincinnati,Ohio,6100 block of Hamilton Avenue,0,2,false,false,false,false,true,false,https://www.gunviolencearchive.org/incident/561675
560585,2016-05-16,39.2891,-84.5732,Cincinnati,Ohio,2800 block of Overdale Dr,0,1,false,false,false,false,false,false,https://www.gunviolencearchive.org/incident/560585
560709,2016-05-16,39.1411,-84.4929,Cincinnati,Ohio,Blair Avenue and Reading Road,0,1,false,false,false,false,false,false,https://www.gunviolencearchive.org/incident/560709
554925,2016-05-07,39.14444052941765,-84.56225898951025,Cincinnati,Ohio,Baltimore Ave,1,0,false,false,false,false,false,true,https://www.gunviolencearchive.org/incident/554925
554712,2016-05-07,39.1458,-84.4939,Cincinnati,Ohio,Forest Ave and Van Antwerp Pl,1,0,false,false,false,false,false,false,https://www.gunviolencearchive.org/incident/554712
554718,2016-05-06,39.2097,-84.5576,North College Hill,Ohio,6500 block of Betts Ave,1,0,false,false,false,false,false,false,https://www.gunviolencearchive.org/incident/554718
554205,2016-05-04,39.2745,-84.3218,Cincinnati,Ohio,8700 block of Redcloud Ct,0,1,false,false,false,false,false,false,https://www.gunviolencearchive.org/incident/554205
551786,2016-05-02,39.1888,-84.5145,Cincinnati,Ohio,5400 block of Winneste Avenue,0,1,false,false,false,false,false,false,https://www.gunviolencearchive.org/incident/551786
550666,2016-04-30,39.17614052941765,-84.47075898951024,Cincinnati,Ohio,1600 block of California Avenue,0,1,false,false,false,false,false,false,https://www.gunviolencearchive.org/incident/550666
550537,2016-04-29,39.128540529417656,-84.53215898951025,Cincinnati,Ohio,Halstead Street,1,0,false,false,false,false,false,false,https://www.gunviolencearchive.org/incident/550537
550651,2016-04-28,39.1945,-84.4794,Cincinnati,Ohio,7100 block of Vine Street,1,0,false,false,false,false,false,false,https://www.gunviolencearchive.org/incident/550651
548684,2016-04-25,39.138140529417655,-84.55415898951026,Cincinnati,Ohio,1900 block of Knob Court,1,0,false,false,false,false,false,false,https://www.gunviolencearchive.org/incident/548684
548149,2016-04-25,39.2156,-84.6078,Cincinnati,Ohio,3900 block of Appletree Ct,0,1,false,false,false,false,true,false,https://www.gunviolencearchive.org/incident/548149
547302,2016-04-25,39.1869,-84.5123,Cincinnati,Ohio,Holland Drive,1,0,false,false,false,false,false,false,https://www.gunviolencearchive.org/incident/547302
548691,2016-04-24,39.106040529417655,-84.57105898951025,Cincinnati,Ohio,McPherson Avenue and West Eighth,1,0,false,false,false,false,false,false,https://www.gunviolencearchive.org/incident/548691
544503,2016-04-19,39.14848247340933,-84.55121569223836,Cincinnati,Ohio,Millvale Circle and Beekman Street,0,1,false,false,false,false,false,true,https://www.gunviolencearchive.org/incident/544503
541800,2016-04-16,39.113140529417656,-84.51585898951025,Cincinnati,Ohio,1600 block of Vine St,0,1,false,false,false,false,false,false,https://www.gunviolencearchive.org/incident/541800
542017,2016-04-16,39.1771,-84.4665,Cincinnati,Ohio,5000 block of Reading Road,1,1,false,false,false,false,false,false,https://www.gunviolencearchive.org/incident/542017
539472,2016-04-12,39.20488247340933,-84.45761569223836,Cincinnati,Ohio,Crest Hill Ave,0,1,false,false,false,false,false,false,https://www.gunviolencearchive.org/incident/539472
535875,2016-04-06,39.14494052941765,-84.49785898951025,Cincinnati,Ohio,Rockdale Ave and Harvey Ave,1,0,false,false,false,false,false,false,https://www.gunviolencearchive.org/incident/535875
535103,2016-04-05,39.2755,-84.5545,Cincinnati,Ohio,2000 block of Mistyhill Drive,0,2,false,false,false,false,false,false,https://www.gunviolencearchive.org/incident/535103
533478,2016-04-02,39.1421,-84.4946,Avondale,Ohio,615 Maple Ave.,1,0,false,false,false,false,false,false,https://www.gunviolencearchive.org/incident/533478
533254,2016-04-01,39.1429,-84.5506,Cincinnati,Ohio,Beekman Street,0,1,false,false,false,false,false,false,https://www.gunviolencearchive.org/incident/533254
533040,2016-04-01,39.14334052941766,-84.49155898951025,Avondale,Ohio,800 block of Windham Avenue,1,0,false,false,false,false,false,false,https://www.gunviolencearchive.org/incident/533040
531904,2016-03-31,39.18,-84.5442,Cincinnati,Ohio,4800 block of Hamilton Avenue,1,0,false,false,false,false,false,false,https://www.gunviolencearchive.org/incident/531904
530965,2016-03-29,39.2703,-84.4403,Cincinnati,Ohio,I-75 and E Sharon Rd,1,0,false,true,false,false,false,false,https://www.gunviolencearchive.org/incident/530965
530973,2016-03-28,39.1033,-84.5528,Cincinnati,Ohio,700 block of Neave Street,0,1,false,false,false,false,false,false,https://www.gunviolencearchive.org/incident/530973
529338,2016-03-27,39.1346,-84.5979,Westwood,Ohio,2900 block of Queen City Avenue,3,0,false,false,false,false,false,false,https://www.gunviolencearchive.org/incident/529338
528884,2016-03-24,39.107140529417656,-84.56455898951025,Cincinnati,Ohio,Price Avenue,1,0,false,false,false,false,false,false,https://www.gunviolencearchive.org/incident/528884
527753,2016-03-24,39.1841,-84.4107,Cincinnati,Ohio,6200 block of Coleridge Avenue,1,0,false,false,false,false,false,false,https://www.gunviolencearchive.org/incident/527753
528893,2016-03-23,39.179,-84.5112,Cincinnati,Ohio,163 Craft Street,1,0,false,false,false,false,false,false,https://www.gunviolencearchive.org/incident/528893
527181,2016-03-22,39.1092,-84.5167,Cincinnati,Ohio,13th and Race,1,0,false,false,false,false,false,false,https://www.gunviolencearchive.org/incident/527181
528133,2016-03-22,39.1065,-84.5156,Cincinnati,Ohio,Race Street and Baldwin Alley,1,0,false,false,false,false,false,false,https://www.gunviolencearchive.org/incident/528133
524815,2016-03-18,39.1278,-84.5177,Cincinnati,Ohio,170 W. McMillan St.,1,0,false,false,false,false,false,false,https://www.gunviolencearchive.org/incident/524815
521723,2016-03-13,39.1419,-84.5002,Avondale,Ohio,3400 block of Burnet Avenue,0,1,false,false,false,false,false,false,https://www.gunviolencearchive.org/incident/521723
520883,2016-03-09,39.113015472084214,-84.51579010890835,Cincinnati,Ohio,1600 block of Vine St,0,1,false,false,false,false,false,false,https://www.gunviolencearchive.org/incident/520883
519140,2016-03-09,39.1082,-84.5656,Cincinnati,Ohio,Elberon and Osage,0,1,false,false,false,false,false,false,https://www.gunviolencearchive.org/incident/519140
518528,2016-03-08,39.11474052941765,-84.51465898951025,Cincinnati,Ohio,McMicken and Lang Street,1,0,false,false,false,false,false,false,https://www.gunviolencearchive.org/incident/518528
518526,2016-03-08,39.10744052941765,-84.56875898951026,Cincinnati,Ohio,Fairbanks and Price,1,0,false,false,false,false,false,false,https://www.gunviolencearchive.org/incident/518526
519209,2016-03-08,39.1879,-84.4103,Cincinnati,Ohio,3700 block of Odin Avenue,1,0,false,false,false,false,false,false,https://www.gunviolencearchive.org/incident/519209
517235,2016-03-06,39.1049,-84.5892,Cincinnati,Ohio,597 Trenton Avenue,1,0,false,false,false,false,false,false,https://www.gunviolencearchive.org/incident/517235
516897,2016-03-05,39.1112,-84.5266,Cincinnati,Ohio,700 block of Derrick Turnbow Avenue,0,1,false,false,false,false,false,false,https://www.gunviolencearchive.org/incident/516897
517228,2016-03-05,39.14774193055015,-84.48905087184657,Cincinnati,Ohio,Glenwood Avenue and Reading Road,1,0,false,false,false,false,false,false,https://www.gunviolencearchive.org/incident/517228
516972,2016-03-04,39.1582,-84.5538,Cincinnati,Ohio,3938 Cass Ave.,1,0,false,false,false,false,false,false,https://www.gunviolencearchive.org/incident/516972
515124,2016-03-01,39.1259,-84.5781,Cincinnati,Ohio,1870 Sunset Ave,1,0,false,false,false,false,false,false,https://www.gunviolencearchive.org/incident/515124
514528,2016-02-29,39.20081547208421,-84.46169010890834,Cincinnati,Ohio,1600 block of Summit Road,1,0,false,false,false,false,false,false,https://www.gunviolencearchive.org/incident/514528
514525,2016-02-29,39.1188,-84.4919,Cincinnati,Ohio,Fulton Avenue,1,0,false,false,false,false,false,false,https://www.gunviolencearchive.org/incident/514525
513110,2016-02-28,39.14051547208421,-84.49809010890834,Avondale,Ohio,500 block of Hale Avenue,1,0,false,false,false,false,false,false,https://www.gunviolencearchive.org/incident/513110
512869,2016-02-27,39.1937,-84.5681,Cincinnati,Ohio,5500 block of Kirby Avenue,1,0,false,false,false,false,false,false,https://www.gunviolencearchive.org/incident/512869
515115,2016-02-27,39.1463,-84.5724,Cincinnati,Ohio,2307 Westwood Northern Blvd.,0,1,false,false,false,false,false,false,https://www.gunviolencearchive.org/incident/515115
511604,2016-02-24,39.1886,-84.414,Cincinnati,Ohio,6600 block of Montgomery Rd,1,0,false,false,false,false,false,true,https://www.gunviolencearchive.org/incident/511604
509000,2016-02-21,39.12844052941765,-84.49935898951026,Cincinnati,Ohio,2650 Reading Rd,1,0,false,false,false,false,false,false,https://www.gunviolencearchive.org/incident/509000
508902,2016-02-21,39.14144052941765,-84.58255898951025,Westwood,Ohio,3000 block of Bracken Wood Lane,1,0,false,false,false,false,false,false,https://www.gunviolencearchive.org/incident/508902
507890,2016-02-19,39.1048,-84.5286,Cincinnati,Ohio,800 block of Linn Street,1,0,false,false,false,false,false,false,https://www.gunviolencearchive.org/incident/507890
507863,2016-02-19,39.14461547208421,-84.48979010890835,Cincinnati,Ohio,3500 block of Reading Rd,1,0,false,false,false,false,false,true,https://www.gunviolencearchive.org/incident/507863
506690,2016-02-17,39.1555,-84.6045,Cheviot,Ohio,3300 block of Harrison Avenue,0,1,false,true,false,false,false,false,https://www.gunviolencearchive.org/incident/506690
506349,2016-02-16,39.2289,-84.4627,Lockland,Ohio,Locust St and Maple St,0,1,false,false,false,false,false,false,https://www.gunviolencearchive.org/incident/506349
505667,2016-02-15,39.1483,-84.5513,Westwood,Ohio,1900 block of Millvale Court,1,0,false,false,false,false,false,false,https://www.gunviolencearchive.org/incident/505667
504648,2016-02-13,39.1342,-84.6125,Cincinnati,Ohio,3262 Tulsa Court,0,1,false,false,false,true,false,false,https://www.gunviolencearchive.org/incident/504648
501208,2016-02-07,39.2665,-84.3671,Blue Ash,Ohio,11100 block of Oak Avenue,2,0,false,false,false,false,false,false,https://www.gunviolencearchive.org/incident/501208
497569,2016-02-01,39.1929,-84.5682,Cincinnati,Ohio,2500 block of Northbend Road,1,0,false,false,false,false,false,true,https://www.gunviolencearchive.org/incident/497569
497560,2016-02-01,39.1925,-84.574,Cincinnati,Ohio,2600 block of Hillvista Lane,1,0,false,false,false,false,false,false,https://www.gunviolencearchive.org/incident/497560
497786,2016-01-31,39.2062,-84.4587,Cincinnati,Ohio,7830 block of Glen Orchard Drive,1,0,false,false,false,false,false,false,https://www.gunviolencearchive.org/incident/497786
496993,2016-01-31,39.2168,-84.546,North College Hill,Ohio,1500 block of Goodman Ave,2,0,false,false,false,false,false,false,https://www.gunviolencearchive.org/incident/496993
495615,2016-01-29,39.17764052941765,-84.50995898951025,Cincinnati,Ohio,50 Kings Run Court,1,0,false,false,false,false,false,false,https://www.gunviolencearchive.org/incident/495615
495504,2016-01-29,39.1746,-84.4759,Cincinnati,Ohio,Franklin Avenue and Oakdale Avenue,0,1,false,false,false,false,false,false,https://www.gunviolencearchive.org/incident/495504
493912,2016-01-27,39.1548,-84.5827,Cincinnati,Ohio,2621 Montana Avenue,0,1,false,false,false,false,false,false,https://www.gunviolencearchive.org/incident/493912
491958,2016-01-24,39.1788,-84.5124,Cincinnati,Ohio,Kings Run Drive,2,0,false,false,false,false,false,false,https://www.gunviolencearchive.org/incident/491958
491953,2016-01-24,39.2221,-84.5791,Cincinnati,Ohio,200 block of Lyness Avenue,0,1,false,false,false,false,false,false,https://www.gunviolencearchive.org/incident/491953
490541,2016-01-22,39.17934052941765,-84.51155898951025,Cincinnati,Ohio,200 block of Craft Street,0,1,false,false,false,false,false,false,https://www.gunviolencearchive.org/incident/490541
488341,2016-01-19,39.11241547208421,-84.52749010890835,Cincinnati,Ohio,Wade and Linn,1,0,false,false,false,false,false,true,https://www.gunviolencearchive.org/incident/488341
488457,2016-01-18,39.1256,-84.4845,Cincinnati,Ohio,2500 block of Victory Parkway,1,0,false,false,false,false,false,false,https://www.gunviolencearchive.org/incident/488457
486949,2016-01-16,39.143540529417656,-84.58435898951025,Westwood,Ohio,3100 block of Bracken Woods Lane,0,1,false,false,false,false,false,false,https://www.gunviolencearchive.org/incident/486949
486197,2016-01-15,39.149540529417656,-84.49875898951025,Cincinnati,Ohio,Alaska Avenue,0,1,false,false,false,false,false,false,https://www.gunviolencearchive.org/incident/486197
485433,2016-01-14,39.17291547208421,-84.46759010890835,Cincinnati,Ohio,4800 block of Reading Road,0,1,false,false,false,false,false,true,https://www.gunviolencearchive.org/incident/485433
483589,2016-01-12,39.113540529417655,-84.56605898951025,Cincinnati,Ohio,1200 block of Blanchard Avenue,0,1,false,false,false,true,false,false,https://www.gunviolencearchive.org/incident/483589
484099,2016-01-12,39.11472814900463,-84.52719277450228,Cincinnati,Ohio,800 block of Poplar Street,3,0,false,false,false,true,false,false,https://www.gunviolencearchive.org/incident/484099
483625,2016-01-11,39.1183,-84.5853,Cincinnati,Ohio,Sunset Ave and Rapid Run Rd,0,1,false,true,false,false,false,false,https://www.gunviolencearchive.org/incident/483625
482462,2016-01-10,39.2312,-84.537,Mount Healthy,Ohio,1363 Compton Road,0,2,false,false,false,false,false,false,https://www.gunviolencearchive.org/incident/482462
479072,2016-01-05,39.2183,-84.5589,North College Hill,Ohio,1949 West Galbraith Road,0,1,false,false,false,false,false,false,https://www.gunviolencearchive.org/incident/479072
478145,2016-01-04,39.2497,-84.5775,Cincinnati,Ohio,9800 block of Dunraven Dr,1,0,false,false,false,false,false,false,https://www.gunviolencearchive.org/incident/478145
477220,2016-01-02,39.2013,-84.4603,Cincinnati,Ohio,1600 block of Miramar Court,1,0,false,false,false,false,false,false,https://www.gunviolencearchive.org/incident/477220
475679,2015-12-30,39.1837,-84.4241,Cincinnati,Ohio,6230 Montgomery Rd,1,0,false,false,false,false,false,false,https://www.gunviolencearchive.org/incident/475679
474161,2015-12-27,39.1262,-84.5489,Cincinnati,Ohio,Harrison and Queen City,1,0,false,false,false,false,false,false,https://www.gunviolencearchive.org/incident/474161
471023,2015-12-23,39.1083,-84.4276,Cincinnati,Ohio,4200 block of Eastern Avenue,2,0,false,false,false,false,false,false,https://www.gunviolencearchive.org/incident/471023
471856,2015-12-22,39.1567,-84.6124,Cincinnati,Ohio,Harrison Ave,1,0,false,false,false,false,false,false,https://www.gunviolencearchive.org/incident/471856
469148,2015-12-20,39.1505,-84.5058,Cincinnati,Ohio,200 block of Baxter Avenue,1,0,false,false,false,false,true,false,https://www.gunviolencearchive.org/incident/469148
469050,2015-12-20,39.10591547208421,-84.57099010890835,Cincinnati,Ohio,McPherson and West 8th,1,0,false,false,false,false,false,false,https://www.gunviolencearchive.org/incident/469050
469031,2015-12-20,39.1226,-84.4964,Cincinnati,Ohio,2300 block of Boone Street,2,0,false,false,false,false,false,false,https://www.gunviolencearchive.org/incident/469031
469043,2015-12-19,39.1017,-84.5844,Cincinnati,Ohio,4000 block of Mardon Place,1,0,false,false,false,false,false,false,https://www.gunviolencearchive.org/incident/469043
468624,2015-12-19,39.1121,-84.5877,Cincinnati,Ohio,1133 Rutledge Ave,1,0,false,false,false,false,false,false,https://www.gunviolencearchive.org/incident/468624
467113,2015-12-17,39.12334052941765,-84.50105898951026,Cincinnati,Ohio,2330 Reading Rd,1,0,false,false,false,false,false,false,https://www.gunviolencearchive.org/incident/467113
471018,2015-12-13,39.1829,-84.4251,Cincinnati,Ohio,6200 block of Montgomery Road,1,0,false,false,false,false,false,false,https://www.gunviolencearchive.org/incident/471018
463712,2015-12-11,39.1335,-84.4898,Cincinnati,Ohio,Beecher St,2,0,false,false,false,false,false,true,https://www.gunviolencearchive.org/incident/463712
463720,2015-12-11,39.2379,-84.46,Cincinnati,Ohio,9568 Wayne Ave,0,1,false,false,false,false,false,false,https://www.gunviolencearchive.org/incident/463720
463731,2015-12-10,39.1433,-84.4792,Cincinnati,Ohio,1500 block of Jonathan Ave,0,1,false,false,false,false,false,false,https://www.gunviolencearchive.org/incident/463731
461128,2015-12-08,39.107015472084214,-84.56449010890834,Cincinnati,Ohio,900 block of Purcell Avenue,1,1,false,false,false,false,false,false,https://www.gunviolencearchive.org/incident/461128
461476,2015-12-08,39.149740529417656,-84.56155898951025,Cincinnati,Ohio,2300 block of Baltimore Ave,3,1,false,false,true,false,false,false,https://www.gunviolencearchive.org/incident/461476
462345,2015-12-06,39.103,-84.5114,Cincinnati,Ohio,600 block of Walnut Street,1,0,false,false,false,false,false,false,https://www.gunviolencearchive.org/incident/462345
460137,2015-12-06,39.1066,-84.557,Cincinnati,Ohio,2600 block of Price Avenue,1,0,false,false,false,true,false,false,https://www.gunviolencearchive.org/incident/460137
460127,2015-12-05,39.1373,-84.5418,Cincinnati,Ohio,3100 block of Spring Grove Ave,1,0,false,false,false,false,false,false,https://www.gunviolencearchive.org/incident/460127
459828,2015-12-04,39.1817,-84.4219,Cincinnati,Ohio,6100 block of Grand Vista Avenue,1,0,false,false,false,false,true,false,https://www.gunviolencearchive.org/incident/459828
458761,2015-12-03,39.17907909816595,-84.51145755415766,Cincinnati,Ohio,Craft Street,1,0,false,false,false,false,false,false,https://www.gunviolencearchive.org/incident/458761
457488,2015-12-01,39.1613,-84.4653,Cincinnati,Ohio,1764 Sherman Ave,1,0,false,false,false,false,false,false,https://www.gunviolencearchive.org/incident/457488
456665,2015-11-28,39.1262,-84.4905,Cincinnati,Ohio,2501 Gilbert Ave,1,0,false,false,false,false,false,false,https://www.gunviolencearchive.org/incident/456665
455382,2015-11-27,39.1878,-84.4614,Cincinnati,Ohio,1900 Seymour Ave,1,0,false,false,false,false,false,false,https://www.gunviolencearchive.org/incident/455382
451109,2015-11-21,39.2296,-84.5367,Cincinnati,Ohio,Clovernook Ave,1,0,false,false,false,false,false,false,https://www.gunviolencearchive.org/incident/451109
451114,2015-11-20,39.1101,-84.5669,Cincinnati,Ohio,3431 Warsaw Avenue,1,0,false,false,false,false,false,false,https://www.gunviolencearchive.org/incident/451114
450554,2015-11-18,39.1215,-84.5263,Cincinnati,Ohio,W. McMicken Avenue,1,0,false,false,false,false,false,false,https://www.gunviolencearchive.org/incident/450554
448124,2015-11-16,39.1316,-84.5928,Cincinnati,Ohio,2700 block of E Tower Dr,1,0,false,false,false,false,false,false,https://www.gunviolencearchive.org/incident/448124
448140,2015-11-15,39.1206,-84.5764,Cincinnati,Ohio,1500 block of Beech Avenue,1,0,false,false,false,false,false,false,https://www.gunviolencearchive.org/incident/448140
447627,2015-11-15,39.1307,-84.6118,Cincinnati,Ohio,5056 Glencrossing Way,0,1,false,false,false,false,false,false,https://www.gunviolencearchive.org/incident/447627
446847,2015-11-12,39.1089,-84.5977,Cincinnati,Ohio,West 8th Street and Greenwich Avenue,1,0,false,true,false,false,false,false,https://www.gunviolencearchive.org/incident/446847
446436,2015-11-11,39.20108247340933,-84.57801569223837,Cincinnati,Ohio,Shadymist Lane and Kipling Ave,2,0,false,false,false,false,false,false,https://www.gunviolencearchive.org/incident/446436
446054,2015-11-09,39.19454052941765,-84.47945898951025,Cincinnati,Ohio,7100 block of Vine Street,1,0,false,false,false,false,false,false,https://www.gunviolencearchive.org/incident/446054
444539,2015-11-09,39.13961547208421,-84.57909010890835,Cincinnati,Ohio,2400 Harrison Ave,3,0,false,false,false,false,false,false,https://www.gunviolencearchive.org/incident/444539
443665,2015-11-07,39.1923,-84.5669,Cincinnati,Ohio,5469 Kirby Ave,0,1,false,false,false,false,false,false,https://www.gunviolencearchive.org/incident/443665
443786,2015-11-06,39.1906,-84.564,Cincinnati,Ohio,5400 block of Kirby Ave,0,1,false,false,false,false,false,false,https://www.gunviolencearchive.org/incident/443786
442550,2015-11-05,39.1794,-84.4386,Cincinnati,Ohio,2700 block Silverleaf Avenue,0,1,false,false,false,false,false,false,https://www.gunviolencearchive.org/incident/442550
442560,2015-11-04,39.1401,-84.5381,Cincinnati,Ohio,3100 block of Colerain Ave,0,1,false,false,false,false,false,false,https://www.gunviolencearchive.org/incident/442560
441512,2015-11-03,39.168,-84.458,Cincinnati,Ohio,5100 block of Rolston Ave,2,0,false,false,false,false,false,false,https://www.gunviolencearchive.org/incident/441512
441227,2015-11-02,39.2463,-84.5819,Cincinnati,Ohio,3100 block of Niagara St,1,0,false,false,false,false,false,false,https://www.gunviolencearchive.org/incident/441227
441232,2015-11-01,39.1576,-84.554,Cincinnati,Ohio,3900 block of Cass Ave,1,0,false,false,false,false,false,false,https://www.gunviolencearchive.org/incident/441232
439500,2015-10-30,39.1439,-84.503,Cincinnati,Ohio,Northern Ave and Wilson Ave,2,0,false,false,false,false,false,true,https://www.gunviolencearchive.org/incident/439500
438415,2015-10-28,39.09091547208421,-84.57159010890835,Cincinnati,Ohio,200 block of Fairbanks Avenue,1,0,false,false,false,false,false,false,https://www.gunviolencearchive.org/incident/438415
438400,2015-10-28,39.1091,-84.5219,Cincinnati,Ohio,420 Ezzard Charles Dr,1,0,false,false,false,false,false,false,https://www.gunviolencearchive.org/incident/438400
438387,2015-10-28,39.11384052941765,-84.52985898951025,Cincinnati,Ohio,1600 block of Lockhurst Lane,0,2,false,false,false,false,false,false,https://www.gunviolencearchive.org/incident/438387
437842,2015-10-26,39.1033,-84.5538,Cincinnati,Ohio,State Ave and Storrs St,2,0,false,false,false,false,false,false,https://www.gunviolencearchive.org/incident/437842
437052,2015-10-26,39.18944052941765,-84.45655898951026,Cincinnati,Ohio,7100 block of Eastlawn Dr,0,1,false,false,false,false,false,false,https://www.gunviolencearchive.org/incident/437052
434930,2015-10-22,39.199,-84.5395,Cincinnati,Ohio,5900 block of Kenneth Ave,0,1,false,false,false,false,false,false,https://www.gunviolencearchive.org/incident/434930
434280,2015-10-21,39.112815472084215,-84.51499010890835,Cincinnati,Ohio,30 E. Liberty St,1,0,false,false,false,false,false,false,https://www.gunviolencearchive.org/incident/434280
434238,2015-10-21,39.2122,-84.596,Cincinnati,Ohio,3455 Banning Rd,1,2,false,false,false,false,true,false,https://www.gunviolencearchive.org/incident/434238
434277,2015-10-20,39.2048,-84.3934,Cincinnati,Ohio,Blue Ash Rd and Matson Ave,0,1,false,false,false,false,false,false,https://www.gunviolencearchive.org/incident/434277
432579,2015-10-18,39.198,-84.4662,Springfield,Ohio,7400 Ross Avenue,0,1,false,false,false,false,false,false,https://www.gunviolencearchive.org/incident/432579
432576,2015-10-18,39.1225,-84.4923,Cincinnati,Ohio,Gilbert Ave and Windsor St,2,0,false,false,false,false,false,false,https://www.gunviolencearchive.org/incident/432576
431657,2015-10-16,39.1141,-84.5187,Cincinnati,Ohio,Pleasant and Green,1,0,false,false,false,false,false,false,https://www.gunviolencearchive.org/incident/431657
431654,2015-10-16,39.1198,-84.525,Cincinnati,Ohio,Central Parkway and Mohawk Place,1,0,false,false,false,false,false,false,https://www.gunviolencearchive.org/incident/431654
432147,2015-10-16,39.198740529417655,-84.45735898951025,Cincinnati,Ohio,7600 block of Reading Rd,0,1,false,false,false,false,false,true,https://www.gunviolencearchive.org/incident/432147
431113,2015-10-14,39.11542799037533,-84.52714906446435,Cincinnati,Ohio,Linn and Livingston,1,0,false,false,false,false,false,false,https://www.gunviolencearchive.org/incident/431113
431117,2015-10-14,39.1328,-84.4764,Cincinnati,Ohio,Woodburn Ave and Gilpin Ave,1,0,false,false,false,false,false,false,https://www.gunviolencearchive.org/incident/431117
432152,2015-10-10,39.138540529417654,-84.55275898951025,Cincinnati,Ohio,Knob Court,1,0,false,false,false,false,false,false,https://www.gunviolencearchive.org/incident/432152
430008,2015-10-08,39.1382,-84.4954,Cincinnati,Ohio,Ridgeway Ave and Reading Rd,0,1,false,false,false,false,false,true,https://www.gunviolencearchive.org/incident/430008
426804,2015-10-06,39.10934052941765,-84.52785898951025,Cincinnati,Ohio,1301 Linn Street,2,0,false,false,false,false,false,false,https://www.gunviolencearchive.org/incident/426804
426123,2015-10-05,39.169,-84.5503,Cincinnati,Ohio,1932 Kentucky Ave,0,1,false,false,false,false,false,false,https://www.gunviolencearchive.org/incident/426123
426175,2015-10-05,39.2335,-84.5481,Cincinnati,Ohio,Hamilton Avenue,2,0,false,false,false,false,false,false,https://www.gunviolencearchive.org/incident/426175
425541,2015-10-04,39.1337,-84.59,Cincinnati,Ohio,LaFeuille Circle,0,1,false,false,false,false,false,false,https://www.gunviolencearchive.org/incident/425541
425283,2015-10-04,39.1407,-84.5807,Cincinnati,Ohio,Harrison Ave and McHenry Ave,1,0,false,false,false,false,false,false,https://www.gunviolencearchive.org/incident/425283
424239,2015-10-02,39.198740529417655,-84.56565898951025,Cincinnati,Ohio,2300 block of W North Bend Rd,1,0,false,false,false,false,false,false,https://www.gunviolencearchive.org/incident/424239
424100,2015-09-30,39.140740529417656,-84.58075898951024,Cincinnati,Ohio,3000 block of McHenry Ave,1,0,false,false,false,false,false,false,https://www.gunviolencearchive.org/incident/424100
422580,2015-09-30,39.198,-84.4683,Springfield,Ohio,1300 block of Section Road,0,1,false,false,false,false,false,false,https://www.gunviolencearchive.org/incident/422580
424053,2015-09-30,39.15684052941765,-84.55875898951025,Cincinnati,Ohio,2300 block of Nottingham Road,1,0,false,false,false,false,false,false,https://www.gunviolencearchive.org/incident/424053
421989,2015-09-29,39.198740529417655,-84.54675898951025,Cincinnati,Ohio,1673 Cedar Ave,0,1,false,false,false,false,false,false,https://www.gunviolencearchive.org/incident/421989
421998,2015-09-28,39.11564193055015,-84.52735087184656,Cincinnati,Ohio,Linn and Livington,1,0,false,false,false,false,false,false,https://www.gunviolencearchive.org/incident/421998
421991,2015-09-28,39.1223,-84.4882,Cincinnati,Ohio,2300 block of Kemper Lane,1,0,false,false,false,false,false,false,https://www.gunviolencearchive.org/incident/421991
421650,2015-09-28,39.13744052941765,-84.47205898951024,Cincinnati,Ohio,1800 block of Hewitt Ave,5,0,true,false,true,false,false,true,https://www.gunviolencearchive.org/incident/421650
420763,2015-09-27,39.1219,-84.5084,Cincinnati,Ohio,200 block of Gilman Avenue,0,1,false,false,false,false,false,false,https://www.gunviolencearchive.org/incident/420763
419603,2015-09-23,39.11461547208421,-84.51459010890835,Cincinnati,Ohio,East McMicken Avenue,1,0,false,false,false,false,false,false,https://www.gunviolencearchive.org/incident/419603
415741,2015-09-18,39.0941,-84.3859,Cincinnati,Ohio,Corbly St and Salvador St,0,1,false,false,false,false,false,false,https://www.gunviolencearchive.org/incident/415741
414771,2015-09-16,39.2027,-84.5389,Cincinnati,Ohio,1300 block of West North Bend Road,1,0,false,false,false,false,true,false,https://www.gunviolencearchive.org/incident/414771
413121,2015-09-13,39.184,-84.5617,Cincinnati,Ohio,4900 block of Hawaiian Terrace,1,0,false,false,false,false,false,false,https://www.gunviolencearchive.org/incident/413121
413046,2015-09-13,39.0943,-84.4286,Cincinnati,Ohio,4601 Kellogg Ave,1,0,false,false,false,false,false,false,https://www.gunviolencearchive.org/incident/413046
413127,2015-09-13,39.2772,-84.5687,Cincinnati,Ohio,2300 block of Walden Glen Circle,2,0,false,false,false,false,false,false,https://www.gunviolencearchive.org/incident/413127
412074,2015-09-11,39.1257,-84.4858,Cincinnati,Ohio,1126 E. McMillan St,1,0,false,false,false,false,false,false,https://www.gunviolencearchive.org/incident/412074
412071,2015-09-10,39.2122,-84.4687,Cincinnati,Ohio,135 E. Galbraith Road,1,0,false,false,false,false,false,false,https://www.gunviolencearchive.org/incident/412071
410519,2015-09-08,39.12721547208421,-84.48379010890835,Cincinnati,Ohio,2600 block of Victory Parkway,1,0,false,false,false,true,false,false,https://www.gunviolencearchive.org/incident/410519
410042,2015-09-07,39.12564052941765,-84.48455898951025,Cincinnati,Ohio,2500 block of Victory Pkwy,1,0,false,false,false,false,false,false,https://www.gunviolencearchive.org/incident/410042
408869,2015-09-06,39.1761,-84.4757,Cincinnati,Ohio,1300 block of California Ave,1,0,false,false,false,false,false,false,https://www.gunviolencearchive.org/incident/408869
409384,2015-09-06,39.1275,-84.5147,Cincinnati,Ohio,Ohio Avenue and McMillan,1,0,false,false,false,false,false,false,https://www.gunviolencearchive.org/incident/409384
407841,2015-09-04,39.1168,-84.5266,Cincinnati,Ohio,Charlotte Avenue,1,0,false,false,false,false,false,false,https://www.gunviolencearchive.org/incident/407841
408335,2015-09-03,39.11318247340933,-84.51571569223836,Cincinnati,Ohio,1600 block of Vine Street,1,0,false,false,false,false,false,false,https://www.gunviolencearchive.org/incident/408335
406688,2015-09-02,39.1143,-84.5274,Cincinnati,Ohio,Linn and Oliver,1,0,false,false,false,false,false,false,https://www.gunviolencearchive.org/incident/406688
406596,2015-09-01,39.1792,-84.4634,Cincinnati,Ohio,Newfield Street and Portman Avenue,1,0,false,false,false,false,false,true,https://www.gunviolencearchive.org/incident/406596
405308,2015-09-01,39.11534052941765,-84.52485898951025,Cincinnati,Ohio,John Street and Livingston,1,0,false,false,false,false,false,false,https://www.gunviolencearchive.org/incident/405308
404578,2015-08-30,39.1096,-84.5315,Cincinnati,Ohio,I-75 and Ezzard Charles Dr,3,0,false,false,false,false,false,true,https://www.gunviolencearchive.org/incident/404578
405175,2015-08-29,39.13484052941765,-84.49695898951025,Cincinnati,Ohio,Reading Road and Martin Luther King Drive,1,0,false,false,false,false,false,false,https://www.gunviolencearchive.org/incident/405175
403403,2015-08-28,39.1172,-84.5268,Cincinnati,Ohio,1900 block of Linn St,1,0,false,false,false,false,false,false,https://www.gunviolencearchive.org/incident/403403
402824,2015-08-27,39.1475,-84.5714,Cincinnati,Ohio,3375 McHenry Ave,1,0,false,false,false,false,false,false,https://www.gunviolencearchive.org/incident/402824
402384,2015-08-26,39.1624,-84.5442,Cincinnati,Ohio,Lakeman St,1,0,false,false,false,false,false,false,https://www.gunviolencearchive.org/incident/402384
401938,2015-08-26,39.1493,-84.4879,Cincinnati,Ohio,3640 Reading Road,1,1,false,false,false,false,false,false,https://www.gunviolencearchive.org/incident/401938
400693,2015-08-24,39.2166,-84.5569,Cincinnati,Ohio,1900 block of Goodman Ave,1,0,true,false,false,true,false,false,https://www.gunviolencearchive.org/incident/400693
400133,2015-08-23,39.10784052941765,-84.51805898951025,Cincinnati,Ohio,200 block of 12th Street,1,0,false,false,false,false,false,false,https://www.gunviolencearchive.org/incident/400133
401574,2015-08-23,39.2271,-84.4622,Cincinnati,Ohio,623 W Wyoming Ave,1,0,false,false,false,false,false,false,https://www.gunviolencearchive.org/incident/401574
399553,2015-08-22,39.1172,-84.5249,Cincinnati,Ohio,500 block of York Street,1,0,false,false,false,false,false,false,https://www.gunviolencearchive.org/incident/399553
399034,2015-08-21,39.1534,-84.4892,Cincinnati,Ohio,700 block of Greenwood Avenue,2,0,false,false,false,false,false,false,https://www.gunviolencearchive.org/incident/399034
399367,2015-08-21,39.1595,-84.3908,Cincinnati,Ohio,Mathis and Prentice,5,2,false,false,true,false,false,false,https://www.gunviolencearchive.org/incident/399367
398270,2015-08-19,39.1347,-84.5474,Cincinnati,Ohio,1600 block of Carll Street,1,0,false,false,false,false,false,false,https://www.gunviolencearchive.org/incident/398270
396917,2015-08-16,39.239,-84.4581,Cincinnati,Ohio,1000 block of Simmons Ave,1,0,false,false,false,false,false,false,https://www.gunviolencearchive.org/incident/396917
394950,2015-08-14,39.1423,-84.5516,Cincinnati,Ohio,3200 block of Moosewood Avenue,1,0,false,false,false,false,false,false,https://www.gunviolencearchive.org/incident/394950
393285,2015-08-12,39.15671547208421,-84.55869010890835,Cincinnati,Ohio,2300 block of Nottingham Road,1,0,false,false,false,false,false,false,https://www.gunviolencearchive.org/incident/393285
393281,2015-08-12,39.1099,-84.511,Cincinnati,Ohio,1300 block of Yukon Street,1,0,false,false,false,false,true,false,https://www.gunviolencearchive.org/incident/393281
391092,2015-08-10,39.1653,-84.5506,Cincinnati,Ohio,4200 block of Virginia Avenue,1,0,false,false,false,false,false,false,https://www.gunviolencearchive.org/incident/391092
390880,2015-08-09,39.1027,-84.5116,Cincinnati,Ohio,600 Walnut St,1,0,false,false,false,false,false,false,https://www.gunviolencearchive.org/incident/390880
388426,2015-08-05,39.115,-84.5578,Cincinnati,Ohio,2900 block of Lehman Road,1,0,false,false,false,false,false,false,https://www.gunviolencearchive.org/incident/388426
387755,2015-08-04,39.14474052941765,-84.59475898951025,Cincinnati,Ohio,Harrison Avenue,1,0,false,false,false,false,false,false,https://www.gunviolencearchive.org/incident/387755
387286,2015-08-04,39.20601547208421,-84.45879010890835,Cincinnati,Ohio,1600 block of Sparkle Drive,1,0,false,false,false,false,false,false,https://www.gunviolencearchive.org/incident/387286
387757,2015-08-01,39.1294,-84.4922,Cincinnati,Ohio,Oak Street and Stanton Avenue,2,0,false,false,false,false,false,false,https://www.gunviolencearchive.org/incident/387757
387733,2015-08-01,39.1271,-84.4828,Cincinnati,Ohio,Ashland Ave,1,0,false,false,false,false,false,false,https://www.gunviolencearchive.org/incident/387733
384376,2015-07-30,39.13831547208421,-84.49519010890835,Cincinnati,Ohio,700 block of Ridgeway Ave,1,0,true,false,false,false,false,true,https://www.gunviolencearchive.org/incident/384376
384674,2015-07-30,39.10684052941765,-84.56005898951025,Cincinnati,Ohio,Chateau Avenue,1,0,false,false,false,false,false,false,https://www.gunviolencearchive.org/incident/384674
383972,2015-07-30,39.1207,-84.5135,Cincinnati,Ohio,100 block of Gage Street,0,1,false,false,false,false,false,false,https://www.gunviolencearchive.org/incident/383972
384396,2015-07-29,39.145640529417655,-84.57745898951025,Cincinnati,Ohio,2459 Westwood Northern Blvd,1,0,false,false,false,false,false,false,https://www.gunviolencearchive.org/incident/384396
413136,2015-07-27,39.2284,-84.5677,Cincinnati,Ohio,Zodiac Dr and Mercury Ave,1,0,false,false,false,false,false,false,https://www.gunviolencearchive.org/incident/413136
382074,2015-07-26,39.187140529417654,-84.51245898951025,Cincinnati,Ohio,Holland Drive,1,0,false,false,false,false,true,false,https://www.gunviolencearchive.org/incident/382074
382060,2015-07-25,39.1934,-84.5358,Cincinnati,Ohio,5700 block of Argus Road,1,0,false,false,false,false,false,false,https://www.gunviolencearchive.org/incident/382060
380599,2015-07-24,39.1135,-84.565,Cincinnati,Ohio,1200 block of Elberon Avenue,0,1,false,false,false,false,false,false,https://www.gunviolencearchive.org/incident/380599
381705,2015-07-22,39.145,-84.4978,Cincinnati,Ohio,3500 block of Harvey Avenue,1,0,false,false,false,false,false,false,https://www.gunviolencearchive.org/incident/381705
377432,2015-07-19,39.1223,-84.5132,Cincinnati,Ohio,Valencia and Rice,0,1,false,false,false,false,false,false,https://www.gunviolencearchive.org/incident/377432
376873,2015-07-18,39.1438,-84.5524,Cincinnati,Ohio,3300 block of Moosewood Avenue,1,0,false,false,false,false,false,false,https://www.gunviolencearchive.org/incident/376873
376203,2015-07-17,39.14364052941765,-84.57895898951026,Cincinnati,Ohio,3100 block of Sunshine Ave,4,0,false,false,true,false,false,false,https://www.gunviolencearchive.org/incident/376203
376633,2015-07-16,39.1326,-84.5449,Cincinnati,Ohio,Cummins St and Dempsey St,1,0,false,false,false,false,false,false,https://www.gunviolencearchive.org/incident/376633
375498,2015-07-16,39.10705912192929,-84.5657975556292,Cincinnati,Ohio,900 block of Elberon Avenue,1,0,false,false,false,false,false,false,https://www.gunviolencearchive.org/incident/375498
446039,2015-07-14,39.114315472084215,-84.51629010890835,Cincinnati,Ohio,Vine and Green,1,0,false,false,false,false,false,false,https://www.gunviolencearchive.org/incident/446039
374204,2015-07-13,39.2006,-84.5418,Cincinnati,Ohio,1400 block of Ambrose Avenue,1,0,false,false,false,false,false,false,https://www.gunviolencearchive.org/incident/374204
371632,2015-07-10,39.1325,-84.6004,Cincinnati,Ohio,Ferguson Road,1,0,false,false,false,false,false,false,https://www.gunviolencearchive.org/incident/371632
370711,2015-07-08,39.1546,-84.5992,Cincinnati,Ohio,1900 block of Feltz Avenue,1,1,false,false,false,false,false,false,https://www.gunviolencearchive.org/incident/370711
370721,2015-07-08,39.114315472084215,-84.51619010890835,Cincinnati,Ohio,Vine Street and Green Street,1,0,false,false,false,false,false,false,https://www.gunviolencearchive.org/incident/370721
370882,2015-07-07,39.1294,-84.4821,Cincinnati,Ohio,2800 block of Ashland Avenue,1,0,false,false,false,false,false,false,https://www.gunviolencearchive.org/incident/370882
370878,2015-07-07,39.1444,-84.4909,Cincinnati,Ohio,Reading Road and Rockdale Avenue,1,0,false,false,false,false,false,false,https://www.gunviolencearchive.org/incident/370878
369802,2015-07-07,39.1301,-84.5544,Cincinnati,Ohio,1800 block of Fairmount Avenue,0,2,false,false,false,false,false,false,https://www.gunviolencearchive.org/incident/369802
370178,2015-07-06,39.114282473409325,-84.51781569223836,Cincinnati,Ohio,Race and Green,1,0,false,false,false,false,false,false,https://www.gunviolencearchive.org/incident/370178
369515,2015-07-05,39.102,-84.5944,Cincinnati,Ohio,Virgil Road,1,0,false,false,false,true,false,false,https://www.gunviolencearchive.org/incident/369515
368947,2015-07-05,39.1404,-84.4983,Cincinnati,Ohio,Hale and Harvey Avenues,2,0,false,false,false,false,false,true,https://www.gunviolencearchive.org/incident/368947
368978,2015-07-04,39.1099,-84.562,Cincinnati,Ohio,Warsaw Avenue,1,0,false,false,false,false,false,false,https://www.gunviolencearchive.org/incident/368978
366982,2015-06-30,39.1842,-84.5634,Cincinnati,Ohio,5100 block of Hawaiian Terrace,1,0,false,false,false,false,false,false,https://www.gunviolencearchive.org/incident/366982
365867,2015-06-29,39.1914,-84.4547,Cincinnati,Ohio,1929 Losantiville Ave,1,0,false,false,false,false,false,false,https://www.gunviolencearchive.org/incident/365867
365869,2015-06-28,39.1259,-84.4903,Cincinnati,Ohio,E McMillan St and Gilbert Ave,1,0,false,false,false,false,false,false,https://www.gunviolencearchive.org/incident/365869
365011,2015-06-28,39.1493,-84.5078,Cincinnati,Ohio,3600 block of Irving Avenue,0,1,false,false,false,false,false,false,https://www.gunviolencearchive.org/incident/365011
365406,2015-06-28,39.1561,-84.5456,Cincinnati,Ohio,1740 Elmore St,0,1,false,false,false,false,false,false,https://www.gunviolencearchive.org/incident/365406
364825,2015-06-27,39.1969,-84.4769,Cincinnati,Ohio,1400 block of North Bend Road,1,0,false,false,false,false,false,false,https://www.gunviolencearchive.org/incident/364825
364877,2015-06-26,39.11628247340933,-84.52921569223837,Cincinnati,Ohio,Findlay and Baymiller,1,0,false,false,false,false,false,false,https://www.gunviolencearchive.org/incident/364877
364388,2015-06-26,39.11194052941765,-84.51235898951025,Cincinnati,Ohio,Orchard and Main Street,1,0,false,true,false,false,false,false,https://www.gunviolencearchive.org/incident/364388
364423,2015-06-25,39.1569,-84.599,Cincinnati,Ohio,Epworth and Wardall Avenue,2,0,false,false,false,false,false,false,https://www.gunviolencearchive.org/incident/364423
363387,2015-06-24,39.1803,-84.511,Cincinnati,Ohio,4900 block of Winneste Avenue,1,0,false,false,false,false,false,false,https://www.gunviolencearchive.org/incident/363387
362468,2015-06-23,39.2859,-84.5329,Cincinnati,Ohio,Lincolnshire,2,0,false,false,false,false,false,false,https://www.gunviolencearchive.org/incident/362468
362605,2015-06-23,39.1073,-84.5159,Cincinnati,Ohio,1100 block of Race Street,1,0,false,false,false,false,false,false,https://www.gunviolencearchive.org/incident/362605
362242,2015-06-22,39.11535912192929,-84.5273975556292,Cincinnati,Ohio,Livingston Street,1,0,false,false,false,false,false,false,https://www.gunviolencearchive.org/incident/362242
362226,2015-06-22,39.107340529417655,-84.51595898951025,Cincinnati,Ohio,1100 block of Race Street,0,1,false,false,false,false,false,false,https://www.gunviolencearchive.org/incident/362226
361128,2015-06-20,39.1264,-84.6011,Cincinnati,Ohio,Shirley Place and Ferguson Rd,1,0,false,false,false,false,false,true,https://www.gunviolencearchive.org/incident/361128
360447,2015-06-19,39.1557,-84.3937,Cincinnati,Ohio,Whetsel Ave and Roe St,1,2,false,true,false,false,false,false,https://www.gunviolencearchive.org/incident/360447
361003,2015-06-18,39.1428,-84.5193,Cincinnati,Ohio,Land Street and Clifton Ave,1,0,false,false,false,false,false,false,https://www.gunviolencearchive.org/incident/361003
359568,2015-06-17,39.067,-84.3453,Cincinnati,Ohio,900 block of Stream Ridge Lane,1,0,false,false,false,false,false,false,https://www.gunviolencearchive.org/incident/359568
359510,2015-06-17,39.145840529417654,-84.58315898951025,Cincinnati,Ohio,3100 block of Ferncrest Ct,1,0,false,false,false,false,false,false,https://www.gunviolencearchive.org/incident/359510
358820,2015-06-16,39.1948,-84.4797,Cincinnati,Ohio,7111 Vine Street,2,0,false,false,false,false,false,false,https://www.gunviolencearchive.org/incident/358820
358716,2015-06-15,39.15178247340933,-84.48541569223836,Cincinnati,Ohio,900 block of Burton Avenue,0,1,false,false,false,false,false,false,https://www.gunviolencearchive.org/incident/358716
357552,2015-06-14,39.1329,-84.5646,Cincinnati,Ohio,2026 Harrison Ave,1,0,false,false,false,false,false,false,https://www.gunviolencearchive.org/incident/357552
357960,2015-06-14,39.18424052941765,-84.56345898951025,Cincinnati,Ohio,5000 block of Hawaiian Terrace,0,1,false,false,false,false,false,false,https://www.gunviolencearchive.org/incident/357960
357957,2015-06-14,39.2462,-84.4569,Cincinnati,Ohio,Leggett St and Van Buren St,0,1,false,false,false,false,false,true,https://www.gunviolencearchive.org/incident/357957
357455,2015-06-13,39.2246,-84.4512,Cincinnati,Ohio,101 Mill St,1,0,false,false,false,false,false,false,https://www.gunviolencearchive.org/incident/357455
355985,2015-06-11,39.1182,-84.526,Cincinnati,Ohio,Dayton St and Whiteman St,1,0,false,false,false,false,false,false,https://www.gunviolencearchive.org/incident/355985
355547,2015-06-10,39.1824,-84.4048,Cincinnati,Ohio,W Fordham Pl,1,0,false,false,false,false,false,false,https://www.gunviolencearchive.org/incident/355547
355979,2015-06-10,39.183,-84.4047,Cincinnati,Ohio,W Fordham Pl,1,0,false,false,false,false,false,false,https://www.gunviolencearchive.org/incident/355979
355503,2015-06-10,39.13731547208421,-84.47199010890834,Cincinnati,Ohio,1800 block of Hewitt Ave,3,1,false,false,false,false,false,false,https://www.gunviolencearchive.org/incident/355503
354610,2015-06-09,39.11417909816595,-84.51805755415765,Cincinnati,Ohio,1700 block of Race St,1,0,false,false,false,false,false,false,https://www.gunviolencearchive.org/incident/354610
355536,2015-06-09,39.1638,-84.5436,Cincinnati,Ohio,1700 block of Chase Ave,0,1,false,true,false,false,false,false,https://www.gunviolencearchive.org/incident/355536
353630,2015-06-08,39.116215472084214,-84.52719010890834,Cincinnati,Ohio,800 block of Findlay St,2,0,false,false,false,false,false,false,https://www.gunviolencearchive.org/incident/353630
353452,2015-06-07,39.18411547208421,-84.56339010890835,Cincinnati,Ohio,4800 block of Hawaiian Terrace,1,0,false,false,false,false,false,false,https://www.gunviolencearchive.org/incident/353452
351684,2015-06-03,39.1398,-84.4966,Cincinnati,Ohio,525 block of Hale Avenue,2,0,false,false,false,true,false,false,https://www.gunviolencearchive.org/incident/351684
351544,2015-06-02,39.2208,-84.4422,Cincinnati,Ohio,8800 block of Reading Road,1,0,false,false,false,false,false,false,https://www.gunviolencearchive.org/incident/351544
350784,2015-06-01,39.19038247340933,-84.51691569223836,Cincinnati,Ohio,Dutch Colony Drive,1,0,false,false,false,false,false,false,https://www.gunviolencearchive.org/incident/350784
350779,2015-06-01,39.1494,-84.5079,Cincinnati,Ohio,Irving Avenue,1,0,false,false,false,false,false,false,https://www.gunviolencearchive.org/incident/350779
350235,2015-06-01,39.1277,-84.5314,Cincinnati,Ohio,2500 block of West McMicken,1,0,false,false,false,false,false,false,https://www.gunviolencearchive.org/incident/350235
350451,2015-06-01,39.1769,-84.4665,Cincinnati,Ohio,Dale and Reading,0,1,false,false,false,false,false,false,https://www.gunviolencearchive.org/incident/350451
349969,2015-05-31,39.1897,-84.5119,Cincinnati,Ohio,600 block of Dutch Colony Drive,0,1,false,false,false,false,false,false,https://www.gunviolencearchive.org/incident/349969
348611,2015-05-29,39.2093,-84.45,Cincinnati,Ohio,7700 block of Reading Road,1,0,false,false,false,false,false,false,https://www.gunviolencearchive.org/incident/348611
349090,2015-05-28,39.215,-84.557,Cincinnati,Ohio,Dallas and Betts,1,0,false,false,false,false,false,false,https://www.gunviolencearchive.org/incident/349090
348263,2015-05-28,39.1729,-84.4723,Cincinnati,Ohio,1500 block of Joseph Street,0,1,false,false,false,false,false,false,https://www.gunviolencearchive.org/incident/348263
348260,2015-05-27,39.14111547208421,-84.49289010890836,Cincinnati,Ohio,800 block of Blair Avenue,2,0,false,false,false,false,false,true,https://www.gunviolencearchive.org/incident/348260
348050,2015-05-27,39.1495,-84.5632,Cincinnati,Ohio,3600 block of McHenry Avenue,0,1,false,false,false,false,false,false,https://www.gunviolencearchive.org/incident/348050
347084,2015-05-26,39.1272,-84.4861,Cincinnati,Ohio,Park Avenue and William Howard Taft,0,1,false,false,false,false,false,false,https://www.gunviolencearchive.org/incident/347084
347081,2015-05-26,39.2176,-84.4496,Cincinnati,Ohio,I-75 and Davis St,2,0,false,false,false,false,false,true,https://www.gunviolencearchive.org/incident/347081
344809,2015-05-22,39.12354052941765,-84.51435898951026,Cincinnati,Ohio,2300 block of Vine Street,1,0,false,false,false,false,true,false,https://www.gunviolencearchive.org/incident/344809
345278,2015-05-22,39.14444052941765,-84.49095898951025,Cincinnati,Ohio,Forest Avenue and Reading Road,1,0,false,false,false,false,false,false,https://www.gunviolencearchive.org/incident/345278
344348,2015-05-21,39.184779098165954,-84.51415755415765,Cincinnati,Ohio,Winneste Avenue,1,0,false,false,false,false,false,false,https://www.gunviolencearchive.org/incident/344348
344277,2015-05-21,39.118,-84.5088,Cincinnati,Ohio,2000 Auburn Ave,1,0,false,false,false,false,false,false,https://www.gunviolencearchive.org/incident/344277
344525,2015-05-20,39.109440529417654,-84.51015898951024,Cincinnati,Ohio,12th and Sycamore,1,0,false,false,false,false,false,false,https://www.gunviolencearchive.org/incident/344525
342597,2015-05-18,39.12321547208421,-84.50099010890835,Cincinnati,Ohio,2330 Reading Road,1,0,false,false,false,false,false,false,https://www.gunviolencearchive.org/incident/342597
341572,2015-05-17,39.1746,-84.5118,Cincinnati,Ohio,4700 block of Chickering Avenue,1,1,false,false,false,false,false,false,https://www.gunviolencearchive.org/incident/341572
341458,2015-05-16,39.1893,-84.5671,Cincinnati,Ohio,5400 block of Bahama Terrace,2,1,false,false,false,false,false,false,https://www.gunviolencearchive.org/incident/341458
341456,2015-05-15,39.200240529417655,-84.54745898951025,Cincinnati,Ohio,6000 block of Hamilton Avenue,0,1,false,false,false,false,false,false,https://www.gunviolencearchive.org/incident/341456
366776,2015-05-15,39.2741,-84.5596,Cincinnati,Ohio,2100 block of Roosevelt Dr,0,1,false,false,false,false,false,false,https://www.gunviolencearchive.org/incident/366776
340144,2015-05-14,39.1527,-84.5355,Cincinnati,Ohio,1000 block of Ludlow Avenue,1,0,false,false,false,false,false,false,https://www.gunviolencearchive.org/incident/340144
339788,2015-05-14,39.1042,-84.5104,Cincinnati,Ohio,700 block of South Main Street,1,0,false,false,false,false,false,false,https://www.gunviolencearchive.org/incident/339788
339785,2015-05-13,39.1268,-84.5034,Cincinnati,Ohio,Highland Ave and E McMillan Ave,1,0,false,false,false,false,false,true,https://www.gunviolencearchive.org/incident/339785
338874,2015-05-12,39.1152,-84.5149,Cincinnati,Ohio,76 East McMicken,1,0,false,false,false,false,false,false,https://www.gunviolencearchive.org/incident/338874
338867,2015-05-12,39.10814052941765,-84.51645898951026,Cincinnati,Ohio,12th and Race,1,0,false,false,false,false,false,false,https://www.gunviolencearchive.org/incident/338867
337212,2015-05-09,39.1351,-84.4968,Cincinnati,Ohio,3120 Reading Rd,3,0,false,false,false,false,false,false,https://www.gunviolencearchive.org/incident/337212
337219,2015-05-09,39.149679098165954,-84.56195755415766,Cincinnati,Ohio,Baltimore and McHenry,1,0,false,false,false,false,false,true,https://www.gunviolencearchive.org/incident/337219
336888,2015-05-08,39.12738247340933,-84.48371569223836,Cincinnati,Ohio,2600 block of Victory Parkway,2,0,false,false,false,false,false,false,https://www.gunviolencearchive.org/incident/336888
335903,2015-05-07,39.149615472084214,-84.56149010890834,Cincinnati,Ohio,2300 block of Baltimore Avenue,4,0,false,false,true,false,false,true,https://www.gunviolencearchive.org/incident/335903
335234,2015-05-06,39.11134052941765,-84.52755898951025,Cincinnati,Ohio,1500 block of Linn St,3,0,false,false,false,false,false,false,https://www.gunviolencearchive.org/incident/335234
335915,2015-05-06,39.1879,-84.5731,Cincinnati,Ohio,5300 block of East Knoll Court,1,0,false,false,false,false,false,false,https://www.gunviolencearchive.org/incident/335915
334615,2015-05-06,39.2733,-84.5728,Cincinnati,Ohio,2700 block of Lincoln Ave,1,0,false,false,false,false,false,false,https://www.gunviolencearchive.org/incident/334615
334619,2015-05-05,39.1469,-84.553,Cincinnati,Ohio,1930 Fricke Rd,1,0,false,false,false,false,false,false,https://www.gunviolencearchive.org/incident/334619
334860,2015-05-04,39.14461547208421,-84.59469010890835,Cincinnati,Ohio,Harrison Avenue,1,0,false,false,false,false,false,false,https://www.gunviolencearchive.org/incident/334860
334617,2015-05-04,39.1787,-84.5098,Cincinnati,Ohio,1 Craft St,1,0,false,false,false,false,false,false,https://www.gunviolencearchive.org/incident/334617
333630,2015-05-03,39.1511,-84.5465,Cincinnati,Ohio,3600 block of Roll Avenue,0,1,false,false,false,false,false,false,https://www.gunviolencearchive.org/incident/333630
332552,2015-04-30,39.09108247340933,-84.57151569223836,Cincinnati,Ohio,200 block of Fairbanks Avenue,1,0,false,false,false,false,false,false,https://www.gunviolencearchive.org/incident/332552
331858,2015-04-29,39.11134052941765,-84.51545898951025,Cincinnati,Ohio,1432 Vine St,0,1,false,false,false,false,false,false,https://www.gunviolencearchive.org/incident/331858
330809,2015-04-28,39.2048,-84.6745,Cincinnati,Ohio,Harrison Avenue,1,0,false,false,false,false,false,false,https://www.gunviolencearchive.org/incident/330809
329692,2015-04-26,39.1469,-84.5077,Cincinnati,Ohio,103 Forest Ave,1,0,false,false,false,false,false,false,https://www.gunviolencearchive.org/incident/329692
329496,2015-04-24,39.20477909816595,-84.45785755415766,Cincinnati,Ohio,7800 block of Newbedford Avenue,0,1,false,false,false,false,false,false,https://www.gunviolencearchive.org/incident/329496
329115,2015-04-24,39.1101,-84.5102,Cincinnati,Ohio,13th and Sycamore,2,1,false,false,false,false,false,false,https://www.gunviolencearchive.org/incident/329115
328689,2015-04-23,39.189340529417656,-84.56715898951025,Cincinnati,Ohio,5300 block of Bahama Terrace,1,0,false,false,false,false,false,false,https://www.gunviolencearchive.org/incident/328689
329484,2015-04-23,39.1144,-84.5835,Cincinnati,Ohio,Sliker and Glenway,1,0,false,false,false,false,false,false,https://www.gunviolencearchive.org/incident/329484
328684,2015-04-23,39.1322,-84.5303,Cincinnati,Ohio,2800 block of West McMicken,0,1,false,false,false,false,false,false,https://www.gunviolencearchive.org/incident/328684
327058,2015-04-21,39.132340529417654,-84.49015898951025,Cincinnati,Ohio,Lincoln and Melrose,1,0,false,false,false,false,false,false,https://www.gunviolencearchive.org/incident/327058
327400,2015-04-20,39.1923,-84.4145,Cincinnati,Ohio,6700 block of Kennedy Avenue,1,0,false,false,false,false,false,false,https://www.gunviolencearchive.org/incident/327400
326269,2015-04-20,39.1154,-84.5152,Cincinnati,Ohio,64 East McMicken Avenue,1,0,false,false,false,false,false,false,https://www.gunviolencearchive.org/incident/326269
326127,2015-04-20,39.19174052941765,-84.51395898951026,Cincinnati,Ohio,5600 block of Winneste Avenue,1,0,false,false,false,false,false,false,https://www.gunviolencearchive.org/incident/326127
325407,2015-04-18,39.20201547208421,-84.57759010890835,Cincinnati,Ohio,2600 block of Chesterfield Court,2,0,false,false,false,false,false,true,https://www.gunviolencearchive.org/incident/325407
349021,2015-04-13,39.1071,-84.5837,Cincinnati,Ohio,800 block of Rosemont Drive,0,1,false,false,false,false,true,false,https://www.gunviolencearchive.org/incident/349021
320408,2015-04-08,39.10334052941765,-84.55385898951025,Cincinnati,Ohio,State and Storrs Street,1,0,false,false,false,false,false,false,https://www.gunviolencearchive.org/incident/320408
320337,2015-04-07,39.184282473409326,-84.56331569223836,Cincinnati,Ohio,Hawaiian Terrace,1,0,false,false,false,false,false,false,https://www.gunviolencearchive.org/incident/320337
317499,2015-04-04,39.2197,-84.5855,Cincinnati,Ohio,3117 Galbraith Rd,0,1,false,false,false,false,false,false,https://www.gunviolencearchive.org/incident/317499
317749,2015-04-04,39.149740529417656,-84.51125898951025,Clifton,Ohio,100 block of Woolper Avenue,1,0,false,false,false,false,false,false,https://www.gunviolencearchive.org/incident/317749
317989,2015-04-04,39.1314,-84.4897,Cincinnati,Ohio,2840 Melrose Ave,2,1,false,false,false,false,false,false,https://www.gunviolencearchive.org/incident/317989
317223,2015-04-03,39.118240529417655,-84.52705898951025,Cincinnati,Ohio,800 block of Dayton St,1,0,false,false,false,false,false,false,https://www.gunviolencearchive.org/incident/317223
316141,2015-04-01,39.1395,-84.5793,Cincinnati,Ohio,2400 Harrison Avenue,1,0,false,false,false,false,false,false,https://www.gunviolencearchive.org/incident/316141
315499,2015-03-31,39.1609,-84.3973,Cincinnati,Ohio,Madison Road and Stewart Avenue,1,0,false,false,false,true,false,false,https://www.gunviolencearchive.org/incident/315499
316151,2015-03-31,39.2317,-84.4646,Cincinnati,Ohio,800 block of Oak Street,1,1,false,false,false,false,false,false,https://www.gunviolencearchive.org/incident/316151
316243,2015-03-30,39.1049,-84.5213,Cincinnati,Ohio,400 block of West Ninth Street,1,0,false,false,false,false,false,true,https://www.gunviolencearchive.org/incident/316243
313209,2015-03-25,39.1814,-84.4144,Cincinnati,Ohio,6042 Kennedy Ave,1,0,false,false,false,false,false,false,https://www.gunviolencearchive.org/incident/313209
313217,2015-03-25,39.1072582155861,-84.56548745585334,Cincinnati,Ohio,900 block of Elberon Avenue,2,0,false,false,false,false,false,false,https://www.gunviolencearchive.org/incident/313217
312421,2015-03-24,39.1155582155861,-84.52708745585333,Cincinnati,Ohio,Livingston and Linn Street,1,0,false,false,false,false,false,false,https://www.gunviolencearchive.org/incident/312421
312425,2015-03-24,39.1559,-84.5618,Cincinnati,Ohio,2500 block of Williamsburg Drive,1,0,false,false,false,false,false,false,https://www.gunviolencearchive.org/incident/312425
311042,2015-03-22,39.1312,-84.506,Cincinnati,Ohio,2700 block of Eden Avenue,2,0,false,false,false,false,false,false,https://www.gunviolencearchive.org/incident/311042
311000,2015-03-22,39.1447,-84.5513,Cincinnati,Ohio,Beekman Street and Moosewood Avenue,0,1,false,false,false,false,true,false,https://www.gunviolencearchive.org/incident/311000
311040,2015-03-21,39.214,-84.5539,Cincinnati,Ohio,6700 block of Savannah Avenue,0,1,false,false,false,false,false,false,https://www.gunviolencearchive.org/incident/311040
310392,2015-03-21,39.2962,-84.5113,Cincinnati,Ohio,900 block of Halesworth Drive,2,0,false,false,false,false,false,false,https://www.gunviolencearchive.org/incident/310392
308896,2015-03-18,39.1451,-84.3951,Cincinnati,Ohio,3100 block of Fairfax,1,0,false,false,false,false,false,false,https://www.gunviolencearchive.org/incident/308896
308910,2015-03-18,39.1227,-84.4988,Cincinnati,Ohio,McGregor and Fowler,1,0,false,false,false,false,false,false,https://www.gunviolencearchive.org/incident/308910
308429,2015-03-16,39.1465,-84.6001,Cincinnati,Ohio,3300 block of Epworth Avenue,0,1,false,false,false,false,false,false,https://www.gunviolencearchive.org/incident/308429
303035,2015-03-08,39.122340529417656,-84.48825898951026,Cincinnati,Ohio,2300 block of Kemper Lane,1,0,false,false,false,false,false,false,https://www.gunviolencearchive.org/incident/303035
300473,2015-03-03,39.1314,-84.4818,Cincinnati,Ohio,Chapel Street and Ashland Ave,2,0,false,false,false,false,false,false,https://www.gunviolencearchive.org/incident/300473
300134,2015-03-02,39.1065,-84.5688,Cincinnati,Ohio,841 Fairbanks Ave,1,0,false,true,false,false,true,false,https://www.gunviolencearchive.org/incident/300134
296806,2015-02-23,39.1249,-84.5124,Cincinnati,Ohio,2308 Vine St,1,0,false,false,false,false,false,false,https://www.gunviolencearchive.org/incident/296806
294813,2015-02-18,39.1666,-84.54,Cincinnati,Ohio,4317 Haight Ave,1,0,false,false,false,false,false,false,https://www.gunviolencearchive.org/incident/294813
294157,2015-02-17,39.1358,-84.56,Cincinnati,Ohio,2600 block of Brestel Drive,1,0,false,false,false,false,false,false,https://www.gunviolencearchive.org/incident/294157
293513,2015-02-15,39.0913,-84.5968,Delhi,Ohio,4400 block of Mt. Alverno Road,1,0,false,false,false,false,false,false,https://www.gunviolencearchive.org/incident/293513
293482,2015-02-15,39.1444,-84.5817,Cincinnati,Ohio,Percy Avenue,1,0,false,false,false,false,false,false,https://www.gunviolencearchive.org/incident/293482
292105,2015-02-11,39.1082,-84.5577,Cincinnati,Ohio,2700 block of Maryland Avenue,0,1,false,false,false,false,true,false,https://www.gunviolencearchive.org/incident/292105
292022,2015-02-11,39.1465,-84.6197,Cincinnati,Ohio,3600 block of Schwartze Avenue,0,1,false,false,false,false,false,false,https://www.gunviolencearchive.org/incident/292022
291682,2015-02-09,39.1484,-84.5981,Cincinnati,Ohio,3002 Harrison Avenue,0,1,false,false,false,false,false,false,https://www.gunviolencearchive.org/incident/291682
290119,2015-02-08,39.1272,-84.5322,Cincinnati,Ohio,2500 block of Halstead,1,0,false,false,false,false,true,false,https://www.gunviolencearchive.org/incident/290119
289492,2015-02-06,39.2451,-84.4642,Cincinnati,Ohio,9900 block of Chester Road,0,1,false,false,false,false,false,false,https://www.gunviolencearchive.org/incident/289492
289513,2015-02-05,39.2488,-84.4501,Cincinnati,Ohio,10000 block of Shivers Court,1,0,false,false,false,false,false,false,https://www.gunviolencearchive.org/incident/289513
288906,2015-02-04,39.1449,-84.4899,Cincinnati,Ohio,3500 block of Reading Road,1,0,false,false,false,false,false,false,https://www.gunviolencearchive.org/incident/288906
288242,2015-02-03,39.1234,-84.5145,Cincinnati,Ohio,Vine Street and Thill,1,0,false,false,false,false,false,false,https://www.gunviolencearchive.org/incident/288242
286821,2015-02-01,39.2338,-84.5691,Cincinnati,Ohio,2455 Compton Road,1,0,false,false,false,false,false,false,https://www.gunviolencearchive.org/incident/286821
285854,2015-01-29,39.2464,-84.4613,Cincinnati,Ohio,700 block of Van Buren Street,0,1,false,false,false,false,false,false,https://www.gunviolencearchive.org/incident/285854
285746,2015-01-29,39.2454,-84.4597,Cincinnati,Ohio,843 Jackson Street,0,1,false,false,false,false,false,false,https://www.gunviolencearchive.org/incident/285746
285644,2015-01-29,39.1067,-84.5279,Cincinnati,Ohio,1096 Linn St,0,1,false,false,false,false,false,false,https://www.gunviolencearchive.org/incident/285644
285435,2015-01-28,39.14234052941765,-84.55165898951024,Cincinnati,Ohio,3200 block of Moosewood Avenue,1,0,false,false,false,false,false,false,https://www.gunviolencearchive.org/incident/285435
285516,2015-01-28,39.1382,-84.4953,Cincinnati,Ohio,3300 block of Reading Road,1,0,false,false,false,true,false,false,https://www.gunviolencearchive.org/incident/285516
284668,2015-01-26,39.1619,-84.6034,Cheviot,Ohio,3300 block of Camvic Terrace,1,0,false,false,false,false,false,false,https://www.gunviolencearchive.org/incident/284668
283320,2015-01-23,39.128,-84.5136,Cincinnati,Ohio,117 Calhoun St,2,0,false,false,false,false,false,false,https://www.gunviolencearchive.org/incident/283320
282867,2015-01-23,39.1649,-84.5204,Cincinnati,Ohio,Spring Grove Avenue and Winton Road,1,0,false,false,false,false,false,false,https://www.gunviolencearchive.org/incident/282867
282606,2015-01-22,39.1126,-84.5839,Cincinnati,Ohio,1100 block of Winfield Avenue,1,0,false,false,false,false,false,false,https://www.gunviolencearchive.org/incident/282606
280066,2015-01-17,39.1433,-84.5503,Millvale,Ohio,3200 block of Beekman Street,1,0,false,false,false,false,false,false,https://www.gunviolencearchive.org/incident/280066
279398,2015-01-15,39.2271,-84.5357,Cincinnati,Ohio,8800 block of Desoto Dr,1,0,false,false,false,false,false,false,https://www.gunviolencearchive.org/incident/279398
278672,2015-01-15,39.1768,-84.4608,Cincinnati,Ohio,5000 block of Laconia Ave.,1,0,false,false,false,false,false,false,https://www.gunviolencearchive.org/incident/278672
278179,2015-01-13,39.1415,-84.5832,Westwood,Ohio,Grasselli and Harrison,1,0,false,false,false,false,false,false,https://www.gunviolencearchive.org/incident/278179
276435,2015-01-10,39.1126,-84.5109,Cincinnati,Ohio,East Liberty and Sycamore,1,0,false,false,false,false,false,false,https://www.gunviolencearchive.org/incident/276435
273792,2015-01-04,39.1181,-84.5238,Cincinnati,Ohio,400 block of Dayton St,0,1,false,false,false,false,false,false,https://www.gunviolencearchive.org/incident/273792
273185,2015-01-03,39.127640529417654,-84.57395898951025,Cincinnati,Ohio,Wyoming and Queen City,1,0,false,false,false,false,false,false,https://www.gunviolencearchive.org/incident/273185
273292,2015-01-03,39.1103,-84.5153,Cincinnati,Ohio,Mercer and Vine street,1,0,false,false,false,true,false,false,https://www.gunviolencearchive.org/incident/273292
803136,2015-01-01,39.09434052941765,-84.42865898951025,Cincinnati,Ohio,4601 Kellogg Av,1,0,false,false,false,false,false,false,https://www.gunviolencearchive.org/incident/803136
273188,2014-12-30,39.1746,-84.4693,Cincinnati,Ohio,5790 Anita Pl,1,0,false,false,false,false,false,false,https://www.gunviolencearchive.org/incident/273188
271119,2014-12-30,39.2845,-84.4317,Sharonville,Ohio,2300 East Kemper Road,2,0,false,false,false,true,false,false,https://www.gunviolencearchive.org/incident/271119
270449,2014-12-29,39.1277,-84.5654,Cincinnati,Ohio,Queen City and Richter,1,0,false,false,false,false,false,false,https://www.gunviolencearchive.org/incident/270449
270284,2014-12-28,39.15,-84.5664,Cincinnati,Ohio,3516 McHenry,1,0,false,false,false,false,false,false,https://www.gunviolencearchive.org/incident/270284
280010,2014-12-28,39.1724,-84.5198,Cincinnati,Ohio,Mcmakin Avenue,1,0,false,false,false,false,false,false,https://www.gunviolencearchive.org/incident/280010
270002,2014-12-28,39.173,-84.5161,Cincinnati,Ohio,4610 N Edgewood Ave,3,0,false,false,false,false,false,false,https://www.gunviolencearchive.org/incident/270002
269528,2014-12-27,39.1574,-84.5585,Cincinnati,Ohio,4061 President Drive,0,1,false,false,false,false,false,false,https://www.gunviolencearchive.org/incident/269528
264595,2014-12-16,39.1371,-84.5506,Cincinnati,Ohio,1700 block of Sutter Avenue,1,0,false,false,false,false,false,false,https://www.gunviolencearchive.org/incident/264595
264209,2014-12-16,39.1919,-84.5782,Cincinnati,Ohio,5500 block of Ruddy Court,1,0,false,false,false,false,false,false,https://www.gunviolencearchive.org/incident/264209
264620,2014-12-16,39.1146,-84.4938,Cincinnati,Ohio,1198 Eden Park Dr,1,0,false,false,false,false,false,false,https://www.gunviolencearchive.org/incident/264620
264627,2014-12-15,39.1382,-84.5605,Cincinnati,Ohio,1900 block of Brinkmeier,2,0,false,false,false,false,false,false,https://www.gunviolencearchive.org/incident/264627
265122,2014-12-15,39.151840529417655,-84.58605898951025,Cincinnati,Ohio,2700 block of Montana,1,0,false,false,false,true,false,false,https://www.gunviolencearchive.org/incident/265122
263368,2014-12-14,39.1428,-84.5527,Cincinnati,Ohio,3214 Bowling Green Court,1,0,false,false,false,false,false,false,https://www.gunviolencearchive.org/incident/263368
263617,2014-12-13,39.11298247340933,-84.51491569223836,Cincinnati,Ohio,30 E Liberty St,1,0,false,false,false,false,false,false,https://www.gunviolencearchive.org/incident/263617
263072,2014-12-13,39.14978247340933,-84.56141569223836,Cincinnati,Ohio,2300 block of Baltimore Avenue,1,0,false,false,false,false,false,false,https://www.gunviolencearchive.org/incident/263072
262965,2014-12-13,39.1738,-84.4693,Cincinnati,Ohio,Yarmouth Avenue and Yarmouth Place,1,0,false,false,false,false,false,false,https://www.gunviolencearchive.org/incident/262965
259578,2014-12-06,39.2806,-84.5003,Forest Park,Ohio,637 Northland Blvd,0,1,false,false,false,false,false,false,https://www.gunviolencearchive.org/incident/259578
226921,2014-12-02,39.1877,-84.5731,Cincinnati,Ohio,5303 East Knoll Court,1,0,false,false,false,false,false,false,https://www.gunviolencearchive.org/incident/226921
226394,2014-12-01,39.13114052941766,-84.48705898951025,Cincinnati,Ohio,2900 block of Monfort Street,1,0,false,false,false,false,false,false,https://www.gunviolencearchive.org/incident/226394
226396,2014-11-30,39.1452,-84.5628,Cincinnati,Ohio,2200 block of Baltimore Avenue,1,0,false,false,false,false,false,false,https://www.gunviolencearchive.org/incident/226396
226061,2014-11-29,39.10874052941765,-84.51245898951025,Cincinnati,Ohio,1200 block of Clay Street,1,0,false,false,false,false,false,false,https://www.gunviolencearchive.org/incident/226061
225318,2014-11-26,39.1355,-84.5095,Cincinnati,Ohio,Jefferson Avenue and Martin Luther King Drive,1,0,false,false,false,false,false,false,https://www.gunviolencearchive.org/incident/225318
224556,2014-11-25,39.149,-84.6154,Cheviot,Ohio,Albert and Applegate,0,1,false,false,false,false,false,false,https://www.gunviolencearchive.org/incident/224556
223160,2014-11-20,39.116079098165955,-84.52735755415765,Cincinnati,Ohio,Findlay Street and Linn Street,1,0,false,false,false,false,false,false,https://www.gunviolencearchive.org/incident/223160
222899,2014-11-19,39.14174052941765,-84.58285898951026,Cincinnati,Ohio,2500 block Harrison Avenue,1,0,false,false,false,false,false,false,https://www.gunviolencearchive.org/incident/222899
222896,2014-11-19,39.1363,-84.6047,Cincinnati,Ohio,Boudinot and Queen City,1,0,false,false,false,false,false,false,https://www.gunviolencearchive.org/incident/222896
221956,2014-11-17,39.22454052941765,-84.45075898951025,Lockland,Ohio,600 block of Wyoming Avenue,0,2,false,false,false,false,false,false,https://www.gunviolencearchive.org/incident/221956
219515,2014-11-10,39.133,-84.5091,Cincinnati,Ohio,2902 Vine St,1,0,false,false,false,false,false,false,https://www.gunviolencearchive.org/incident/219515
218184,2014-11-10,39.1161,-84.5084,Cincinnati,Ohio,1900 block of Bigelow Street,0,1,false,false,false,false,false,false,https://www.gunviolencearchive.org/incident/218184
219436,2014-11-09,39.2453,-84.5428,Cincinnati,Ohio,Arvin Avenue,0,1,false,false,false,false,false,false,https://www.gunviolencearchive.org/incident/219436
217386,2014-11-08,39.2028,-84.5446,Cincinnati,Ohio,1500 block of West North Bend Road,1,0,false,false,false,false,false,false,https://www.gunviolencearchive.org/incident/217386
217380,2014-11-08,39.14841547208421,-84.55329010890834,Cincinnati,Ohio,Millvale Court,0,1,false,false,false,false,false,false,https://www.gunviolencearchive.org/incident/217380
216367,2014-11-06,39.209,-84.3876,Cincinnati,Ohio,4500 block of Taylor Ave,1,0,false,false,false,false,false,false,https://www.gunviolencearchive.org/incident/216367
216323,2014-11-05,39.1891,-84.5163,Cincinnati,Ohio,5400 block of Hebron Court,1,0,false,false,false,false,false,false,https://www.gunviolencearchive.org/incident/216323
216055,2014-11-05,39.1423,-84.4921,Cincinnati,Ohio,800 block of Cleveland Avenue,2,0,false,false,false,false,false,false,https://www.gunviolencearchive.org/incident/216055
215260,2014-11-03,39.20472799037533,-84.45754906446436,Cincinnati,Ohio,7800 block of Newbedford Avenue,1,0,false,false,false,false,false,false,https://www.gunviolencearchive.org/incident/215260
214681,2014-11-01,39.1254,-84.5048,Cincinnati,Ohio,200 block of Kinsey Avenue,0,1,false,false,false,true,false,false,https://www.gunviolencearchive.org/incident/214681
214446,2014-11-01,39.15167909816595,-84.48565755415765,Cincinnati,Ohio,Burton Avenue and Reading Road,1,0,false,false,false,false,false,false,https://www.gunviolencearchive.org/incident/214446
220100,2014-10-29,39.2808,-84.4956,Forest Park,Ohio,11010 Southland Rd,1,0,false,false,false,false,false,false,https://www.gunviolencearchive.org/incident/220100
213402,2014-10-28,39.178840529417656,-84.51245898951025,Cincinnati,Ohio,600 block of King's Run Drive,1,0,false,false,false,false,false,false,https://www.gunviolencearchive.org/incident/213402
212596,2014-10-28,39.186,-84.4891,Elmwood Place,Ohio,Linden and Vine,1,0,false,false,false,false,false,false,https://www.gunviolencearchive.org/incident/212596
212582,2014-10-28,39.18604052941765,-84.48915898951024,Cincinnati,Ohio,Linden St and Vine St,1,0,false,false,false,false,false,false,https://www.gunviolencearchive.org/incident/212582
212470,2014-10-27,39.1706,-84.5379,Cincinnati,Ohio,1500 block of Glen Parker Ave,1,0,false,false,false,false,false,false,https://www.gunviolencearchive.org/incident/212470
210372,2014-10-24,39.1983,-84.466,Springfield,Ohio,1400 block of Section Road,1,0,false,false,false,false,false,false,https://www.gunviolencearchive.org/incident/210372
209629,2014-10-22,39.199,-84.4696,Cincinnati,Ohio,1200 block of Section Rd,1,0,false,false,false,false,false,false,https://www.gunviolencearchive.org/incident/209629
209009,2014-10-19,39.1407,-84.5507,Cincinnati,Ohio,3100 block of Moosewood Avenue,1,0,false,false,false,false,false,false,https://www.gunviolencearchive.org/incident/209009
207393,2014-10-17,39.1762,-84.4753,Cincinnati,Ohio,1306 California Ave,1,0,false,false,false,false,false,false,https://www.gunviolencearchive.org/incident/207393
207249,2014-10-17,39.131,-84.484,Cincinnati,Ohio,1200 block of Chapel Street,3,0,false,false,false,false,false,true,https://www.gunviolencearchive.org/incident/207249
205181,2014-10-12,39.146,-84.49,Cincinnati,Ohio,Reading Road and Lexington Avenue,1,0,false,false,false,false,false,false,https://www.gunviolencearchive.org/incident/205181
198970,2014-09-30,39.14745912192929,-84.4890975556292,Cincinnati,Ohio,3600 block of Reading Road,1,0,false,false,false,false,false,false,https://www.gunviolencearchive.org/incident/198970
198843,2014-09-30,39.1894,-84.4632,Cincinnati,Ohio,7100 block of Reading Road,0,1,false,false,false,false,false,false,https://www.gunviolencearchive.org/incident/198843
204121,2014-09-29,39.1173,-84.5791,Cincinnati,Ohio,4000 block of West Liberty Street,0,1,false,false,false,false,false,false,https://www.gunviolencearchive.org/incident/204121
198974,2014-09-29,39.1652,-84.5343,Cincinnati,Ohio,1400 block of Apjones Street,1,0,false,false,false,false,false,false,https://www.gunviolencearchive.org/incident/198974
198972,2014-09-29,39.189215472084214,-84.56709010890835,Cincinnati,Ohio,5300 block of Bahama Terrace,1,0,false,false,false,false,false,false,https://www.gunviolencearchive.org/incident/198972
198457,2014-09-29,39.13841547208421,-84.55269010890835,Cincinnati,Ohio,Knob Ct,1,0,false,false,false,false,false,false,https://www.gunviolencearchive.org/incident/198457
197360,2014-09-28,39.1263,-84.5489,Cincinnati,Ohio,1600 block of Harrison Ave,1,0,false,false,false,false,false,false,https://www.gunviolencearchive.org/incident/197360
197733,2014-09-27,39.12624052941765,-84.54895898951025,Cincinnati,Ohio,1600 block of Harrison Ave,1,0,false,false,false,false,false,false,https://www.gunviolencearchive.org/incident/197733
197329,2014-09-27,39.2746,-84.5527,Cincinnati,Ohio,1900 block of Mistyhill Dr,1,0,false,true,false,false,false,false,https://www.gunviolencearchive.org/incident/197329
196972,2014-09-25,39.149,-84.5697,Cincinnati,Ohio,3500 block of McHenry Avenue,1,0,false,false,false,false,false,false,https://www.gunviolencearchive.org/incident/196972
193922,2014-09-20,39.1988,-84.542,Cincinnati,Ohio,5000 block of Lantana Ave,1,0,false,false,false,false,false,false,https://www.gunviolencearchive.org/incident/193922
193700,2014-09-20,39.2504,-84.3682,Blue Ash,Ohio,5900 Pfeiffer Rd,1,0,false,false,false,false,false,false,https://www.gunviolencearchive.org/incident/193700
193071,2014-09-18,39.1941,-84.5381,Cincinnati,Ohio,Groesbeck Road,1,0,false,false,false,false,false,false,https://www.gunviolencearchive.org/incident/193071
192534,2014-09-17,39.1403,-84.6008,Cincinnati,Ohio,Epworth Ave and Werk Rd,2,0,false,true,false,false,false,false,https://www.gunviolencearchive.org/incident/192534
193394,2014-09-16,39.18944052941765,-84.46325898951025,Cincinnati,Ohio,7100 block of Reading Road,1,0,false,false,false,false,true,false,https://www.gunviolencearchive.org/incident/193394
192133,2014-09-16,39.14854052941765,-84.60005898951025,Cincinnati,Ohio,Epworth Ave,1,0,false,false,false,false,false,false,https://www.gunviolencearchive.org/incident/192133
191810,2014-09-15,39.1419,-84.5858,Westwood,Ohio,Harrison Avenue and Woodrow,1,0,false,false,false,false,false,false,https://www.gunviolencearchive.org/incident/191810
191418,2014-09-15,39.1082,-84.5156,Cincinnati,Ohio,12th and Republic,1,0,false,false,false,false,false,false,https://www.gunviolencearchive.org/incident/191418
191278,2014-09-14,39.19414052941765,-84.53815898951025,Cincinnati,Ohio,Groesbeck Road,1,0,false,false,false,false,false,false,https://www.gunviolencearchive.org/incident/191278
190894,2014-09-14,39.11478247340933,-84.51451569223836,Cincinnati,Ohio,East McMicken Avenue and Lang Street,1,0,false,false,false,false,false,false,https://www.gunviolencearchive.org/incident/190894
190892,2014-09-14,39.1949,-84.5401,Cincinnati,Ohio,5700 block of Kenneth Avenue,1,0,false,false,false,false,false,false,https://www.gunviolencearchive.org/incident/190892
190789,2014-09-13,39.1241,-84.5063,Cincinnati,Ohio,256 Helen Avenue,1,0,false,false,false,false,false,false,https://www.gunviolencearchive.org/incident/190789
190761,2014-09-13,39.1084,-84.5836,Cincinnati,Ohio,Rosemont Avenue,0,1,false,true,false,false,false,false,https://www.gunviolencearchive.org/incident/190761
190535,2014-09-12,39.13614052941765,-84.57165898951025,Cincinnati,Ohio,Karla Drive,1,0,false,false,false,false,false,false,https://www.gunviolencearchive.org/incident/190535
190172,2014-09-12,39.1868,-84.4644,Cincinnati,Ohio,7000 block of Reading Road,1,0,false,false,false,false,false,false,https://www.gunviolencearchive.org/incident/190172
189979,2014-09-12,39.15257909816595,-84.48455755415765,Cincinnati,Ohio,North Fred Shuttlesworth Circle and Reading Road,1,0,false,false,false,false,false,false,https://www.gunviolencearchive.org/incident/189979
190176,2014-09-11,39.130040529417656,-84.49215898951024,Cincinnati,Ohio,Stanton Avenue,1,0,false,false,false,false,false,false,https://www.gunviolencearchive.org/incident/190176
195509,2014-09-10,39.188440529417655,-84.51135898951026,Cincinnati,Ohio,5400 block of Bettman Drive,1,0,false,false,false,false,false,false,https://www.gunviolencearchive.org/incident/195509
195507,2014-09-10,39.18924052941765,-84.51285898951025,Cincinnati,Ohio,5400 block of Holland Drive,0,1,false,false,false,false,false,false,https://www.gunviolencearchive.org/incident/195507
188291,2014-09-07,39.14581547208421,-84.49509010890834,Cincinnati,Ohio,600 block of Forest Avenue,1,0,false,false,false,false,false,false,https://www.gunviolencearchive.org/incident/188291
186228,2014-09-04,39.14484052941765,-84.49535898951025,Cincinnati,Ohio,3500 block of Washington Avenue,1,0,false,false,false,false,false,false,https://www.gunviolencearchive.org/incident/186228
187284,2014-09-04,39.1549,-84.5484,Cincinnati,Ohio,Borden and Weber,0,1,false,false,false,false,false,false,https://www.gunviolencearchive.org/incident/187284
185060,2014-09-01,39.156882473409325,-84.55861569223836,Cincinnati,Ohio,2300 block of Nottingham Road,0,1,false,false,false,false,false,false,https://www.gunviolencearchive.org/incident/185060
185045,2014-09-01,39.1915,-84.538,Cincinnati,Ohio,5600 block of Folchi Drive,1,0,false,false,false,false,false,false,https://www.gunviolencearchive.org/incident/185045
184988,2014-09-01,39.18938247340933,-84.56701569223836,Cincinnati,Ohio,Bahama Terrace,1,0,false,false,false,false,false,false,https://www.gunviolencearchive.org/incident/184988
183522,2014-08-31,39.11814052941765,-84.52385898951025,Cincinnati,Ohio,400 block of Dayton St,1,0,false,false,false,false,false,false,https://www.gunviolencearchive.org/incident/183522
184569,2014-08-31,39.2409,-84.7718,Harrison,Ohio,I-74 and Dry Fork Rd,1,0,false,false,false,false,false,true,https://www.gunviolencearchive.org/incident/184569
182390,2014-08-27,39.197,-84.5456,Cincinnati,Ohio,5800 block of Hamilton Avenue,1,0,false,false,false,false,false,false,https://www.gunviolencearchive.org/incident/182390
181501,2014-08-26,39.12944052941765,-84.48215898951025,Cincinnati,Ohio,2800 block of Ashland Avenue,0,1,false,false,false,false,false,false,https://www.gunviolencearchive.org/incident/181501
179937,2014-08-23,39.2464,-84.5842,Cincinnati,Ohio,3200 block of Niagara Street,0,1,false,false,false,false,false,false,https://www.gunviolencearchive.org/incident/179937
179930,2014-08-23,39.20284052941766,-84.54465898951025,Cincinnati,Ohio,1500 block of West North Bend Road,0,1,false,false,false,false,true,false,https://www.gunviolencearchive.org/incident/179930
178762,2014-08-21,39.1167,-84.5707,Cincinnati,Ohio,3642 W. Liberty St.,1,0,false,false,false,false,false,false,https://www.gunviolencearchive.org/incident/178762
178387,2014-08-19,39.139,-84.4984,Cincinnati,Ohio,Harvey Avenue and Carplin,1,0,false,false,false,false,false,false,https://www.gunviolencearchive.org/incident/178387
177373,2014-08-18,39.139040529417656,-84.49845898951025,Cincinnati,Ohio,500 block of Carplin Place,0,2,false,false,false,false,false,false,https://www.gunviolencearchive.org/incident/177373
176182,2014-08-17,39.1871,-84.4848,Cincinnati,Ohio,Poplar Street,1,0,false,false,false,false,false,false,https://www.gunviolencearchive.org/incident/176182
176180,2014-08-17,39.1062,-84.5732,Cincinnati,Ohio,800 block of Enright Avenue,1,0,false,false,false,false,false,false,https://www.gunviolencearchive.org/incident/176180
175381,2014-08-15,39.1142,-84.5756,Cincinnati,Ohio,1200 block of Quebec Road,1,0,false,false,false,false,false,false,https://www.gunviolencearchive.org/incident/175381
173583,2014-08-12,39.1238,-84.516,Cincinnati,Ohio,2300 block of Ohio Avenue,0,1,false,false,false,false,false,false,https://www.gunviolencearchive.org/incident/173583
173388,2014-08-12,39.172,-84.3937,Madeira,Ohio,5000 block of Windridge Dr,1,0,false,false,false,false,true,false,https://www.gunviolencearchive.org/incident/173388
173405,2014-08-10,39.1137,-84.5678,Cincinnati,Ohio,1200 block of Fairbanks Avenue,1,0,false,false,false,true,false,false,https://www.gunviolencearchive.org/incident/173405
172353,2014-08-10,39.1804,-84.4197,Cincinnati,Ohio,3400 block of Woodford Road,1,0,false,false,false,false,false,false,https://www.gunviolencearchive.org/incident/172353
172351,2014-08-10,39.2718,-84.5686,Cincinnati,Ohio,Impala Dr,1,0,true,false,false,true,false,false,https://www.gunviolencearchive.org/incident/172351
173749,2014-08-09,39.1808,-84.4272,Cincinnati,Ohio,3200 block of Woodford Place,1,0,false,false,false,false,false,false,https://www.gunviolencearchive.org/incident/173749
172034,2014-08-06,39.2428,-84.576,Cincinnati,Ohio,9452 Pippin Rd,1,0,false,false,false,true,false,false,https://www.gunviolencearchive.org/incident/172034
169621,2014-08-04,39.1371,-84.4765,Cincinnati,Ohio,Gilbert Avenue and Dixmont Avenue.,0,1,false,true,false,false,false,false,https://www.gunviolencearchive.org/incident/169621
176919,2014-08-01,39.15514052941765,-84.56095898951025,Cincinnati,Ohio,2400 block of Williamsburg Drive,1,0,false,false,false,false,false,false,https://www.gunviolencearchive.org/incident/176919
167824,2014-08-01,39.1457,-84.3772,Cincinnati,Ohio,700 block of West Court St,0,1,false,false,false,false,false,false,https://www.gunviolencearchive.org/incident/167824
167954,2014-07-30,39.12,-84.5794,Cincinnati,Ohio,1700 block of Iliff Avenue,1,0,false,false,false,false,false,false,https://www.gunviolencearchive.org/incident/167954
166194,2014-07-29,39.112879098165955,-84.51515755415765,Cincinnati,Ohio,30 East Liberty Street,1,0,false,false,false,false,false,false,https://www.gunviolencearchive.org/incident/166194
164860,2014-07-27,39.1142,-84.5196,Cincinnati,Ohio,100 block of Green Street,3,0,false,false,false,true,false,false,https://www.gunviolencearchive.org/incident/164860
172509,2014-07-25,39.2228,-84.4536,Lockland,Ohio,Williams Street,0,1,false,false,false,false,false,false,https://www.gunviolencearchive.org/incident/172509
164463,2014-07-25,39.2246,-84.4527,Cincinnati,Ohio,131 Williams St,0,1,false,false,false,false,false,false,https://www.gunviolencearchive.org/incident/164463
163902,2014-07-24,39.1288,-84.5702,Cincinnati,Ohio,2100 Queen City Avenue,1,1,false,false,false,false,false,false,https://www.gunviolencearchive.org/incident/163902
162750,2014-07-22,39.1167,-84.5153,Cincinnati,Ohio,E. Clifton Ave,1,0,false,false,false,false,false,false,https://www.gunviolencearchive.org/incident/162750
162723,2014-07-22,39.14471547208421,-84.49529010890835,Cincinnati,Ohio,600 Rockdale Avenue,1,0,false,false,false,false,false,false,https://www.gunviolencearchive.org/incident/162723
161679,2014-07-21,39.2436,-84.576,Cincinnati,Ohio,9517 Pippin Rd,1,0,false,false,false,false,false,false,https://www.gunviolencearchive.org/incident/161679
169418,2014-07-19,39.28934052941765,-84.50235898951026,Cincinnati,Ohio,Fairborn Rd and Framingham Dr,1,0,false,false,false,false,false,true,https://www.gunviolencearchive.org/incident/169418
2208887,2014-07-19,39.2814,-84.496,Cincinnati,Ohio,Northland Blvd,1,0,false,false,false,false,false,false,https://www.gunviolencearchive.org/incident/2208887
160539,2014-07-18,39.2084,-84.5585,Cincinnati,Ohio,Innes Ave,1,0,false,false,false,false,false,false,https://www.gunviolencearchive.org/incident/160539
159839,2014-07-15,39.2683,-84.2794,Loveland,Ohio,1500 West Main Street,1,0,false,false,false,true,true,false,https://www.gunviolencearchive.org/incident/159839
158292,2014-07-13,39.10608247340933,-84.57091569223836,Cincinnati,Ohio,McPherson Avenue and W. 8th Street,1,0,false,false,false,false,false,false,https://www.gunviolencearchive.org/incident/158292
157928,2014-07-12,39.148379098165954,-84.55145755415765,Cincinnati,Ohio,Millvale Ct and Beekman St,1,1,false,false,false,false,false,false,https://www.gunviolencearchive.org/incident/157928
157798,2014-07-11,39.2611,-84.5703,Cincinnati,Ohio,Fulbourne Dr and Pippin Rd,1,0,false,false,false,false,true,false,https://www.gunviolencearchive.org/incident/157798
157575,2014-07-10,39.2075,-84.4588,Cincinnati,Ohio,Glenorchard Drive,1,0,false,false,false,false,false,false,https://www.gunviolencearchive.org/incident/157575
156929,2014-07-09,39.1223,-84.5721,Cincinnati,Ohio,1900 Colony Drive,1,0,false,false,false,false,false,false,https://www.gunviolencearchive.org/incident/156929
156423,2014-07-08,39.275,-84.5593,Cincinnati,Ohio,10844 Sprucehill Dr,0,1,false,false,false,false,false,false,https://www.gunviolencearchive.org/incident/156423
155879,2014-07-07,39.2153,-84.5492,Cincinnati,Ohio,1600 De Armand Avenue,2,0,false,false,false,false,false,false,https://www.gunviolencearchive.org/incident/155879
155815,2014-07-06,39.10464052941765,-84.51385898951025,Cincinnati,Ohio,Vine Street and Garfield Place,0,1,false,false,false,false,false,false,https://www.gunviolencearchive.org/incident/155815
155081,2014-07-05,39.141140529417655,-84.49295898951026,Cincinnati,Ohio,Blair Avenue and Reading Road,1,0,false,false,false,false,false,false,https://www.gunviolencearchive.org/incident/155081
161715,2014-07-04,39.169440529417656,-84.45515898951025,Norwood,Ohio,Lawn Ave. and Silver St.,1,0,false,false,false,false,false,false,https://www.gunviolencearchive.org/incident/161715
155079,2014-07-04,39.169315472084214,-84.45509010890835,Cincinnati,Ohio,Silver Street and Lawn Avenue,1,0,false,false,false,false,false,false,https://www.gunviolencearchive.org/incident/155079
154724,2014-07-03,39.1016,-84.5122,Cincinnati,Ohio,1 Fountain Square Plaza,1,0,false,false,false,false,false,false,https://www.gunviolencearchive.org/incident/154724
153998,2014-07-02,39.275,-84.5549,Cincinnati,Ohio,Pleasanthill Drive,1,0,false,false,false,false,false,false,https://www.gunviolencearchive.org/incident/153998
158813,2014-06-30,39.13201547208421,-84.48799010890835,Cincinnati,Ohio,Gilbert and Lincoln,1,0,false,false,false,false,false,false,https://www.gunviolencearchive.org/incident/158813
158809,2014-06-29,39.1156,-84.518,Cincinnati,Ohio,1800 block of Race Street,1,0,false,false,false,false,false,false,https://www.gunviolencearchive.org/incident/158809
153172,2014-06-29,39.252,-84.5755,Cincinnati,Ohio,Dunnraven Drive,1,0,false,false,false,false,false,false,https://www.gunviolencearchive.org/incident/153172
152603,2014-06-29,39.14494052941765,-84.48995898951026,Cincinnati,Ohio,3500 block of Reading Road,1,0,false,false,false,false,false,false,https://www.gunviolencearchive.org/incident/152603
153178,2014-06-28,39.1604,-84.6295,Cincinnati,Ohio,5500 block of Marie Avenue,0,1,false,false,false,true,false,false,https://www.gunviolencearchive.org/incident/153178
151506,2014-06-26,39.1449,-84.4905,Cincinnati,Ohio,3500 Reading Road,0,1,false,false,false,false,false,false,https://www.gunviolencearchive.org/incident/151506
151878,2014-06-25,39.1315,-84.4942,Cincinnati,Ohio,Tuxedo Place and May,0,1,false,false,false,false,true,false,https://www.gunviolencearchive.org/incident/151878
156192,2014-06-24,39.127,-84.574,Cincinnati,Ohio,2200 block of Wyoming Avenue,1,0,false,false,false,false,false,false,https://www.gunviolencearchive.org/incident/156192
150558,2014-06-22,39.1757,-84.4801,Cincinnati,Ohio,1100 Carolina Avenue,1,0,false,false,false,false,false,false,https://www.gunviolencearchive.org/incident/150558
150088,2014-06-22,39.1764,-84.4803,Cincinnati,Ohio,1100 California Avenue,1,0,false,false,false,false,false,false,https://www.gunviolencearchive.org/incident/150088
148478,2014-06-18,39.1263,-84.5457,Cincinnati,Ohio,Beekman Street and Queen City Avenue,0,1,false,false,false,false,false,false,https://www.gunviolencearchive.org/incident/148478
148024,2014-06-17,39.149679098165954,-84.56165755415765,Cincinnati,Ohio,2300 Baltimore Avenue,0,1,false,false,false,false,false,false,https://www.gunviolencearchive.org/incident/148024
148022,2014-06-17,39.1032,-84.5531,Cincinnati,Ohio,Neave and Storrs,0,1,false,false,false,false,false,false,https://www.gunviolencearchive.org/incident/148022
147465,2014-06-15,39.1341,-84.4762,Cincinnati,Ohio,Dexter Ave and Woodburn Ave,1,0,false,false,false,true,false,false,https://www.gunviolencearchive.org/incident/147465
146502,2014-06-14,39.11701547208421,-84.52709010890835,Cincinnati,Ohio,Linn and York Streets,1,0,false,false,false,false,false,false,https://www.gunviolencearchive.org/incident/146502
146506,2014-06-13,39.18818247340933,-84.56491569223836,Cincinnati,Ohio,5300 Bahama Terrace,1,0,false,false,false,false,false,false,https://www.gunviolencearchive.org/incident/146506
146499,2014-06-13,39.11024052941765,-84.56325898951025,Cincinnati,Ohio,3200 block of Warsaw,1,0,false,false,false,false,false,false,https://www.gunviolencearchive.org/incident/146499
146234,2014-06-13,39.1076,-84.5112,Cincinnati,Ohio,Main Street and Central Parkway,2,0,false,false,false,false,false,false,https://www.gunviolencearchive.org/incident/146234
146238,2014-06-12,39.1603,-84.4652,Norwood,Ohio,Carter and Cleveland Avenues,1,0,false,false,false,false,false,true,https://www.gunviolencearchive.org/incident/146238
145712,2014-06-12,39.151,-84.491,Cincinnati,Ohio,Eaton Lane,1,0,false,false,false,false,false,false,https://www.gunviolencearchive.org/incident/145712
145426,2014-06-12,39.146,-84.5726,Cincinnati,Ohio,McHenry Ave,1,0,false,false,false,false,false,false,https://www.gunviolencearchive.org/incident/145426
145714,2014-06-11,39.2083,-84.4597,Cincinnati,Ohio,Hartland and Greeland,1,0,false,false,false,false,false,false,https://www.gunviolencearchive.org/incident/145714
145412,2014-06-11,39.1437,-84.5591,Cincinnati,Ohio,1968 Westwood Northern Boulevard,1,0,false,false,false,false,false,false,https://www.gunviolencearchive.org/incident/145412
144045,2014-06-08,39.1634,-84.5419,Cincinnati,Ohio,1639 Chase Ave,0,1,false,false,false,false,false,false,https://www.gunviolencearchive.org/incident/144045
156419,2014-06-06,39.10444052941765,-84.51555898951025,Cincinnati,Ohio,100 Garfield Place,3,0,false,false,false,false,false,true,https://www.gunviolencearchive.org/incident/156419
142957,2014-06-05,39.1379,-84.4751,Cincinnati,Ohio,3306 Montgomery Rd,0,1,false,false,false,false,false,false,https://www.gunviolencearchive.org/incident/142957
141720,2014-06-01,39.1132,-84.5754,Cincinnati,Ohio,3703 Warsaw Ave,1,0,false,false,false,false,false,false,https://www.gunviolencearchive.org/incident/141720
142620,2014-05-31,39.162,-84.384,Cincinnati,Ohio,6500 block of Desmond Street,0,1,false,false,false,false,false,false,https://www.gunviolencearchive.org/incident/142620
140427,2014-05-28,39.2242,-84.4391,Cincinnati,Ohio,8th Eighth and Vine Streets,1,0,false,false,false,false,false,false,https://www.gunviolencearchive.org/incident/140427
140420,2014-05-27,39.17648247340933,-84.50891569223836,Cincinnati,Ohio,400 Kings Run Drive,1,0,false,false,false,false,false,false,https://www.gunviolencearchive.org/incident/140420
139751,2014-05-26,39.10921547208421,-84.52779010890835,Cincinnati,Ohio,1301 Linn St,0,1,false,false,false,false,false,false,https://www.gunviolencearchive.org/incident/139751
139133,2014-05-25,39.1374,-84.5547,Cincinnati,Ohio,1900 block of Sutter Ave.,1,0,false,false,false,false,false,false,https://www.gunviolencearchive.org/incident/139133
139131,2014-05-25,39.10444052941765,-84.51385898951025,Cincinnati,Ohio,Eighth and Vine,1,0,false,false,false,false,false,false,https://www.gunviolencearchive.org/incident/139131
136678,2014-05-19,39.13221547208421,-84.49009010890835,Cincinnati,Ohio,Lincoln and Melrose Avenue,2,0,false,false,false,false,false,false,https://www.gunviolencearchive.org/incident/136678
136675,2014-05-18,39.1173,-84.528,Cincinnati,Ohio,816 York Street,1,0,false,false,false,false,false,false,https://www.gunviolencearchive.org/incident/136675
138382,2014-05-16,39.1536,-84.5504,Cincinnati,Ohio,3700 block of Beekman Street,0,1,false,false,false,false,false,false,https://www.gunviolencearchive.org/incident/138382
135019,2014-05-13,39.138340529417654,-84.47895898951025,Cincinnati,Ohio,1500 St. Leger Place,0,1,false,false,false,false,false,false,https://www.gunviolencearchive.org/incident/135019
134210,2014-05-11,39.1079,-84.5598,Cincinnati,Ohio,934 Chateau,2,0,false,false,false,false,false,false,https://www.gunviolencearchive.org/incident/134210
133475,2014-05-10,39.119,-84.5244,Cincinnati,Ohio,400 block of Whiteman St,0,1,false,false,false,false,false,false,https://www.gunviolencearchive.org/incident/133475
133179,2014-05-07,39.1886,-84.4825,Elmwood Place,Ohio,6600 Hasler Lane,0,2,false,false,false,false,true,false,https://www.gunviolencearchive.org/incident/133179
132916,2014-05-07,39.1379,-84.5564,Cincinnati,Ohio,Bleeker Avenue and Sutter Lane,0,1,false,false,false,false,false,false,https://www.gunviolencearchive.org/incident/132916
193526,2014-05-07,39.238,-84.4576,Cincinnati,Ohio,Leggett St and Behles Ave,1,0,false,false,false,false,false,false,https://www.gunviolencearchive.org/incident/193526
227405,2014-05-06,39.1466,-84.5062,Cincinnati,Ohio,3500 block of Dick Street,1,0,false,false,false,false,false,false,https://www.gunviolencearchive.org/incident/227405
131470,2014-05-02,39.1891,-84.5738,Cincinnati,Ohio,2700 West North Bend Road,1,2,false,false,false,false,false,false,https://www.gunviolencearchive.org/incident/131470
193532,2014-04-30,39.14664052941765,-84.50625898951026,Cincinnati,Ohio,3500 block of Dick Street,1,0,false,false,false,false,false,false,https://www.gunviolencearchive.org/incident/193532
130495,2014-04-28,39.2145,-84.4549,Arlington Heights,Ohio,Blanche Ave,0,1,false,false,false,false,false,false,https://www.gunviolencearchive.org/incident/130495
129749,2014-04-27,39.14858247340933,-84.55321569223835,Cincinnati,Ohio,Millvale Ct,1,0,false,false,false,false,false,false,https://www.gunviolencearchive.org/incident/129749
129934,2014-04-27,39.14847909816595,-84.55345755415765,Cincinnati,Ohio,2000 block of Millvale Ct,1,0,false,false,false,false,false,false,https://www.gunviolencearchive.org/incident/129934
129275,2014-04-24,39.1737,-84.4723,Cincinnati,Ohio,Yarmouth Avenue,1,0,false,false,false,false,false,false,https://www.gunviolencearchive.org/incident/129275
127996,2014-04-21,39.1118,-84.5261,Cincinnati,Ohio,700 David Street,1,0,false,false,false,false,false,false,https://www.gunviolencearchive.org/incident/127996
127613,2014-04-21,39.2132,-84.4646,Cincinnati,Ohio,Curzon Avenue and Hunsford Street,0,1,false,false,false,false,false,false,https://www.gunviolencearchive.org/incident/127613
127186,2014-04-19,39.1353,-84.4964,Cincinnati,Ohio,3100 Reading Road,0,1,false,false,false,false,false,false,https://www.gunviolencearchive.org/incident/127186
126602,2014-04-17,39.1482,-84.6092,Cincinnati,Ohio,3200 Broadwell,2,0,false,false,false,false,false,false,https://www.gunviolencearchive.org/incident/126602
125293,2014-04-14,39.17902799037533,-84.51114906446436,Cincinnati,Ohio,Craft Street,1,0,false,false,false,false,false,false,https://www.gunviolencearchive.org/incident/125293
124923,2014-04-11,39.215240529417656,-84.46665898951025,Cincinnati,Ohio,Sheehan Ave and Woobine Ave,1,0,false,false,false,false,false,false,https://www.gunviolencearchive.org/incident/124923
124330,2014-04-10,39.142440529417655,-84.58195898951026,Cincinnati,Ohio,Gate Street and Percy Avenue,0,1,false,false,false,false,false,false,https://www.gunviolencearchive.org/incident/124330
124190,2014-04-10,39.1891,-84.5144,Cincinnati,Ohio,5400 Winneste Avenue,1,0,false,false,false,false,false,false,https://www.gunviolencearchive.org/incident/124190
124188,2014-04-10,39.1423,-84.581,Cincinnati,Ohio,3000 Worthington Ave,0,1,false,false,false,false,false,false,https://www.gunviolencearchive.org/incident/124188
123327,2014-04-09,39.1305,-84.6196,Cincinnati,Ohio,2165 Woodmere Ct,0,1,false,false,false,false,false,false,https://www.gunviolencearchive.org/incident/123327
123528,2014-04-08,39.1261,-84.4926,Cincinnati,Ohio,McMillan Street and Stanton Avenue,1,0,false,false,false,false,false,false,https://www.gunviolencearchive.org/incident/123528
122643,2014-04-06,39.1973,-84.566,Cincinnati,Ohio,2300 block of W North Bend Rd,1,0,false,false,false,false,false,false,https://www.gunviolencearchive.org/incident/122643
122498,2014-04-05,39.2023,-84.6,Cincinnati,Ohio,6000 block of Cheviot Rd,1,0,false,false,false,false,false,false,https://www.gunviolencearchive.org/incident/122498
120402,2014-03-30,39.1426,-84.498,Cincinnati,Ohio,Maple and Harvey Avenues,1,0,false,false,false,false,false,false,https://www.gunviolencearchive.org/incident/120402
120060,2014-03-28,39.14494052941765,-84.49055898951025,Cincinnati,Ohio,3500 Reading Road,0,1,false,false,false,true,false,false,https://www.gunviolencearchive.org/incident/120060
119475,2014-03-28,39.212040529417656,-84.54045898951026,Cincinnati,Ohio,Oak Knoll Dr,1,0,false,true,false,false,false,false,https://www.gunviolencearchive.org/incident/119475
121344,2014-03-28,39.211915472084215,-84.54039010890835,Cincinnati,Ohio,Oak Knoll Dr,1,0,false,true,false,false,false,false,https://www.gunviolencearchive.org/incident/121344
120400,2014-03-27,39.2838,-84.469,Springdale,Ohio,30 Tri County Pkwy,1,0,false,false,false,false,false,false,https://www.gunviolencearchive.org/incident/120400
117136,2014-03-21,39.1282,-84.4982,Cincinnati,Ohio,600 William Howard Taft Road,3,1,false,false,false,false,false,false,https://www.gunviolencearchive.org/incident/117136
115348,2014-03-15,39.11454052941765,-84.51665898951025,Cincinnati,Ohio,1000 block of Church St,1,0,false,false,false,false,false,false,https://www.gunviolencearchive.org/incident/115348
114120,2014-03-11,39.134,-84.5473,Cincinnati,Ohio,1600 Baltimore Av.,0,1,false,false,false,false,false,false,https://www.gunviolencearchive.org/incident/114120
113667,2014-03-10,39.1132,-84.5211,Cincinnati,Ohio,Liberty Street and Central Ave,1,0,false,false,false,false,false,false,https://www.gunviolencearchive.org/incident/113667
113159,2014-03-09,39.11574052941765,-84.51585898951025,Cincinnati,Ohio,41 East McMicken Ave,1,0,false,false,false,false,false,false,https://www.gunviolencearchive.org/incident/113159
112770,2014-03-07,39.11454052941765,-84.51575898951025,Cincinnati,Ohio,1300 block of Hamer Street,0,1,false,false,false,false,false,false,https://www.gunviolencearchive.org/incident/112770
112879,2014-03-07,39.14481547208421,-84.48989010890836,Cincinnati,Ohio,3500 block of Reading Road,1,0,false,false,false,false,false,true,https://www.gunviolencearchive.org/incident/112879
112121,2014-03-04,39.1451582155861,-84.49028745585333,Cincinnati,Ohio,Reading Rd and Hutchens Ave,1,0,false,false,false,false,false,false,https://www.gunviolencearchive.org/incident/112121
111168,2014-03-01,39.1214,-84.5262,Cincinnati,Ohio,W McMicken Ave and Ravine St,1,0,false,false,false,false,false,false,https://www.gunviolencearchive.org/incident/111168
111144,2014-03-01,39.1127,-84.5703,Cincinnati,Ohio,3600 block of Lasalle Ave,0,1,true,false,false,true,false,false,https://www.gunviolencearchive.org/incident/111144
111150,2014-03-01,39.149627990375336,-84.56164906446436,Cincinnati,Ohio,Baltimore Ave and McHenry Ave,0,1,false,false,false,false,false,false,https://www.gunviolencearchive.org/incident/111150
111156,2014-03-01,39.175,-84.5475,Cincinnati,Ohio,4645 Ashtree Dr,1,0,false,false,false,false,false,false,https://www.gunviolencearchive.org/incident/111156
110945,2014-02-28,39.2128,-84.5799,Cincinnati,Ohio,2800 block of Jonrose Ave,0,1,false,false,false,false,false,false,https://www.gunviolencearchive.org/incident/110945
110592,2014-02-27,39.1136,-84.5155,Cincinnati,Ohio,1600 block of Hamer Street,1,0,false,false,false,false,false,false,https://www.gunviolencearchive.org/incident/110592
110152,2014-02-25,39.1149,-84.5216,Cincinnati,Ohio,Elder Street and Central Parkway,1,0,false,false,false,false,false,false,https://www.gunviolencearchive.org/incident/110152
109383,2014-02-23,39.11677909816595,-84.51705755415766,Cincinnati,Ohio,Vine and Findlay,1,0,false,false,false,false,false,false,https://www.gunviolencearchive.org/incident/109383
109387,2014-02-22,39.2802,-84.4778,Springdale,Ohio,Ardwick Ln,1,0,false,false,false,false,false,false,https://www.gunviolencearchive.org/incident/109387
109114,2014-02-20,39.2738,-84.5669,Cincinnati,Ohio,2400 block of Roosevelt Ave,2,0,false,false,false,false,false,false,https://www.gunviolencearchive.org/incident/109114
108531,2014-02-20,39.165,-84.5335,Cincinnati,Ohio,Apjones Street,1,0,false,false,false,false,false,false,https://www.gunviolencearchive.org/incident/108531
108365,2014-02-19,39.1515,-84.4037,Cincinnati,Ohio,4200 block of Red Bank Road,0,1,false,false,false,false,false,false,https://www.gunviolencearchive.org/incident/108365
105604,2014-02-10,39.2191,-84.4891,Cincinnati,Ohio,7405 Constitution Dr,2,0,false,false,false,false,false,false,https://www.gunviolencearchive.org/incident/105604
105608,2014-02-07,39.2152,-84.4625,Cincinnati,Ohio,8400 block of Anthony Wayne Av,2,1,false,false,false,false,true,false,https://www.gunviolencearchive.org/incident/105608
103309,2014-02-02,39.1305,-84.5113,Cincinnati,Ohio,Jefferson Avenue and Charlton St,1,0,false,false,false,false,false,false,https://www.gunviolencearchive.org/incident/103309
102916,2014-02-01,39.13764052941765,-84.47585898951026,Cincinnati,Ohio,3300 block of Woodburn Av,0,1,false,false,false,false,false,false,https://www.gunviolencearchive.org/incident/102916
102685,2014-02-01,39.11508987626253,-84.52722059101727,Cincinnati,Ohio,Linn and Poplar,1,0,false,false,false,false,false,false,https://www.gunviolencearchive.org/incident/102685
102683,2014-01-31,39.0974,-84.5638,Cincinnati,Ohio,3119 Murdock Av,0,1,false,false,false,false,false,false,https://www.gunviolencearchive.org/incident/102683
101191,2014-01-27,39.1482,-84.5079,Cincinnati,Ohio,3600 block of Irving St,0,1,false,false,false,false,false,false,https://www.gunviolencearchive.org/incident/101191
100733,2014-01-26,39.107268680153524,-84.56592184293348,Cincinnati,Ohio,900 block of Elberon Av,1,0,false,false,false,false,false,false,https://www.gunviolencearchive.org/incident/100733
112809,2014-01-20,39.1492,-84.5078,Cincinnati,Ohio,3600 block of Irving St,1,1,false,false,false,false,false,false,https://www.gunviolencearchive.org/incident/112809
98540,2014-01-20,39.14744052941765,-84.50825898951025,Cincinnati,Ohio,Forest and Irving,1,1,false,false,false,false,false,false,https://www.gunviolencearchive.org/incident/98540
97677,2014-01-17,39.112,-84.572,Cincinnati,Ohio,Laclede Avenue and LaSalle St,1,0,false,false,false,false,false,false,https://www.gunviolencearchive.org/incident/97677
96512,2014-01-14,39.2387,-84.4575,Cincinnati,Ohio,Simmons Ave and Leggett St,2,0,false,false,false,false,false,false,https://www.gunviolencearchive.org/incident/96512
96518,2014-01-14,39.1138,-84.5701,Cincinnati,Ohio,Glenway Ave and McPherson Ave,2,0,false,false,false,false,false,false,https://www.gunviolencearchive.org/incident/96518
97192,2014-01-14,39.2393,-84.4544,Cincinnati,Ohio,1201 Steffen Avenue,2,0,false,false,false,false,false,false,https://www.gunviolencearchive.org/incident/97192
95331,2014-01-12,39.0935,-84.5734,Cincinnati,Ohio,800 Delhi Av,0,1,false,false,false,true,true,false,https://www.gunviolencearchive.org/incident/95331
95335,2014-01-11,39.2435,-84.5196,Cincinnati,Ohio,1000 block of Garnoa Drive,1,0,false,false,false,false,false,false,https://www.gunviolencearchive.org/incident/95335
94930,2014-01-10,39.20934052941765,-84.45005898951025,Cincinnati,Ohio,7700 block of Reading Road,1,0,false,false,false,false,false,false,https://www.gunviolencearchive.org/incident/94930
94147,2014-01-09,39.1221,-84.5307,Cincinnati,Ohio,600 block of W McMicken,0,1,false,false,false,false,false,false,https://www.gunviolencearchive.org/incident/94147
94151,2014-01-09,39.1437,-84.4945,Cincinnati,Ohio,3465 Knott St,0,2,false,false,false,false,false,false,https://www.gunviolencearchive.org/incident/94151
93875,2014-01-07,39.1412,-84.4969,Cincinnati,Ohio,3100 block Hallwood Place,0,1,false,false,false,false,false,false,https://www.gunviolencearchive.org/incident/93875
92168,2014-01-01,39.1452,-84.4743,Cincinnati,Ohio,1600 block of Potter Pl,0,1,false,false,false,false,false,false,https://www.gunviolencearchive.org/incident/92168